athlete_id,date,srpe_load_au,sessions,availability,acute_load_au,chronic_load_au,acwr_coupled,hsr_m,distance_m,wellness_total,wellness_total_z,wellness_status,wellness_baseline_n,wellness_change_points,form_submitted,wellness_review,cmj_date,cmj_cm,cmj_change_cm,cmj_noise_band_cm,cmj_state,cmj_wording,cmj_change_vs_band,cmj_change_vs_band_chosen,cmj_days_ago,acwr_note,in_last_28_days,name,group,email
A0001,2026-07-06,420.0,2,full,,,,259.0,4540.0,19.0,,baseline too short,0.0,,yes,,,,,,,,,,,ACWR describes how recent load compares with longer-term load. It does not predict injury.,no,Athlete 01,Defenders,a0001@example.edu
A0001,2026-07-07,270.0,1,full,,,,245.0,4688.0,20.0,,baseline too short,1.0,,yes,,2026-07-07,41.3333,,,Baseline,Baseline test,,,0.0,ACWR describes how recent load compares with longer-term load. It does not predict injury.,no,Athlete 01,Defenders,a0001@example.edu
A0001,2026-07-08,270.0,1,full,,,,183.0,3832.0,18.0,,baseline too short,2.0,,yes,,2026-07-07,41.3333,,,Baseline,Baseline test,,,1.0,ACWR describes how recent load compares with longer-term load. It does not predict injury.,no,Athlete 01,Defenders,a0001@example.edu
A0001,2026-07-09,470.0,2,full,,,,231.0,4420.0,20.0,,baseline too short,3.0,,yes,,2026-07-09,39.8,,,Baseline,Baseline test,,,0.0,ACWR describes how recent load compares with longer-term load. It does not predict injury.,no,Athlete 01,Defenders,a0001@example.edu
A0001,2026-07-10,,1,full,,,,191.0,2910.0,18.0,,baseline too short,4.0,,yes,,2026-07-09,39.8,,,Baseline,Baseline test,,,1.0,ACWR describes how recent load compares with longer-term load. It does not predict injury.,no,Athlete 01,Defenders,a0001@example.edu
A0001,2026-07-11,0.0,0,full,,,,0.0,0.0,20.0,,baseline too short,5.0,,yes,,2026-07-09,39.8,,,Baseline,Baseline test,,,2.0,ACWR describes how recent load compares with longer-term load. It does not predict injury.,no,Athlete 01,Defenders,a0001@example.edu
A0001,2026-07-12,0.0,0,full,,,,0.0,0.0,,,no form,,,not expected,,2026-07-09,39.8,,,Baseline,Baseline test,,,3.0,ACWR describes how recent load compares with longer-term load. It does not predict injury.,no,Athlete 01,Defenders,a0001@example.edu
A0001,2026-07-13,560.0,2,full,,,,223.0,4513.0,20.0,,baseline too short,6.0,,yes,,2026-07-09,39.8,,,Baseline,Baseline test,,,4.0,ACWR describes how recent load compares with longer-term load. It does not predict injury.,no,Athlete 01,Defenders,a0001@example.edu
A0001,2026-07-14,360.0,1,full,,,,180.0,4371.0,20.0,,baseline too short,7.0,,yes,,2026-07-14,39.4667,,,Baseline,Baseline test,,,0.0,ACWR describes how recent load compares with longer-term load. It does not predict injury.,no,Athlete 01,Defenders,a0001@example.edu
A0001,2026-07-15,360.0,1,full,,,,261.0,4413.0,22.0,,baseline too short,8.0,,yes,,2026-07-14,39.4667,,,Baseline,Baseline test,,,1.0,ACWR describes how recent load compares with longer-term load. It does not predict injury.,no,Athlete 01,Defenders,a0001@example.edu
A0001,2026-07-16,510.0,2,full,,,,305.0,4542.0,20.0,,baseline too short,9.0,,yes,,2026-07-14,39.4667,,,Baseline,Baseline test,,,2.0,ACWR describes how recent load compares with longer-term load. It does not predict injury.,no,Athlete 01,Defenders,a0001@example.edu
A0001,2026-07-17,120.0,1,full,272.8571,,,172.0,3026.0,,,no form,,,no,,2026-07-14,39.4667,,,Baseline,Baseline test,,,3.0,ACWR describes how recent load compares with longer-term load. It does not predict injury.,no,Athlete 01,Defenders,a0001@example.edu
A0001,2026-07-18,0.0,0,full,272.8571,,,0.0,0.0,19.0,,baseline too short,10.0,,yes,,2026-07-14,39.4667,,,Baseline,Baseline test,,,4.0,ACWR describes how recent load compares with longer-term load. It does not predict injury.,no,Athlete 01,Defenders,a0001@example.edu
A0001,2026-07-19,0.0,0,full,272.8571,,,0.0,0.0,,,no form,,,not expected,,2026-07-14,39.4667,,,Baseline,Baseline test,,,5.0,ACWR describes how recent load compares with longer-term load. It does not predict injury.,no,Athlete 01,Defenders,a0001@example.edu
A0001,2026-07-20,740.0,2,full,298.5714,,,421.0,8462.0,,,no form,,,no,,2026-07-14,39.4667,,,Baseline,Baseline test,,,6.0,ACWR describes how recent load compares with longer-term load. It does not predict injury.,no,Athlete 01,Defenders,a0001@example.edu
A0001,2026-07-21,630.0,1,full,337.1429,,,441.0,7477.0,19.0,,baseline too short,11.0,,yes,,2026-07-21,39.9333,,,Baseline,Baseline test,,,0.0,ACWR describes how recent load compares with longer-term load. It does not predict injury.,no,Athlete 01,Defenders,a0001@example.edu
A0001,2026-07-22,630.0,1,full,375.7143,,,515.0,7638.0,,,no form,,,no,,2026-07-21,39.9333,,,Baseline,Baseline test,,,1.0,ACWR describes how recent load compares with longer-term load. It does not predict injury.,no,Athlete 01,Defenders,a0001@example.edu
A0001,2026-07-23,840.0,2,full,422.8571,,,511.0,7490.0,21.0,,baseline too short,12.0,,yes,,2026-07-21,39.9333,,,Baseline,Baseline test,,,2.0,ACWR describes how recent load compares with longer-term load. It does not predict injury.,no,Athlete 01,Defenders,a0001@example.edu
A0001,2026-07-24,300.0,1,full,448.5714,,,317.0,4526.0,,,no form,,,no,,2026-07-21,39.9333,,,Baseline,Baseline test,,,3.0,ACWR describes how recent load compares with longer-term load. It does not predict injury.,no,Athlete 01,Defenders,a0001@example.edu
A0001,2026-07-25,0.0,0,full,448.5714,,,0.0,0.0,,,no form,,,no,,2026-07-21,39.9333,,,Baseline,Baseline test,,,4.0,ACWR describes how recent load compares with longer-term load. It does not predict injury.,no,Athlete 01,Defenders,a0001@example.edu
A0001,2026-07-26,0.0,0,full,448.5714,,,0.0,0.0,,,no form,,,not expected,,2026-07-21,39.9333,,,Baseline,Baseline test,,,5.0,ACWR describes how recent load compares with longer-term load. It does not predict injury.,no,Athlete 01,Defenders,a0001@example.edu
A0001,2026-07-27,790.0,2,full,455.7143,,,368.0,5625.0,21.0,,baseline too short,13.0,,yes,,2026-07-21,39.9333,,,Baseline,Baseline test,,,6.0,ACWR describes how recent load compares with longer-term load. It does not predict injury.,no,Athlete 01,Defenders,a0001@example.edu
A0001,2026-07-28,540.0,1,full,442.8571,,,337.0,5468.0,21.0,1.0825,ok,14.0,1.2143,yes,,2026-07-28,39.5333,,,Baseline,Baseline test,,,0.0,ACWR describes how recent load compares with longer-term load. It does not predict injury.,no,Athlete 01,Defenders,a0001@example.edu
A0001,2026-07-29,450.0,1,full,417.1429,,,423.0,5999.0,19.0,-0.7701,ok,15.0,-0.8667,yes,,2026-07-28,39.5333,,,Baseline,Baseline test,,,1.0,ACWR describes how recent load compares with longer-term load. It does not predict injury.,no,Athlete 01,Defenders,a0001@example.edu
A0001,2026-07-30,700.0,2,full,397.1429,,,289.0,5626.0,19.0,-0.7329,ok,16.0,-0.8125,yes,,2026-07-28,39.5333,,,Baseline,Baseline test,,,2.0,ACWR describes how recent load compares with longer-term load. It does not predict injury.,no,Athlete 01,Defenders,a0001@example.edu
A0001,2026-07-31,300.0,1,full,397.1429,,,193.0,4196.0,21.0,1.1318,ok,17.0,1.2353,yes,,2026-07-28,39.5333,,,Baseline,Baseline test,,,3.0,ACWR describes how recent load compares with longer-term load. It does not predict injury.,no,Athlete 01,Defenders,a0001@example.edu
A0001,2026-08-01,0.0,0,modified,397.1429,,,0.0,0.0,21.0,1.0624,ok,18.0,1.1667,yes,,2026-07-28,39.5333,,,Baseline,Baseline test,,,4.0,ACWR describes how recent load compares with longer-term load. It does not predict injury.,no,Athlete 01,Defenders,a0001@example.edu
A0001,2026-08-02,0.0,0,full,397.1429,,,0.0,0.0,,,no form,,,not expected,,2026-07-28,39.5333,,,Baseline,Baseline test,,,5.0,ACWR describes how recent load compares with longer-term load. It does not predict injury.,no,Athlete 01,Defenders,a0001@example.edu
A0001,2026-08-03,740.0,2,full,390.0,,,380.0,6301.0,20.0,0.0957,ok,19.0,0.1053,yes,,2026-07-28,39.5333,,,Baseline,Baseline test,,,6.0,ACWR describes how recent load compares with longer-term load. It does not predict injury.,no,Athlete 01,Defenders,a0001@example.edu
A0001,2026-08-04,630.0,1,full,402.8571,,,417.0,5737.0,19.0,-0.8782,ok,19.0,-0.9474,yes,,2026-08-04,40.3333,0.32,1.6333,No flag,Within measurement error,0.1959,-0.1959,0.0,ACWR describes how recent load compares with longer-term load. It does not predict injury.,no,Athlete 01,Defenders,a0001@example.edu
A0001,2026-08-05,360.0,1,full,390.0,,,374.0,5583.0,20.0,0.0957,ok,19.0,0.1053,yes,,2026-08-04,40.3333,0.32,1.6333,No flag,Within measurement error,0.1959,-0.1959,1.0,ACWR describes how recent load compares with longer-term load. It does not predict injury.,no,Athlete 01,Defenders,a0001@example.edu
A0001,2026-08-06,510.0,2,full,362.8571,,,347.0,5901.0,21.0,1.0,ok,19.0,1.0,yes,,2026-08-04,40.3333,0.32,1.6333,No flag,Within measurement error,0.1959,-0.1959,2.0,ACWR describes how recent load compares with longer-term load. It does not predict injury.,no,Athlete 01,Defenders,a0001@example.edu
A0001,2026-08-07,240.0,1,full,354.2857,368.2143,0.9622,193.0,3908.0,20.0,-0.0513,ok,19.0,-0.0526,yes,,2026-08-04,40.3333,0.32,1.6333,No flag,Within measurement error,0.1959,-0.1959,3.0,ACWR describes how recent load compares with longer-term load. It does not predict injury.,no,Athlete 01,Defenders,a0001@example.edu
A0001,2026-08-08,0.0,0,full,354.2857,368.2143,0.9622,0.0,0.0,21.0,0.9374,ok,19.0,0.8421,yes,,2026-08-04,40.3333,0.32,1.6333,No flag,Within measurement error,0.1959,-0.1959,4.0,ACWR describes how recent load compares with longer-term load. It does not predict injury.,no,Athlete 01,Defenders,a0001@example.edu
A0001,2026-08-09,0.0,0,full,354.2857,368.2143,0.9622,0.0,0.0,,,no form,,,not expected,,2026-08-04,40.3333,0.32,1.6333,No flag,Within measurement error,0.1959,-0.1959,5.0,ACWR describes how recent load compares with longer-term load. It does not predict injury.,no,Athlete 01,Defenders,a0001@example.edu
A0001,2026-08-10,790.0,2,full,361.4286,376.4286,0.9602,334.0,5775.0,17.0,-3.4986,ok,19.0,-3.2105,yes,review,2026-08-04,40.3333,0.32,1.6333,No flag,Within measurement error,0.1959,-0.1959,6.0,ACWR describes how recent load compares with longer-term load. It does not predict injury.,no,Athlete 01,Defenders,a0001@example.edu
A0001,2026-08-11,450.0,1,full,335.7143,379.6429,0.8843,257.0,5860.0,21.0,0.8047,ok,19.0,0.9474,yes,,2026-08-11,39.9667,-0.0467,1.6333,No flag,Within measurement error,-0.0286,0.0286,0.0,ACWR describes how recent load compares with longer-term load. It does not predict injury.,no,Athlete 01,Defenders,a0001@example.edu
A0001,2026-08-12,450.0,1,full,348.5714,382.8571,0.9104,340.0,6141.0,22.0,1.5829,ok,19.0,1.8947,yes,,2026-08-11,39.9667,-0.0467,1.6333,No flag,Within measurement error,-0.0286,0.0286,1.0,ACWR describes how recent load compares with longer-term load. It does not predict injury.,no,Athlete 01,Defenders,a0001@example.edu
A0001,2026-08-13,790.0,2,full,388.5714,392.8571,0.9891,375.0,6172.0,19.0,-0.9234,ok,19.0,-1.1053,yes,,2026-08-11,39.9667,-0.0467,1.6333,No flag,Within measurement error,-0.0286,0.0286,2.0,ACWR describes how recent load compares with longer-term load. It does not predict injury.,no,Athlete 01,Defenders,a0001@example.edu
A0001,2026-08-14,180.0,1,full,380.0,395.0,0.962,198.0,4033.0,20.0,-0.043,ok,19.0,-0.0526,yes,,2026-08-11,39.9667,-0.0467,1.6333,No flag,Within measurement error,-0.0286,0.0286,3.0,ACWR describes how recent load compares with longer-term load. It does not predict injury.,no,Athlete 01,Defenders,a0001@example.edu
A0001,2026-08-15,0.0,0,full,380.0,395.0,0.962,0.0,0.0,20.0,-0.042,ok,20.0,-0.05,yes,,2026-08-11,39.9667,-0.0467,1.6333,No flag,Within measurement error,-0.0286,0.0286,4.0,ACWR describes how recent load compares with longer-term load. It does not predict injury.,no,Athlete 01,Defenders,a0001@example.edu
A0001,2026-08-16,0.0,0,full,380.0,395.0,0.962,0.0,0.0,,,no form,,,not expected,,2026-08-11,39.9667,-0.0467,1.6333,No flag,Within measurement error,-0.0286,0.0286,5.0,ACWR describes how recent load compares with longer-term load. It does not predict injury.,no,Athlete 01,Defenders,a0001@example.edu
A0001,2026-08-17,560.0,2,full,347.1429,388.5714,0.8934,318.0,5267.0,21.0,0.7723,ok,20.0,0.9,yes,,2026-08-11,39.9667,-0.0467,1.6333,No flag,Within measurement error,-0.0286,0.0286,6.0,ACWR describes how recent load compares with longer-term load. It does not predict injury.,no,Athlete 01,Defenders,a0001@example.edu
A0001,2026-08-18,540.0,1,full,360.0,385.3571,0.9342,314.0,5621.0,,,no form,,,no,,2026-08-18,42.0333,2.02,1.6333,Noted,Larger than measurement error; may or may not be worthwhile,1.2368,-1.2368,0.0,ACWR describes how recent load compares with longer-term load. It does not predict injury.,no,Athlete 01,Defenders,a0001@example.edu
A0001,2026-08-19,540.0,1,full,372.8571,382.1429,0.9757,407.0,5813.0,,,no form,,,no,,2026-08-18,42.0333,2.02,1.6333,Noted,Larger than measurement error; may or may not be worthwhile,1.2368,-1.2368,1.0,ACWR describes how recent load compares with longer-term load. It does not predict injury.,no,Athlete 01,Defenders,a0001@example.edu
A0001,2026-08-20,610.0,2,full,347.1429,373.9286,0.9284,317.0,5629.0,21.0,0.6947,ok,20.0,0.8,yes,,2026-08-18,42.0333,2.02,1.6333,Noted,Larger than measurement error; may or may not be worthwhile,1.2368,-1.2368,2.0,ACWR describes how recent load compares with longer-term load. It does not predict injury.,no,Athlete 01,Defenders,a0001@example.edu
A0001,2026-08-21,240.0,1,full,355.7143,371.7857,0.9568,270.0,4157.0,20.0,-0.1737,ok,20.0,-0.2,yes,,2026-08-18,42.0333,2.02,1.6333,Noted,Larger than measurement error; may or may not be worthwhile,1.2368,-1.2368,3.0,ACWR describes how recent load compares with longer-term load. It does not predict injury.,no,Athlete 01,Defenders,a0001@example.edu
A0001,2026-08-22,594.0,1,full,440.5714,393.0,1.121,787.0,7520.0,22.0,1.6108,ok,21.0,1.8095,yes,,2026-08-18,42.0333,2.02,1.6333,Noted,Larger than measurement error; may or may not be worthwhile,1.2368,-1.2368,4.0,ACWR describes how recent load compares with longer-term load. It does not predict injury.,no,Athlete 01,Defenders,a0001@example.edu
A0001,2026-08-23,0.0,0,full,440.5714,393.0,1.121,0.0,0.0,,,no form,,,not expected,,2026-08-18,42.0333,2.02,1.6333,Noted,Larger than measurement error; may or may not be worthwhile,1.2368,-1.2368,5.0,ACWR describes how recent load compares with longer-term load. It does not predict injury.,no,Athlete 01,Defenders,a0001@example.edu
A0001,2026-08-24,660.0,2,full,454.8571,388.3571,1.1712,277.0,5135.0,21.0,0.6258,ok,22.0,0.7273,yes,,2026-08-18,42.0333,2.02,1.6333,Noted,Larger than measurement error; may or may not be worthwhile,1.2368,-1.2368,6.0,ACWR describes how recent load compares with longer-term load. It does not predict injury.,no,Athlete 01,Defenders,a0001@example.edu
A0001,2026-08-25,450.0,1,full,442.0,385.1429,1.1476,323.0,5920.0,19.0,-1.0951,ok,22.0,-1.2727,yes,,2026-08-25,41.0333,1.02,1.6333,No flag,Within measurement error,0.6245,-0.6245,0.0,ACWR describes how recent load compares with longer-term load. It does not predict injury.,no,Athlete 01,Defenders,a0001@example.edu
A0001,2026-08-26,360.0,1,full,416.2857,381.9286,1.09,253.0,5310.0,19.0,-1.001,ok,22.0,-1.1818,yes,,2026-08-25,41.0333,1.02,1.6333,No flag,Within measurement error,0.6245,-0.6245,1.0,ACWR describes how recent load compares with longer-term load. It does not predict injury.,no,Athlete 01,Defenders,a0001@example.edu
A0001,2026-08-27,650.0,2,full,422.0,380.1429,1.1101,325.0,5901.0,19.0,-1.001,ok,22.0,-1.1818,yes,,2026-08-25,41.0333,1.02,1.6333,No flag,Within measurement error,0.6245,-0.6245,2.0,ACWR describes how recent load compares with longer-term load. It does not predict injury.,no,Athlete 01,Defenders,a0001@example.edu
A0001,2026-08-28,240.0,1,full,422.0,378.0,1.1164,246.0,3952.0,21.0,0.693,ok,22.0,0.8182,yes,,2026-08-25,41.0333,1.02,1.6333,No flag,Within measurement error,0.6245,-0.6245,3.0,ACWR describes how recent load compares with longer-term load. It does not predict injury.,no,Athlete 01,Defenders,a0001@example.edu
A0001,2026-08-29,720.0,1,full,440.0,403.7143,1.0899,870.0,9896.0,20.0,-0.154,ok,22.0,-0.1818,yes,,2026-08-25,41.0333,1.02,1.6333,No flag,Within measurement error,0.6245,-0.6245,4.0,ACWR describes how recent load compares with longer-term load. It does not predict injury.,no,Athlete 01,Defenders,a0001@example.edu
A0001,2026-08-30,0.0,0,full,440.0,403.7143,1.0899,0.0,0.0,,,no form,,,not expected,,2026-08-25,41.0333,1.02,1.6333,No flag,Within measurement error,0.6245,-0.6245,5.0,ACWR describes how recent load compares with longer-term load. It does not predict injury.,no,Athlete 01,Defenders,a0001@example.edu
A0001,2026-08-31,610.0,2,full,432.8571,399.0714,1.0847,280.0,5710.0,18.0,-1.8309,ok,22.0,-2.1364,yes,,2026-08-25,41.0333,1.02,1.6333,No flag,Within measurement error,0.6245,-0.6245,6.0,ACWR describes how recent load compares with longer-term load. It does not predict injury.,no,Athlete 01,Defenders,a0001@example.edu
A0001,2026-09-01,540.0,1,full,445.7143,395.8571,1.1259,352.0,5274.0,23.0,2.3585,ok,22.0,2.9545,yes,,2026-09-01,41.8,1.7867,1.6333,Noted,Larger than measurement error; may or may not be worthwhile,1.0939,-1.0939,0.0,ACWR describes how recent load compares with longer-term load. It does not predict injury.,no,Athlete 01,Defenders,a0001@example.edu
A0001,2026-09-02,360.0,1,full,445.7143,395.8571,1.1259,308.0,5926.0,21.0,0.5609,ok,22.0,0.7727,yes,,2026-09-01,41.8,1.7867,1.6333,Noted,Larger than measurement error; may or may not be worthwhile,1.0939,-1.0939,1.0,ACWR describes how recent load compares with longer-term load. It does not predict injury.,no,Athlete 01,Defenders,a0001@example.edu
A0001,2026-09-03,510.0,2,full,425.7143,395.8571,1.0754,360.0,5529.0,22.0,1.2459,ok,22.0,1.7273,yes,,2026-09-01,41.8,1.7867,1.6333,Noted,Larger than measurement error; may or may not be worthwhile,1.0939,-1.0939,2.0,ACWR describes how recent load compares with longer-term load. It does not predict injury.,no,Athlete 01,Defenders,a0001@example.edu
A0001,2026-09-04,240.0,1,full,425.7143,395.8571,1.0754,219.0,3714.0,19.0,-0.9236,ok,22.0,-1.3182,yes,,2026-09-01,41.8,1.7867,1.6333,Noted,Larger than measurement error; may or may not be worthwhile,1.0939,-1.0939,3.0,ACWR describes how recent load compares with longer-term load. It does not predict injury.,no,Athlete 01,Defenders,a0001@example.edu
A0001,2026-09-05,497.0,1,full,393.8571,413.6071,0.9522,799.0,8077.0,19.0,-0.8757,ok,22.0,-1.2727,yes,,2026-09-01,41.8,1.7867,1.6333,Noted,Larger than measurement error; may or may not be worthwhile,1.0939,-1.0939,4.0,ACWR describes how recent load compares with longer-term load. It does not predict injury.,no,Athlete 01,Defenders,a0001@example.edu
A0001,2026-09-06,0.0,0,full,393.8571,413.6071,0.9522,0.0,0.0,,,no form,,,not expected,,2026-09-01,41.8,1.7867,1.6333,Noted,Larger than measurement error; may or may not be worthwhile,1.0939,-1.0939,5.0,ACWR describes how recent load compares with longer-term load. It does not predict injury.,yes,Athlete 01,Defenders,a0001@example.edu
A0001,2026-09-07,740.0,2,full,412.4286,411.8214,1.0015,275.0,5488.0,17.0,-2.167,ok,22.0,-3.1818,yes,review,2026-09-01,41.8,1.7867,1.6333,Noted,Larger than measurement error; may or may not be worthwhile,1.0939,-1.0939,6.0,ACWR describes how recent load compares with longer-term load. It does not predict injury.,yes,Athlete 01,Defenders,a0001@example.edu
A0001,2026-09-08,450.0,1,full,399.5714,411.8214,0.9703,302.0,5231.0,19.0,-0.8049,ok,22.0,-1.1818,yes,,2026-09-08,40.0,-0.0133,1.6333,No flag,Within measurement error,-0.0082,0.0082,0.0,ACWR describes how recent load compares with longer-term load. It does not predict injury.,yes,Athlete 01,Defenders,a0001@example.edu
A0001,2026-09-09,360.0,1,full,399.5714,408.6071,0.9779,400.0,5567.0,20.0,-0.0615,ok,22.0,-0.0909,yes,,2026-09-08,40.0,-0.0133,1.6333,No flag,Within measurement error,-0.0082,0.0082,1.0,ACWR describes how recent load compares with longer-term load. It does not predict injury.,yes,Athlete 01,Defenders,a0001@example.edu
A0001,2026-09-10,,2,full,,,,470.0,5697.0,20.0,0.0,ok,22.0,0.0,yes,,2026-09-08,40.0,-0.0133,1.6333,No flag,Within measurement error,-0.0082,0.0082,2.0,ACWR describes how recent load compares with longer-term load. It does not predict injury.,yes,Athlete 01,Defenders,a0001@example.edu
A0001,2026-09-11,120.0,1,full,,,,211.0,3609.0,18.0,-1.4647,ok,22.0,-2.0455,yes,,2026-09-08,40.0,-0.0133,1.6333,No flag,Within measurement error,-0.0082,0.0082,3.0,ACWR describes how recent load compares with longer-term load. It does not predict injury.,yes,Athlete 01,Defenders,a0001@example.edu
A0001,2026-09-12,584.0,1,full,,,,792.0,7421.0,,,no form,,,no,,2026-09-08,40.0,-0.0133,1.6333,No flag,Within measurement error,-0.0082,0.0082,4.0,ACWR describes how recent load compares with longer-term load. It does not predict injury.,yes,Athlete 01,Defenders,a0001@example.edu
A0001,2026-09-13,0.0,0,full,,,,0.0,0.0,,,no form,,,not expected,,2026-09-08,40.0,-0.0133,1.6333,No flag,Within measurement error,-0.0082,0.0082,5.0,ACWR describes how recent load compares with longer-term load. It does not predict injury.,yes,Athlete 01,Defenders,a0001@example.edu
A0001,2026-09-14,610.0,2,full,,,,313.0,5650.0,21.0,0.6988,ok,21.0,1.0476,yes,,2026-09-08,40.0,-0.0133,1.6333,No flag,Within measurement error,-0.0082,0.0082,6.0,ACWR describes how recent load compares with longer-term load. It does not predict injury.,yes,Athlete 01,Defenders,a0001@example.edu
A0001,2026-09-15,630.0,1,full,,,,361.0,5922.0,19.0,-0.6353,ok,21.0,-0.9524,yes,,2026-09-15,42.0333,2.02,1.6333,Noted,Larger than measurement error; may or may not be worthwhile,1.2368,-1.2368,0.0,ACWR describes how recent load compares with longer-term load. It does not predict injury.,yes,Athlete 01,Defenders,a0001@example.edu
A0001,2026-09-16,270.0,1,modified,,,,182.0,2762.0,20.0,0.0615,ok,22.0,0.0909,yes,,2026-09-15,42.0333,2.02,1.6333,Noted,Larger than measurement error; may or may not be worthwhile,1.2368,-1.2368,1.0,ACWR describes how recent load compares with longer-term load. It does not predict injury.,yes,Athlete 01,Defenders,a0001@example.edu
A0001,2026-09-17,420.0,2,full,376.2857,,,363.0,5534.0,22.0,1.446,ok,23.0,2.087,yes,,2026-09-15,42.0333,2.02,1.6333,Noted,Larger than measurement error; may or may not be worthwhile,1.2368,-1.2368,2.0,ACWR describes how recent load compares with longer-term load. It does not predict injury.,yes,Athlete 01,Defenders,a0001@example.edu
A0001,2026-09-18,240.0,1,full,393.4286,,,252.0,3616.0,21.0,0.6995,ok,23.0,1.0435,yes,,2026-09-15,42.0333,2.02,1.6333,Noted,Larger than measurement error; may or may not be worthwhile,1.2368,-1.2368,3.0,ACWR describes how recent load compares with longer-term load. It does not predict injury.,yes,Athlete 01,Defenders,a0001@example.edu
A0001,2026-09-19,441.0,1,full,373.0,,,619.0,7175.0,,,no form,,,no,,2026-09-15,42.0333,2.02,1.6333,Noted,Larger than measurement error; may or may not be worthwhile,1.2368,-1.2368,4.0,ACWR describes how recent load compares with longer-term load. It does not predict injury.,yes,Athlete 01,Defenders,a0001@example.edu
A0001,2026-09-20,0.0,0,full,373.0,,,0.0,0.0,,,no form,,,not expected,,2026-09-15,42.0333,2.02,1.6333,Noted,Larger than measurement error; may or may not be worthwhile,1.2368,-1.2368,5.0,ACWR describes how recent load compares with longer-term load. It does not predict injury.,yes,Athlete 01,Defenders,a0001@example.edu
A0001,2026-09-21,300.0,2,modified,328.7143,,,166.0,2837.0,20.0,0.0615,ok,22.0,0.0909,yes,,2026-09-15,42.0333,2.02,1.6333,Noted,Larger than measurement error; may or may not be worthwhile,1.2368,-1.2368,6.0,ACWR describes how recent load compares with longer-term load. It does not predict injury.,yes,Athlete 01,Defenders,a0001@example.edu
A0001,2026-09-22,360.0,1,full,290.1429,,,308.0,5815.0,20.0,0.0936,ok,22.0,0.1364,yes,,2026-09-22,38.0333,-1.98,1.6333,Noted,Larger than measurement error; may or may not be worthwhile,-1.2123,1.2123,0.0,ACWR describes how recent load compares with longer-term load. It does not predict injury.,yes,Athlete 01,Defenders,a0001@example.edu
A0001,2026-09-23,540.0,1,full,328.7143,,,400.0,5876.0,20.0,0.0629,ok,22.0,0.0909,yes,,2026-09-22,38.0333,-1.98,1.6333,Noted,Larger than measurement error; may or may not be worthwhile,-1.2123,1.2123,1.0,ACWR describes how recent load compares with longer-term load. It does not predict injury.,yes,Athlete 01,Defenders,a0001@example.edu
A0001,2026-09-24,700.0,2,full,368.7143,,,359.0,5902.0,22.0,1.4302,ok,22.0,2.0455,yes,,2026-09-22,38.0333,-1.98,1.6333,Noted,Larger than measurement error; may or may not be worthwhile,-1.2123,1.2123,2.0,ACWR describes how recent load compares with longer-term load. It does not predict injury.,yes,Athlete 01,Defenders,a0001@example.edu
A0001,2026-09-25,180.0,1,full,360.1429,,,210.0,3630.0,19.0,-0.7385,ok,22.0,-1.0909,yes,,2026-09-22,38.0333,-1.98,1.6333,Noted,Larger than measurement error; may or may not be worthwhile,-1.2123,1.2123,3.0,ACWR describes how recent load compares with longer-term load. It does not predict injury.,yes,Athlete 01,Defenders,a0001@example.edu
A0001,2026-09-26,720.0,1,full,400.0,,,955.0,10536.0,18.0,-1.3513,ok,22.0,-2.0,yes,,2026-09-22,38.0333,-1.98,1.6333,Noted,Larger than measurement error; may or may not be worthwhile,-1.2123,1.2123,4.0,ACWR describes how recent load compares with longer-term load. It does not predict injury.,yes,Athlete 01,Defenders,a0001@example.edu
A0001,2026-09-27,0.0,0,full,400.0,,,0.0,0.0,,,no form,,,not expected,,2026-09-22,38.0333,-1.98,1.6333,Noted,Larger than measurement error; may or may not be worthwhile,-1.2123,1.2123,5.0,ACWR describes how recent load compares with longer-term load. It does not predict injury.,yes,Athlete 01,Defenders,a0001@example.edu
A0001,2026-09-28,600.0,2,full,442.8571,,,334.0,5137.0,19.0,-0.5902,ok,22.0,-0.9091,yes,,2026-09-22,38.0333,-1.98,1.6333,Noted,Larger than measurement error; may or may not be worthwhile,-1.2123,1.2123,6.0,ACWR describes how recent load compares with longer-term load. It does not predict injury.,yes,Athlete 01,Defenders,a0001@example.edu
A0001,2026-09-29,540.0,1,full,468.5714,,,442.0,5424.0,21.0,0.6992,ok,22.0,1.0455,yes,,2026-09-29,,,1.6333,No data,Not enough data,,,0.0,ACWR describes how recent load compares with longer-term load. It does not predict injury.,yes,Athlete 01,Defenders,a0001@example.edu
A0001,2026-09-30,450.0,1,full,455.7143,,,273.0,5471.0,20.0,0.1006,ok,22.0,0.1364,yes,,2026-09-29,,,1.6333,No data,Not enough data,,,1.0,ACWR describes how recent load compares with longer-term load. It does not predict injury.,yes,Athlete 01,Defenders,a0001@example.edu
A0001,2026-10-01,700.0,2,full,455.7143,,,435.0,5628.0,18.0,-1.3647,ok,22.0,-1.8182,yes,,2026-09-29,,,1.6333,No data,Not enough data,,,2.0,ACWR describes how recent load compares with longer-term load. It does not predict injury.,yes,Athlete 01,Defenders,a0001@example.edu
A0001,2026-10-02,180.0,1,full,455.7143,,,262.0,3580.0,21.0,1.0549,ok,22.0,1.3636,yes,,2026-09-29,,,1.6333,No data,Not enough data,,,3.0,ACWR describes how recent load compares with longer-term load. It does not predict injury.,yes,Athlete 01,Defenders,a0001@example.edu
A0001,2026-10-03,576.0,1,full,435.1429,,,632.0,6997.0,19.0,-0.5527,ok,22.0,-0.7273,yes,,2026-09-29,,,1.6333,No data,Not enough data,,,4.0,ACWR describes how recent load compares with longer-term load. It does not predict injury.,yes,Athlete 01,Defenders,a0001@example.edu
A0002,2026-07-06,470.0,2,full,,,,191.0,4177.0,19.0,,baseline too short,0.0,,yes,,,,,,,,,,,ACWR describes how recent load compares with longer-term load. It does not predict injury.,no,Athlete 02,Defenders,a0002@example.edu
A0002,2026-07-07,360.0,1,full,,,,253.0,4570.0,21.0,,baseline too short,1.0,,yes,,2026-07-07,36.4333,,,Baseline,Baseline test,,,0.0,ACWR describes how recent load compares with longer-term load. It does not predict injury.,no,Athlete 02,Defenders,a0002@example.edu
A0002,2026-07-08,360.0,1,full,,,,283.0,4530.0,21.0,,baseline too short,2.0,,yes,,2026-07-07,36.4333,,,Baseline,Baseline test,,,1.0,ACWR describes how recent load compares with longer-term load. It does not predict injury.,no,Athlete 02,Defenders,a0002@example.edu
A0002,2026-07-09,510.0,2,full,,,,259.0,4257.0,19.0,,baseline too short,3.0,,yes,,2026-07-09,35.4333,,,Baseline,Baseline test,,,0.0,ACWR describes how recent load compares with longer-term load. It does not predict injury.,no,Athlete 02,Defenders,a0002@example.edu
A0002,2026-07-10,120.0,1,full,,,,176.0,2908.0,19.0,,baseline too short,4.0,,yes,,2026-07-09,35.4333,,,Baseline,Baseline test,,,1.0,ACWR describes how recent load compares with longer-term load. It does not predict injury.,no,Athlete 02,Defenders,a0002@example.edu
A0002,2026-07-11,0.0,0,full,,,,0.0,0.0,18.0,,baseline too short,5.0,,yes,,2026-07-09,35.4333,,,Baseline,Baseline test,,,2.0,ACWR describes how recent load compares with longer-term load. It does not predict injury.,no,Athlete 02,Defenders,a0002@example.edu
A0002,2026-07-12,0.0,0,full,260.0,,,0.0,0.0,,,no form,,,not expected,,2026-07-09,35.4333,,,Baseline,Baseline test,,,3.0,ACWR describes how recent load compares with longer-term load. It does not predict injury.,no,Athlete 02,Defenders,a0002@example.edu
A0002,2026-07-13,330.0,2,full,240.0,,,295.0,4727.0,17.0,,baseline too short,6.0,,yes,,2026-07-09,35.4333,,,Baseline,Baseline test,,,4.0,ACWR describes how recent load compares with longer-term load. It does not predict injury.,no,Athlete 02,Defenders,a0002@example.edu
A0002,2026-07-14,540.0,1,full,265.7143,,,267.0,4735.0,,,no form,,,no,,2026-07-14,32.9667,,,Baseline,Baseline test,,,0.0,ACWR describes how recent load compares with longer-term load. It does not predict injury.,no,Athlete 02,Defenders,a0002@example.edu
A0002,2026-07-15,360.0,1,full,265.7143,,,312.0,5165.0,18.0,,baseline too short,7.0,,yes,,2026-07-14,32.9667,,,Baseline,Baseline test,,,1.0,ACWR describes how recent load compares with longer-term load. It does not predict injury.,no,Athlete 02,Defenders,a0002@example.edu
A0002,2026-07-16,370.0,2,full,245.7143,,,278.0,4322.0,17.0,,baseline too short,8.0,,yes,,2026-07-14,32.9667,,,Baseline,Baseline test,,,2.0,ACWR describes how recent load compares with longer-term load. It does not predict injury.,no,Athlete 02,Defenders,a0002@example.edu
A0002,2026-07-17,180.0,1,full,254.2857,,,184.0,2950.0,18.0,,baseline too short,9.0,,yes,,2026-07-14,32.9667,,,Baseline,Baseline test,,,3.0,ACWR describes how recent load compares with longer-term load. It does not predict injury.,no,Athlete 02,Defenders,a0002@example.edu
A0002,2026-07-18,0.0,0,full,254.2857,,,0.0,0.0,20.0,,baseline too short,10.0,,yes,,2026-07-14,32.9667,,,Baseline,Baseline test,,,4.0,ACWR describes how recent load compares with longer-term load. It does not predict injury.,no,Athlete 02,Defenders,a0002@example.edu
A0002,2026-07-19,0.0,0,full,254.2857,,,0.0,0.0,,,no form,,,not expected,,2026-07-14,32.9667,,,Baseline,Baseline test,,,5.0,ACWR describes how recent load compares with longer-term load. It does not predict injury.,no,Athlete 02,Defenders,a0002@example.edu
A0002,2026-07-20,790.0,2,full,320.0,,,574.0,7765.0,18.0,,baseline too short,11.0,,yes,,2026-07-14,32.9667,,,Baseline,Baseline test,,,6.0,ACWR describes how recent load compares with longer-term load. It does not predict injury.,no,Athlete 02,Defenders,a0002@example.edu
A0002,2026-07-21,630.0,1,full,332.8571,,,382.0,7302.0,,,no form,,,no,,2026-07-21,34.0667,,,Baseline,Baseline test,,,0.0,ACWR describes how recent load compares with longer-term load. It does not predict injury.,no,Athlete 02,Defenders,a0002@example.edu
A0002,2026-07-22,540.0,1,full,358.5714,,,494.0,8176.0,,,no form,,,no,,2026-07-21,34.0667,,,Baseline,Baseline test,,,1.0,ACWR describes how recent load compares with longer-term load. It does not predict injury.,no,Athlete 02,Defenders,a0002@example.edu
A0002,2026-07-23,840.0,2,full,425.7143,,,346.0,7735.0,18.0,,baseline too short,12.0,,yes,,2026-07-21,34.0667,,,Baseline,Baseline test,,,2.0,ACWR describes how recent load compares with longer-term load. It does not predict injury.,no,Athlete 02,Defenders,a0002@example.edu
A0002,2026-07-24,180.0,1,full,425.7143,,,219.0,4496.0,18.0,,baseline too short,13.0,,yes,,2026-07-21,34.0667,,,Baseline,Baseline test,,,3.0,ACWR describes how recent load compares with longer-term load. It does not predict injury.,no,Athlete 02,Defenders,a0002@example.edu
A0002,2026-07-25,0.0,0,full,425.7143,,,0.0,0.0,21.0,1.8452,ok,14.0,2.3571,yes,,2026-07-21,34.0667,,,Baseline,Baseline test,,,4.0,ACWR describes how recent load compares with longer-term load. It does not predict injury.,no,Athlete 02,Defenders,a0002@example.edu
A0002,2026-07-26,0.0,0,full,425.7143,,,0.0,0.0,,,no form,,,not expected,,2026-07-21,34.0667,,,Baseline,Baseline test,,,5.0,ACWR describes how recent load compares with longer-term load. It does not predict injury.,no,Athlete 02,Defenders,a0002@example.edu
A0002,2026-07-27,790.0,2,full,425.7143,,,387.0,5732.0,18.0,-0.5826,ok,15.0,-0.8,yes,,2026-07-21,34.0667,,,Baseline,Baseline test,,,6.0,ACWR describes how recent load compares with longer-term load. It does not predict injury.,no,Athlete 02,Defenders,a0002@example.edu
A0002,2026-07-28,540.0,1,full,412.8571,,,483.0,6198.0,18.0,-0.559,ok,16.0,-0.75,yes,,2026-07-28,33.8333,,,Baseline,Baseline test,,,0.0,ACWR describes how recent load compares with longer-term load. It does not predict injury.,no,Athlete 02,Defenders,a0002@example.edu
A0002,2026-07-29,450.0,1,full,400.0,,,336.0,6013.0,20.0,0.9866,ok,17.0,1.2941,yes,,2026-07-28,33.8333,,,Baseline,Baseline test,,,1.0,ACWR describes how recent load compares with longer-term load. It does not predict injury.,no,Athlete 02,Defenders,a0002@example.edu
A0002,2026-07-30,610.0,2,full,367.1429,,,455.0,6184.0,20.0,0.934,ok,18.0,1.2222,yes,,2026-07-28,33.8333,,,Baseline,Baseline test,,,2.0,ACWR describes how recent load compares with longer-term load. It does not predict injury.,no,Athlete 02,Defenders,a0002@example.edu
A0002,2026-07-31,180.0,1,full,367.1429,,,209.0,3501.0,20.0,0.8891,ok,19.0,1.1579,yes,,2026-07-28,33.8333,,,Baseline,Baseline test,,,3.0,ACWR describes how recent load compares with longer-term load. It does not predict injury.,no,Athlete 02,Defenders,a0002@example.edu
A0002,2026-08-01,0.0,0,full,367.1429,,,0.0,0.0,20.0,0.8503,ok,20.0,1.1,yes,,2026-07-28,33.8333,,,Baseline,Baseline test,,,4.0,ACWR describes how recent load compares with longer-term load. It does not predict injury.,no,Athlete 02,Defenders,a0002@example.edu
A0002,2026-08-02,0.0,0,full,367.1429,326.7857,1.1235,0.0,0.0,,,no form,,,not expected,,2026-07-28,33.8333,,,Baseline,Baseline test,,,5.0,ACWR describes how recent load compares with longer-term load. It does not predict injury.,no,Athlete 02,Defenders,a0002@example.edu
A0002,2026-08-03,750.0,2,full,361.4286,336.7857,1.0732,385.0,6566.0,20.0,0.8162,ok,21.0,1.0476,yes,,2026-07-28,33.8333,,,Baseline,Baseline test,,,6.0,ACWR describes how recent load compares with longer-term load. It does not predict injury.,no,Athlete 02,Defenders,a0002@example.edu
A0002,2026-08-04,540.0,1,full,361.4286,343.2143,1.0531,341.0,5741.0,19.0,0.0,ok,21.0,0.0,yes,,2026-08-04,33.9333,-0.6133,1.6333,No flag,Within measurement error,-0.3755,0.3755,0.0,ACWR describes how recent load compares with longer-term load. It does not predict injury.,no,Athlete 02,Defenders,a0002@example.edu
A0002,2026-08-05,450.0,1,full,361.4286,346.4286,1.0433,451.0,6533.0,20.0,0.8971,ok,21.0,1.0952,yes,,2026-08-04,33.9333,-0.6133,1.6333,No flag,Within measurement error,-0.3755,0.3755,1.0,ACWR describes how recent load compares with longer-term load. It does not predict injury.,no,Athlete 02,Defenders,a0002@example.edu
A0002,2026-08-06,700.0,2,full,374.2857,353.2143,1.0597,396.0,6419.0,19.0,0.1239,ok,21.0,0.1429,yes,,2026-08-04,33.9333,-0.6133,1.6333,No flag,Within measurement error,-0.3755,0.3755,2.0,ACWR describes how recent load compares with longer-term load. It does not predict injury.,no,Athlete 02,Defenders,a0002@example.edu
A0002,2026-08-07,240.0,1,full,382.8571,357.5,1.0709,244.0,4132.0,20.0,0.9915,ok,21.0,1.1429,yes,,2026-08-04,33.9333,-0.6133,1.6333,No flag,Within measurement error,-0.3755,0.3755,3.0,ACWR describes how recent load compares with longer-term load. It does not predict injury.,no,Athlete 02,Defenders,a0002@example.edu
A0002,2026-08-08,0.0,0,full,382.8571,357.5,1.0709,0.0,0.0,19.0,0.0808,ok,21.0,0.0952,yes,,2026-08-04,33.9333,-0.6133,1.6333,No flag,Within measurement error,-0.3755,0.3755,4.0,ACWR describes how recent load compares with longer-term load. It does not predict injury.,no,Athlete 02,Defenders,a0002@example.edu
A0002,2026-08-09,0.0,0,full,382.8571,357.5,1.0709,0.0,0.0,,,no form,,,not expected,,2026-08-04,33.9333,-0.6133,1.6333,No flag,Within measurement error,-0.3755,0.3755,5.0,ACWR describes how recent load compares with longer-term load. It does not predict injury.,no,Athlete 02,Defenders,a0002@example.edu
A0002,2026-08-10,740.0,2,full,381.4286,372.1429,1.025,336.0,6038.0,19.0,0.041,ok,21.0,0.0476,yes,,2026-08-04,33.9333,-0.6133,1.6333,No flag,Within measurement error,-0.3755,0.3755,6.0,ACWR describes how recent load compares with longer-term load. It does not predict injury.,no,Athlete 02,Defenders,a0002@example.edu
A0002,2026-08-11,450.0,1,full,368.5714,368.9286,0.999,345.0,5966.0,19.0,-0.0445,ok,21.0,-0.0476,yes,,2026-08-11,34.3,-0.2467,1.6333,No flag,Within measurement error,-0.151,0.151,0.0,ACWR describes how recent load compares with longer-term load. It does not predict injury.,no,Athlete 02,Defenders,a0002@example.edu
A0002,2026-08-12,540.0,1,full,381.4286,375.3571,1.0162,444.0,6662.0,,,no form,,,no,,2026-08-11,34.3,-0.2467,1.6333,No flag,Within measurement error,-0.151,0.151,1.0,ACWR describes how recent load compares with longer-term load. It does not predict injury.,no,Athlete 02,Defenders,a0002@example.edu
A0002,2026-08-13,610.0,2,full,368.5714,383.9286,0.96,347.0,6024.0,18.0,-1.0488,ok,21.0,-1.0952,yes,,2026-08-11,34.3,-0.2467,1.6333,No flag,Within measurement error,-0.151,0.151,2.0,ACWR describes how recent load compares with longer-term load. It does not predict injury.,no,Athlete 02,Defenders,a0002@example.edu
A0002,2026-08-14,,1,full,,,,304.0,4302.0,20.0,0.8895,ok,21.0,0.8571,yes,,2026-08-11,34.3,-0.2467,1.6333,No flag,Within measurement error,-0.151,0.151,3.0,ACWR describes how recent load compares with longer-term load. It does not predict injury.,no,Athlete 02,Defenders,a0002@example.edu
A0002,2026-08-15,0.0,0,full,,,,0.0,0.0,,,no form,,,no,,2026-08-11,34.3,-0.2467,1.6333,No flag,Within measurement error,-0.151,0.151,4.0,ACWR describes how recent load compares with longer-term load. It does not predict injury.,no,Athlete 02,Defenders,a0002@example.edu
A0002,2026-08-16,0.0,0,full,,,,0.0,0.0,,,no form,,,not expected,,2026-08-11,34.3,-0.2467,1.6333,No flag,Within measurement error,-0.151,0.151,5.0,ACWR describes how recent load compares with longer-term load. It does not predict injury.,no,Athlete 02,Defenders,a0002@example.edu
A0002,2026-08-17,750.0,2,full,,,,340.0,5839.0,,,no form,,,no,,2026-08-11,34.3,-0.2467,1.6333,No flag,Within measurement error,-0.151,0.151,6.0,ACWR describes how recent load compares with longer-term load. It does not predict injury.,no,Athlete 02,Defenders,a0002@example.edu
A0002,2026-08-18,360.0,1,full,,,,322.0,5649.0,19.0,-0.2819,ok,19.0,-0.2632,yes,,2026-08-18,34.1,-0.4467,1.6333,No flag,Within measurement error,-0.2735,0.2735,0.0,ACWR describes how recent load compares with longer-term load. It does not predict injury.,no,Athlete 02,Defenders,a0002@example.edu
A0002,2026-08-19,360.0,1,full,,,,370.0,5402.0,18.0,-1.3729,ok,20.0,-1.25,yes,,2026-08-18,34.1,-0.4467,1.6333,No flag,Within measurement error,-0.2735,0.2735,1.0,ACWR describes how recent load compares with longer-term load. It does not predict injury.,no,Athlete 02,Defenders,a0002@example.edu
A0002,2026-08-20,740.0,2,full,,,,269.0,5073.0,17.0,-2.3594,ok,21.0,-2.1905,yes,review,2026-08-18,34.1,-0.4467,1.6333,No flag,Within measurement error,-0.2735,0.2735,2.0,ACWR describes how recent load compares with longer-term load. It does not predict injury.,no,Athlete 02,Defenders,a0002@example.edu
A0002,2026-08-21,180.0,1,full,341.4286,,,262.0,4231.0,23.0,3.8032,ok,21.0,3.8571,yes,,2026-08-18,34.1,-0.4467,1.6333,No flag,Within measurement error,-0.2735,0.2735,3.0,ACWR describes how recent load compares with longer-term load. It does not predict injury.,no,Athlete 02,Defenders,a0002@example.edu
A0002,2026-08-22,,1,full,,,,828.0,9953.0,20.0,0.4823,ok,21.0,0.619,yes,,2026-08-18,34.1,-0.4467,1.6333,No flag,Within measurement error,-0.2735,0.2735,4.0,ACWR describes how recent load compares with longer-term load. It does not predict injury.,no,Athlete 02,Defenders,a0002@example.edu
A0002,2026-08-23,0.0,0,full,,,,0.0,0.0,,,no form,,,not expected,,2026-08-18,34.1,-0.4467,1.6333,No flag,Within measurement error,-0.2735,0.2735,5.0,ACWR describes how recent load compares with longer-term load. It does not predict injury.,no,Athlete 02,Defenders,a0002@example.edu
A0002,2026-08-24,650.0,2,full,,,,401.0,5660.0,18.0,-1.0768,ok,21.0,-1.3333,yes,,2026-08-18,34.1,-0.4467,1.6333,No flag,Within measurement error,-0.2735,0.2735,6.0,ACWR describes how recent load compares with longer-term load. It does not predict injury.,no,Athlete 02,Defenders,a0002@example.edu
A0002,2026-08-25,630.0,1,full,,,,356.0,6120.0,21.0,1.346,ok,21.0,1.6667,yes,,2026-08-25,32.4,-2.1467,1.6333,Noted,Larger than measurement error; may or may not be worthwhile,-1.3143,1.3143,0.0,ACWR describes how recent load compares with longer-term load. It does not predict injury.,no,Athlete 02,Defenders,a0002@example.edu
A0002,2026-08-26,360.0,1,full,,,,328.0,5923.0,,,no form,,,no,,2026-08-25,32.4,-2.1467,1.6333,Noted,Larger than measurement error; may or may not be worthwhile,-1.3143,1.3143,1.0,ACWR describes how recent load compares with longer-term load. It does not predict injury.,no,Athlete 02,Defenders,a0002@example.edu
A0002,2026-08-27,560.0,2,full,,,,384.0,6039.0,20.0,0.4309,ok,20.0,0.55,yes,,2026-08-25,32.4,-2.1467,1.6333,Noted,Larger than measurement error; may or may not be worthwhile,-1.3143,1.3143,2.0,ACWR describes how recent load compares with longer-term load. It does not predict injury.,no,Athlete 02,Defenders,a0002@example.edu
A0002,2026-08-28,120.0,1,full,,,,261.0,3905.0,21.0,1.2144,ok,20.0,1.55,yes,,2026-08-25,32.4,-2.1467,1.6333,Noted,Larger than measurement error; may or may not be worthwhile,-1.3143,1.3143,3.0,ACWR describes how recent load compares with longer-term load. It does not predict injury.,no,Athlete 02,Defenders,a0002@example.edu
A0002,2026-08-29,483.0,1,full,400.4286,,,694.0,7621.0,22.0,1.897,ok,20.0,2.5,yes,,2026-08-25,32.4,-2.1467,1.6333,Noted,Larger than measurement error; may or may not be worthwhile,-1.3143,1.3143,4.0,ACWR describes how recent load compares with longer-term load. It does not predict injury.,no,Athlete 02,Defenders,a0002@example.edu
A0002,2026-08-30,0.0,0,full,400.4286,,,0.0,0.0,,,no form,,,not expected,,2026-08-25,32.4,-2.1467,1.6333,Noted,Larger than measurement error; may or may not be worthwhile,-1.3143,1.3143,5.0,ACWR describes how recent load compares with longer-term load. It does not predict injury.,no,Athlete 02,Defenders,a0002@example.edu
A0002,2026-08-31,560.0,2,full,387.5714,,,311.0,5960.0,15.0,-3.219,ok,20.0,-4.6,yes,review,2026-08-25,32.4,-2.1467,1.6333,Noted,Larger than measurement error; may or may not be worthwhile,-1.3143,1.3143,6.0,ACWR describes how recent load compares with longer-term load. It does not predict injury.,no,Athlete 02,Defenders,a0002@example.edu
A0002,2026-09-01,630.0,1,full,387.5714,,,271.0,5397.0,20.0,0.3703,ok,20.0,0.65,yes,,2026-09-01,33.2333,-1.3133,1.6333,No flag,Within measurement error,-0.8041,0.8041,0.0,ACWR describes how recent load compares with longer-term load. It does not predict injury.,no,Athlete 02,Defenders,a0002@example.edu
A0002,2026-09-02,450.0,1,full,400.4286,,,381.0,5630.0,18.0,-0.7958,ok,20.0,-1.4,yes,,2026-09-01,33.2333,-1.3133,1.6333,No flag,Within measurement error,-0.8041,0.8041,1.0,ACWR describes how recent load compares with longer-term load. It does not predict injury.,no,Athlete 02,Defenders,a0002@example.edu
A0002,2026-09-03,510.0,2,full,393.2857,,,326.0,5981.0,,,no form,,,no,,2026-09-01,33.2333,-1.3133,1.6333,No flag,Within measurement error,-0.8041,0.8041,2.0,ACWR describes how recent load compares with longer-term load. It does not predict injury.,no,Athlete 02,Defenders,a0002@example.edu
A0002,2026-09-04,300.0,1,full,419.0,,,283.0,3827.0,19.0,-0.1728,ok,19.0,-0.3158,yes,,2026-09-01,33.2333,-1.3133,1.6333,No flag,Within measurement error,-0.8041,0.8041,3.0,ACWR describes how recent load compares with longer-term load. It does not predict injury.,no,Athlete 02,Defenders,a0002@example.edu
A0002,2026-09-05,497.0,1,full,421.0,,,950.0,8616.0,20.0,0.4047,ok,19.0,0.7368,yes,,2026-09-01,33.2333,-1.3133,1.6333,No flag,Within measurement error,-0.8041,0.8041,4.0,ACWR describes how recent load compares with longer-term load. It does not predict injury.,no,Athlete 02,Defenders,a0002@example.edu
A0002,2026-09-06,0.0,0,full,421.0,,,0.0,0.0,,,no form,,,not expected,,2026-09-01,33.2333,-1.3133,1.6333,No flag,Within measurement error,-0.8041,0.8041,5.0,ACWR describes how recent load compares with longer-term load. It does not predict injury.,yes,Athlete 02,Defenders,a0002@example.edu
A0002,2026-09-07,700.0,2,full,441.0,,,301.0,5832.0,18.0,-0.7201,ok,19.0,-1.3158,yes,,2026-09-01,33.2333,-1.3133,1.6333,No flag,Within measurement error,-0.8041,0.8041,6.0,ACWR describes how recent load compares with longer-term load. It does not predict injury.,yes,Athlete 02,Defenders,a0002@example.edu
A0002,2026-09-08,540.0,1,full,428.1429,,,365.0,5619.0,20.0,0.398,ok,19.0,0.7368,yes,,2026-09-08,33.8,-0.7467,1.6333,No flag,Within measurement error,-0.4572,0.4572,0.0,ACWR describes how recent load compares with longer-term load. It does not predict injury.,yes,Athlete 02,Defenders,a0002@example.edu
A0002,2026-09-09,450.0,1,full,428.1429,,,,,20.0,0.3684,ok,19.0,0.6842,yes,,2026-09-08,33.8,-0.7467,1.6333,No flag,Within measurement error,-0.4572,0.4572,1.0,ACWR describes how recent load compares with longer-term load. It does not predict injury.,yes,Athlete 02,Defenders,a0002@example.edu
A0002,2026-09-10,560.0,2,full,435.2857,,,,,18.0,-0.744,ok,20.0,-1.35,yes,,2026-09-08,33.8,-0.7467,1.6333,No flag,Within measurement error,-0.4572,0.4572,2.0,ACWR describes how recent load compares with longer-term load. It does not predict injury.,yes,Athlete 02,Defenders,a0002@example.edu
A0002,2026-09-11,120.0,1,full,409.5714,,,187.0,3526.0,18.0,-0.744,ok,20.0,-1.35,yes,,2026-09-08,33.8,-0.7467,1.6333,No flag,Within measurement error,-0.4572,0.4572,3.0,ACWR describes how recent load compares with longer-term load. It does not predict injury.,yes,Athlete 02,Defenders,a0002@example.edu
A0002,2026-09-12,468.0,1,full,405.4286,,,1053.0,9219.0,21.0,0.9554,ok,20.0,1.75,yes,,2026-09-08,33.8,-0.7467,1.6333,No flag,Within measurement error,-0.4572,0.4572,4.0,ACWR describes how recent load compares with longer-term load. It does not predict injury.,yes,Athlete 02,Defenders,a0002@example.edu
A0002,2026-09-13,0.0,0,full,405.4286,,,0.0,0.0,,,no form,,,not expected,,2026-09-08,33.8,-0.7467,1.6333,No flag,Within measurement error,-0.4572,0.4572,5.0,ACWR describes how recent load compares with longer-term load. It does not predict injury.,yes,Athlete 02,Defenders,a0002@example.edu
A0002,2026-09-14,610.0,2,full,392.5714,,,363.0,5469.0,17.0,-1.278,ok,21.0,-2.3333,yes,,2026-09-08,33.8,-0.7467,1.6333,No flag,Within measurement error,-0.4572,0.4572,6.0,ACWR describes how recent load compares with longer-term load. It does not predict injury.,yes,Athlete 02,Defenders,a0002@example.edu
A0002,2026-09-15,540.0,1,full,392.5714,,,367.0,5601.0,19.0,-0.1229,ok,22.0,-0.2273,yes,,2026-09-15,34.6333,0.0867,1.6333,No flag,Within measurement error,0.0531,-0.0531,0.0,ACWR describes how recent load compares with longer-term load. It does not predict injury.,yes,Athlete 02,Defenders,a0002@example.edu
A0002,2026-09-16,360.0,1,full,379.7143,,,306.0,5608.0,20.0,0.4177,ok,22.0,0.7727,yes,,2026-09-15,34.6333,0.0867,1.6333,No flag,Within measurement error,0.0531,-0.0531,1.0,ACWR describes how recent load compares with longer-term load. It does not predict injury.,yes,Athlete 02,Defenders,a0002@example.edu
A0002,2026-09-17,700.0,2,full,399.7143,,,273.0,5776.0,20.0,0.3714,ok,22.0,0.6818,yes,,2026-09-15,34.6333,0.0867,1.6333,No flag,Within measurement error,0.0531,-0.0531,2.0,ACWR describes how recent load compares with longer-term load. It does not predict injury.,yes,Athlete 02,Defenders,a0002@example.edu
A0002,2026-09-18,120.0,1,full,399.7143,,,251.0,3831.0,21.0,0.8754,ok,22.0,1.5455,yes,,2026-09-15,34.6333,0.0867,1.6333,No flag,Within measurement error,0.0531,-0.0531,3.0,ACWR describes how recent load compares with longer-term load. It does not predict injury.,yes,Athlete 02,Defenders,a0002@example.edu
A0002,2026-09-19,553.0,1,full,411.8571,409.6786,1.0053,697.0,7762.0,21.0,1.0103,ok,22.0,1.6364,yes,,2026-09-15,34.6333,0.0867,1.6333,No flag,Within measurement error,0.0531,-0.0531,4.0,ACWR describes how recent load compares with longer-term load. It does not predict injury.,yes,Athlete 02,Defenders,a0002@example.edu
A0002,2026-09-20,0.0,0,full,411.8571,409.6786,1.0053,0.0,0.0,,,no form,,,not expected,,2026-09-15,34.6333,0.0867,1.6333,No flag,Within measurement error,0.0531,-0.0531,5.0,ACWR describes how recent load compares with longer-term load. It does not predict injury.,yes,Athlete 02,Defenders,a0002@example.edu
A0002,2026-09-21,610.0,2,full,411.8571,408.25,1.0088,389.0,6077.0,19.0,-0.2476,ok,22.0,-0.4091,yes,,2026-09-15,34.6333,0.0867,1.6333,No flag,Within measurement error,0.0531,-0.0531,6.0,ACWR describes how recent load compares with longer-term load. It does not predict injury.,yes,Athlete 02,Defenders,a0002@example.edu
A0002,2026-09-22,540.0,1,full,411.8571,405.0357,1.0168,307.0,5903.0,,,no form,,,no,,2026-09-22,35.2333,0.6867,1.6333,No flag,Within measurement error,0.4204,-0.4204,0.0,ACWR describes how recent load compares with longer-term load. It does not predict injury.,yes,Athlete 02,Defenders,a0002@example.edu
A0002,2026-09-23,450.0,1,full,424.7143,408.25,1.0403,379.0,5567.0,18.0,-0.8487,ok,21.0,-1.381,yes,,2026-09-22,35.2333,0.6867,1.6333,No flag,Within measurement error,0.4204,-0.4204,1.0,ACWR describes how recent load compares with longer-term load. It does not predict injury.,yes,Athlete 02,Defenders,a0002@example.edu
A0002,2026-09-24,560.0,2,full,404.7143,408.25,0.9913,334.0,6181.0,20.0,0.4222,ok,22.0,0.6818,yes,,2026-09-22,35.2333,0.6867,1.6333,No flag,Within measurement error,0.4204,-0.4204,2.0,ACWR describes how recent load compares with longer-term load. It does not predict injury.,yes,Athlete 02,Defenders,a0002@example.edu
A0002,2026-09-25,180.0,1,full,413.2857,410.3929,1.007,274.0,4220.0,21.0,1.0414,ok,22.0,1.6818,yes,,2026-09-22,35.2333,0.6867,1.6333,No flag,Within measurement error,0.4204,-0.4204,3.0,ACWR describes how recent load compares with longer-term load. It does not predict injury.,yes,Athlete 02,Defenders,a0002@example.edu
A0002,2026-09-26,,1,full,,,,814.0,8656.0,21.0,1.0414,ok,22.0,1.6818,yes,,2026-09-22,35.2333,0.6867,1.6333,No flag,Within measurement error,0.4204,-0.4204,4.0,ACWR describes how recent load compares with longer-term load. It does not predict injury.,yes,Athlete 02,Defenders,a0002@example.edu
A0002,2026-09-27,0.0,0,full,,,,0.0,0.0,,,no form,,,not expected,,2026-09-22,35.2333,0.6867,1.6333,No flag,Within measurement error,0.4204,-0.4204,5.0,ACWR describes how recent load compares with longer-term load. It does not predict injury.,yes,Athlete 02,Defenders,a0002@example.edu
A0002,2026-09-28,610.0,2,full,,,,340.0,5387.0,19.0,-0.1761,ok,22.0,-0.2727,yes,,2026-09-22,35.2333,0.6867,1.6333,No flag,Within measurement error,0.4204,-0.4204,6.0,ACWR describes how recent load compares with longer-term load. It does not predict injury.,yes,Athlete 02,Defenders,a0002@example.edu
A0002,2026-09-29,540.0,1,full,,,,239.0,5645.0,19.0,-0.3714,ok,22.0,-0.4545,yes,,2026-09-29,34.2667,-0.28,1.6333,No flag,Within measurement error,-0.1714,0.1714,0.0,ACWR describes how recent load compares with longer-term load. It does not predict injury.,yes,Athlete 02,Defenders,a0002@example.edu
A0002,2026-09-30,360.0,1,full,,,,287.0,5516.0,20.0,0.4839,ok,22.0,0.5909,yes,,2026-09-29,34.2667,-0.28,1.6333,No flag,Within measurement error,-0.1714,0.1714,1.0,ACWR describes how recent load compares with longer-term load. It does not predict injury.,yes,Athlete 02,Defenders,a0002@example.edu
A0002,2026-10-01,610.0,2,full,,,,439.0,6150.0,19.0,-0.4219,ok,22.0,-0.5,yes,,2026-09-29,34.2667,-0.28,1.6333,No flag,Within measurement error,-0.1714,0.1714,2.0,ACWR describes how recent load compares with longer-term load. It does not predict injury.,yes,Athlete 02,Defenders,a0002@example.edu
A0002,2026-10-02,240.0,1,full,,,,312.0,4164.0,18.0,-1.2714,ok,23.0,-1.4783,yes,,2026-09-29,34.2667,-0.28,1.6333,No flag,Within measurement error,-0.1714,0.1714,3.0,ACWR describes how recent load compares with longer-term load. It does not predict injury.,yes,Athlete 02,Defenders,a0002@example.edu
A0002,2026-10-03,760.0,1,full,445.7143,,,904.0,11250.0,20.0,0.4712,ok,23.0,0.5652,yes,,2026-09-29,34.2667,-0.28,1.6333,No flag,Within measurement error,-0.1714,0.1714,4.0,ACWR describes how recent load compares with longer-term load. It does not predict injury.,yes,Athlete 02,Defenders,a0002@example.edu
A0003,2026-07-06,600.0,2,full,,,,284.0,4980.0,18.0,,baseline too short,0.0,,yes,,,,,,,,,,,ACWR describes how recent load compares with longer-term load. It does not predict injury.,no,Athlete 03,Defenders,a0003@example.edu
A0003,2026-07-07,270.0,1,full,,,,310.0,5400.0,19.0,,baseline too short,1.0,,yes,,2026-07-07,36.9667,,,Baseline,Baseline test,,,0.0,ACWR describes how recent load compares with longer-term load. It does not predict injury.,no,Athlete 03,Defenders,a0003@example.edu
A0003,2026-07-08,270.0,1,full,,,,343.0,4771.0,20.0,,baseline too short,2.0,,yes,,2026-07-07,36.9667,,,Baseline,Baseline test,,,1.0,ACWR describes how recent load compares with longer-term load. It does not predict injury.,no,Athlete 03,Defenders,a0003@example.edu
A0003,2026-07-09,420.0,2,full,,,,342.0,5196.0,20.0,,baseline too short,3.0,,yes,,2026-07-09,37.4,,,Baseline,Baseline test,,,0.0,ACWR describes how recent load compares with longer-term load. It does not predict injury.,no,Athlete 03,Defenders,a0003@example.edu
A0003,2026-07-10,120.0,1,full,,,,190.0,3311.0,20.0,,baseline too short,4.0,,yes,,2026-07-09,37.4,,,Baseline,Baseline test,,,1.0,ACWR describes how recent load compares with longer-term load. It does not predict injury.,no,Athlete 03,Defenders,a0003@example.edu
A0003,2026-07-11,0.0,0,full,,,,0.0,0.0,20.0,,baseline too short,5.0,,yes,,2026-07-09,37.4,,,Baseline,Baseline test,,,2.0,ACWR describes how recent load compares with longer-term load. It does not predict injury.,no,Athlete 03,Defenders,a0003@example.edu
A0003,2026-07-12,0.0,0,full,240.0,,,0.0,0.0,,,no form,,,not expected,,2026-07-09,37.4,,,Baseline,Baseline test,,,3.0,ACWR describes how recent load compares with longer-term load. It does not predict injury.,no,Athlete 03,Defenders,a0003@example.edu
A0003,2026-07-13,650.0,2,full,247.1429,,,375.0,5204.0,20.0,,baseline too short,6.0,,yes,,2026-07-09,37.4,,,Baseline,Baseline test,,,4.0,ACWR describes how recent load compares with longer-term load. It does not predict injury.,no,Athlete 03,Defenders,a0003@example.edu
A0003,2026-07-14,360.0,1,full,260.0,,,293.0,5238.0,19.0,,baseline too short,7.0,,yes,,2026-07-14,36.9667,,,Baseline,Baseline test,,,0.0,ACWR describes how recent load compares with longer-term load. It does not predict injury.,no,Athlete 03,Defenders,a0003@example.edu
A0003,2026-07-15,360.0,1,full,272.8571,,,282.0,5478.0,22.0,,baseline too short,8.0,,yes,,2026-07-14,36.9667,,,Baseline,Baseline test,,,1.0,ACWR describes how recent load compares with longer-term load. It does not predict injury.,no,Athlete 03,Defenders,a0003@example.edu
A0003,2026-07-16,560.0,2,full,292.8571,,,335.0,5353.0,20.0,,baseline too short,9.0,,yes,,2026-07-14,36.9667,,,Baseline,Baseline test,,,2.0,ACWR describes how recent load compares with longer-term load. It does not predict injury.,no,Athlete 03,Defenders,a0003@example.edu
A0003,2026-07-17,120.0,1,full,292.8571,,,222.0,3729.0,19.0,,baseline too short,10.0,,yes,,2026-07-14,36.9667,,,Baseline,Baseline test,,,3.0,ACWR describes how recent load compares with longer-term load. It does not predict injury.,no,Athlete 03,Defenders,a0003@example.edu
A0003,2026-07-18,0.0,0,full,292.8571,,,0.0,0.0,20.0,,baseline too short,11.0,,yes,,2026-07-14,36.9667,,,Baseline,Baseline test,,,4.0,ACWR describes how recent load compares with longer-term load. It does not predict injury.,no,Athlete 03,Defenders,a0003@example.edu
A0003,2026-07-19,0.0,0,full,292.8571,,,0.0,0.0,,,no form,,,not expected,,2026-07-14,36.9667,,,Baseline,Baseline test,,,5.0,ACWR describes how recent load compares with longer-term load. It does not predict injury.,no,Athlete 03,Defenders,a0003@example.edu
A0003,2026-07-20,930.0,2,full,332.8571,,,563.0,8722.0,20.0,,baseline too short,12.0,,yes,,2026-07-14,36.9667,,,Baseline,Baseline test,,,6.0,ACWR describes how recent load compares with longer-term load. It does not predict injury.,no,Athlete 03,Defenders,a0003@example.edu
A0003,2026-07-21,630.0,1,full,371.4286,,,429.0,7942.0,,,no form,,,no,,2026-07-21,37.4667,,,Baseline,Baseline test,,,0.0,ACWR describes how recent load compares with longer-term load. It does not predict injury.,no,Athlete 03,Defenders,a0003@example.edu
A0003,2026-07-22,630.0,1,full,410.0,,,425.0,8584.0,18.0,,baseline too short,13.0,,yes,,2026-07-21,37.4667,,,Baseline,Baseline test,,,1.0,ACWR describes how recent load compares with longer-term load. It does not predict injury.,no,Athlete 03,Defenders,a0003@example.edu
A0003,2026-07-23,650.0,2,full,422.8571,,,,,18.0,-1.6295,ok,14.0,-1.6429,yes,,2026-07-21,37.4667,,,Baseline,Baseline test,,,2.0,ACWR describes how recent load compares with longer-term load. It does not predict injury.,no,Athlete 03,Defenders,a0003@example.edu
A0003,2026-07-24,240.0,1,full,440.0,,,231.0,6107.0,19.0,-0.5031,ok,15.0,-0.5333,yes,,2026-07-21,37.4667,,,Baseline,Baseline test,,,3.0,ACWR describes how recent load compares with longer-term load. It does not predict injury.,no,Athlete 03,Defenders,a0003@example.edu
A0003,2026-07-25,0.0,0,full,440.0,,,0.0,0.0,18.0,-1.4524,ok,16.0,-1.5,yes,,2026-07-21,37.4667,,,Baseline,Baseline test,,,4.0,ACWR describes how recent load compares with longer-term load. It does not predict injury.,no,Athlete 03,Defenders,a0003@example.edu
A0003,2026-07-26,0.0,0,modified,440.0,,,0.0,0.0,,,no form,,,not expected,,2026-07-21,37.4667,,,Baseline,Baseline test,,,5.0,ACWR describes how recent load compares with longer-term load. It does not predict injury.,no,Athlete 03,Defenders,a0003@example.edu
A0003,2026-07-27,740.0,2,full,412.8571,,,443.0,6359.0,,,no form,,,no,,2026-07-21,37.4667,,,Baseline,Baseline test,,,6.0,ACWR describes how recent load compares with longer-term load. It does not predict injury.,no,Athlete 03,Defenders,a0003@example.edu
A0003,2026-07-28,450.0,1,full,387.1429,,,,,19.0,-0.387,ok,17.0,-0.4118,yes,,2026-07-28,38.4333,,,Baseline,Baseline test,,,0.0,ACWR describes how recent load compares with longer-term load. It does not predict injury.,no,Athlete 03,Defenders,a0003@example.edu
A0003,2026-07-29,450.0,1,full,361.4286,,,338.0,6934.0,18.0,-1.3395,ok,18.0,-1.3889,yes,,2026-07-28,38.4333,,,Baseline,Baseline test,,,1.0,ACWR describes how recent load compares with longer-term load. It does not predict injury.,no,Athlete 03,Defenders,a0003@example.edu
A0003,2026-07-30,610.0,2,full,355.7143,,,469.0,7069.0,20.0,0.6474,ok,19.0,0.6842,yes,,2026-07-28,38.4333,,,Baseline,Baseline test,,,2.0,ACWR describes how recent load compares with longer-term load. It does not predict injury.,no,Athlete 03,Defenders,a0003@example.edu
A0003,2026-07-31,180.0,1,full,347.1429,,,301.0,4918.0,20.0,0.625,ok,20.0,0.65,yes,,2026-07-28,38.4333,,,Baseline,Baseline test,,,3.0,ACWR describes how recent load compares with longer-term load. It does not predict injury.,no,Athlete 03,Defenders,a0003@example.edu
A0003,2026-08-01,0.0,0,full,347.1429,,,0.0,0.0,23.0,3.5358,ok,21.0,3.619,yes,,2026-07-28,38.4333,,,Baseline,Baseline test,,,4.0,ACWR describes how recent load compares with longer-term load. It does not predict injury.,no,Athlete 03,Defenders,a0003@example.edu
A0003,2026-08-02,0.0,0,full,347.1429,330.0,1.0519,0.0,0.0,,,no form,,,not expected,,2026-07-28,38.4333,,,Baseline,Baseline test,,,5.0,ACWR describes how recent load compares with longer-term load. It does not predict injury.,no,Athlete 03,Defenders,a0003@example.edu
A0003,2026-08-03,780.0,2,full,352.8571,336.4286,1.0488,391.0,6465.0,21.0,1.1524,ok,22.0,1.4545,yes,,2026-07-28,38.4333,,,Baseline,Baseline test,,,6.0,ACWR describes how recent load compares with longer-term load. It does not predict injury.,no,Athlete 03,Defenders,a0003@example.edu
A0003,2026-08-04,630.0,1,full,378.5714,349.2857,1.0838,379.0,6792.0,19.0,-0.5458,ok,22.0,-0.6818,yes,,2026-08-04,37.9,0.4533,1.6333,No flag,Within measurement error,0.2776,-0.2776,0.0,ACWR describes how recent load compares with longer-term load. It does not predict injury.,no,Athlete 03,Defenders,a0003@example.edu
A0003,2026-08-05,360.0,1,full,365.7143,352.5,1.0375,372.0,6863.0,20.0,0.2547,ok,22.0,0.3182,yes,,2026-08-04,37.9,0.4533,1.6333,No flag,Within measurement error,0.2776,-0.2776,1.0,ACWR describes how recent load compares with longer-term load. It does not predict injury.,no,Athlete 03,Defenders,a0003@example.edu
A0003,2026-08-06,790.0,2,full,391.4286,365.7143,1.0703,473.0,7034.0,,,no form,,,no,,2026-08-04,37.9,0.4533,1.6333,No flag,Within measurement error,0.2776,-0.2776,2.0,ACWR describes how recent load compares with longer-term load. It does not predict injury.,no,Athlete 03,Defenders,a0003@example.edu
A0003,2026-08-07,180.0,1,full,391.4286,367.8571,1.0641,296.0,4808.0,17.0,-2.0866,ok,21.0,-2.6667,yes,review,2026-08-04,37.9,0.4533,1.6333,No flag,Within measurement error,0.2776,-0.2776,3.0,ACWR describes how recent load compares with longer-term load. It does not predict injury.,no,Athlete 03,Defenders,a0003@example.edu
A0003,2026-08-08,0.0,0,full,391.4286,367.8571,1.0641,0.0,0.0,19.0,-0.374,ok,21.0,-0.5238,yes,,2026-08-04,37.9,0.4533,1.6333,No flag,Within measurement error,0.2776,-0.2776,4.0,ACWR describes how recent load compares with longer-term load. It does not predict injury.,no,Athlete 03,Defenders,a0003@example.edu
A0003,2026-08-09,0.0,0,full,391.4286,367.8571,1.0641,0.0,0.0,,,no form,,,not expected,,2026-08-04,37.9,0.4533,1.6333,No flag,Within measurement error,0.2776,-0.2776,5.0,ACWR describes how recent load compares with longer-term load. It does not predict injury.,no,Athlete 03,Defenders,a0003@example.edu
A0003,2026-08-10,650.0,2,full,372.8571,367.8571,1.0136,396.0,6978.0,18.0,-1.0539,ok,21.0,-1.4762,yes,,2026-08-04,37.9,0.4533,1.6333,No flag,Within measurement error,0.2776,-0.2776,6.0,ACWR describes how recent load compares with longer-term load. It does not predict injury.,no,Athlete 03,Defenders,a0003@example.edu
A0003,2026-08-11,540.0,1,full,360.0,374.2857,0.9618,452.0,6613.0,21.0,1.1314,ok,21.0,1.619,yes,,2026-08-11,38.2333,0.7867,1.6333,No flag,Within measurement error,0.4816,-0.4816,0.0,ACWR describes how recent load compares with longer-term load. It does not predict injury.,no,Athlete 03,Defenders,a0003@example.edu
A0003,2026-08-12,,1,full,,,,446.0,6441.0,20.0,0.3563,ok,21.0,0.5238,yes,,2026-08-11,38.2333,0.7867,1.6333,No flag,Within measurement error,0.4816,-0.4816,1.0,ACWR describes how recent load compares with longer-term load. It does not predict injury.,no,Athlete 03,Defenders,a0003@example.edu
A0003,2026-08-13,560.0,2,full,,,,428.0,7187.0,,,no form,,,no,,2026-08-11,38.2333,0.7867,1.6333,No flag,Within measurement error,0.4816,-0.4816,2.0,ACWR describes how recent load compares with longer-term load. It does not predict injury.,no,Athlete 03,Defenders,a0003@example.edu
A0003,2026-08-14,240.0,1,full,,,,288.0,4484.0,17.0,-1.6943,ok,20.0,-2.35,yes,,2026-08-11,38.2333,0.7867,1.6333,No flag,Within measurement error,0.4816,-0.4816,3.0,ACWR describes how recent load compares with longer-term load. It does not predict injury.,no,Athlete 03,Defenders,a0003@example.edu
A0003,2026-08-15,0.0,0,full,,,,0.0,0.0,20.0,0.506,ok,20.0,0.75,yes,,2026-08-11,38.2333,0.7867,1.6333,No flag,Within measurement error,0.4816,-0.4816,4.0,ACWR describes how recent load compares with longer-term load. It does not predict injury.,no,Athlete 03,Defenders,a0003@example.edu
A0003,2026-08-16,0.0,0,full,,,,0.0,0.0,,,no form,,,not expected,,2026-08-11,38.2333,0.7867,1.6333,No flag,Within measurement error,0.4816,-0.4816,5.0,ACWR describes how recent load compares with longer-term load. It does not predict injury.,no,Athlete 03,Defenders,a0003@example.edu
A0003,2026-08-17,740.0,2,full,,,,370.0,6334.0,22.0,1.8552,ok,20.0,2.75,yes,,2026-08-11,38.2333,0.7867,1.6333,No flag,Within measurement error,0.4816,-0.4816,6.0,ACWR describes how recent load compares with longer-term load. It does not predict injury.,no,Athlete 03,Defenders,a0003@example.edu
A0003,2026-08-18,450.0,1,full,,,,389.0,6355.0,22.0,1.6578,ok,20.0,2.65,yes,,2026-08-18,37.5,0.0533,1.6333,No flag,Within measurement error,0.0327,-0.0327,0.0,ACWR describes how recent load compares with longer-term load. It does not predict injury.,no,Athlete 03,Defenders,a0003@example.edu
A0003,2026-08-19,360.0,1,full,335.7143,,,454.0,5800.0,18.0,-0.8883,ok,21.0,-1.4762,yes,,2026-08-18,37.5,0.0533,1.6333,No flag,Within measurement error,0.0327,-0.0327,1.0,ACWR describes how recent load compares with longer-term load. It does not predict injury.,no,Athlete 03,Defenders,a0003@example.edu
A0003,2026-08-20,470.0,2,full,322.8571,,,344.0,6583.0,19.0,-0.2865,ok,21.0,-0.4762,yes,,2026-08-18,37.5,0.0533,1.6333,No flag,Within measurement error,0.0327,-0.0327,2.0,ACWR describes how recent load compares with longer-term load. It does not predict injury.,no,Athlete 03,Defenders,a0003@example.edu
A0003,2026-08-21,240.0,1,full,322.8571,,,245.0,4116.0,19.0,-0.3211,ok,21.0,-0.5238,yes,,2026-08-18,37.5,0.0533,1.6333,No flag,Within measurement error,0.0327,-0.0327,3.0,ACWR describes how recent load compares with longer-term load. It does not predict injury.,no,Athlete 03,Defenders,a0003@example.edu
A0003,2026-08-22,658.0,1,full,416.8571,,,948.0,12078.0,21.0,0.9048,ok,21.0,1.4762,yes,,2026-08-18,37.5,0.0533,1.6333,No flag,Within measurement error,0.0327,-0.0327,4.0,ACWR describes how recent load compares with longer-term load. It does not predict injury.,no,Athlete 03,Defenders,a0003@example.edu
A0003,2026-08-23,0.0,0,full,416.8571,,,0.0,0.0,,,no form,,,not expected,,2026-08-18,37.5,0.0533,1.6333,No flag,Within measurement error,0.0327,-0.0327,5.0,ACWR describes how recent load compares with longer-term load. It does not predict injury.,no,Athlete 03,Defenders,a0003@example.edu
A0003,2026-08-24,650.0,2,full,404.0,,,489.0,6917.0,17.0,-1.6433,ok,21.0,-2.6667,yes,,2026-08-18,37.5,0.0533,1.6333,No flag,Within measurement error,0.0327,-0.0327,6.0,ACWR describes how recent load compares with longer-term load. It does not predict injury.,no,Athlete 03,Defenders,a0003@example.edu
A0003,2026-08-25,450.0,1,full,404.0,,,470.0,6612.0,19.0,-0.3242,ok,22.0,-0.5455,yes,,2026-08-25,,,1.6333,No data,Not enough data,,,0.0,ACWR describes how recent load compares with longer-term load. It does not predict injury.,no,Athlete 03,Defenders,a0003@example.edu
A0003,2026-08-26,540.0,1,full,429.7143,,,483.0,6869.0,21.0,0.8645,ok,22.0,1.4545,yes,,2026-08-25,,,1.6333,No data,Not enough data,,,1.0,ACWR describes how recent load compares with longer-term load. It does not predict injury.,no,Athlete 03,Defenders,a0003@example.edu
A0003,2026-08-27,470.0,2,full,429.7143,,,397.0,6892.0,20.0,0.1902,ok,22.0,0.3182,yes,,2026-08-25,,,1.6333,No data,Not enough data,,,2.0,ACWR describes how recent load compares with longer-term load. It does not predict injury.,no,Athlete 03,Defenders,a0003@example.edu
A0003,2026-08-28,,1,full,,,,255.0,4416.0,21.0,0.7879,ok,22.0,1.3182,yes,,2026-08-25,,,1.6333,No data,Not enough data,,,3.0,ACWR describes how recent load compares with longer-term load. It does not predict injury.,no,Athlete 03,Defenders,a0003@example.edu
A0003,2026-08-29,840.0,1,full,,,,855.0,9869.0,22.0,1.3405,ok,22.0,2.2727,yes,,2026-08-25,,,1.6333,No data,Not enough data,,,4.0,ACWR describes how recent load compares with longer-term load. It does not predict injury.,no,Athlete 03,Defenders,a0003@example.edu
A0003,2026-08-30,0.0,0,full,,,,0.0,0.0,,,no form,,,not expected,,2026-08-25,,,1.6333,No data,Not enough data,,,5.0,ACWR describes how recent load compares with longer-term load. It does not predict injury.,no,Athlete 03,Defenders,a0003@example.edu
A0003,2026-08-31,520.0,2,full,,,,419.0,5859.0,15.0,-2.899,ok,22.0,-4.6818,yes,review,2026-08-25,,,1.6333,No data,Not enough data,,,6.0,ACWR describes how recent load compares with longer-term load. It does not predict injury.,no,Athlete 03,Defenders,a0003@example.edu
A0003,2026-09-01,450.0,1,full,,,,462.0,6889.0,19.0,-0.2189,ok,22.0,-0.4091,yes,,2026-09-01,37.0667,-0.38,1.6333,No flag,Within measurement error,-0.2327,0.2327,0.0,ACWR describes how recent load compares with longer-term load. It does not predict injury.,no,Athlete 03,Defenders,a0003@example.edu
A0003,2026-09-02,360.0,1,full,,,,444.0,6986.0,20.0,0.3162,ok,22.0,0.5909,yes,,2026-09-01,37.0667,-0.38,1.6333,No flag,Within measurement error,-0.2327,0.2327,1.0,ACWR describes how recent load compares with longer-term load. It does not predict injury.,no,Athlete 03,Defenders,a0003@example.edu
A0003,2026-09-03,,2,full,,,,410.0,7081.0,20.0,0.3162,ok,22.0,0.5909,yes,,2026-09-01,37.0667,-0.38,1.6333,No flag,Within measurement error,-0.2327,0.2327,2.0,ACWR describes how recent load compares with longer-term load. It does not predict injury.,no,Athlete 03,Defenders,a0003@example.edu
A0003,2026-09-04,180.0,1,full,,,,268.0,4164.0,20.0,0.3089,ok,23.0,0.5652,yes,,2026-09-01,37.0667,-0.38,1.6333,No flag,Within measurement error,-0.2327,0.2327,3.0,ACWR describes how recent load compares with longer-term load. It does not predict injury.,no,Athlete 03,Defenders,a0003@example.edu
A0003,2026-09-05,656.0,1,full,,,,1023.0,11527.0,19.0,-0.3223,ok,23.0,-0.5652,yes,,2026-09-01,37.0667,-0.38,1.6333,No flag,Within measurement error,-0.2327,0.2327,4.0,ACWR describes how recent load compares with longer-term load. It does not predict injury.,no,Athlete 03,Defenders,a0003@example.edu
A0003,2026-09-06,0.0,0,full,,,,0.0,0.0,,,no form,,,not expected,,2026-09-01,37.0667,-0.38,1.6333,No flag,Within measurement error,-0.2327,0.2327,5.0,ACWR describes how recent load compares with longer-term load. It does not predict injury.,yes,Athlete 03,Defenders,a0003@example.edu
A0003,2026-09-07,610.0,2,full,,,,394.0,6984.0,20.0,0.2479,ok,23.0,0.4348,yes,,2026-09-01,37.0667,-0.38,1.6333,No flag,Within measurement error,-0.2327,0.2327,6.0,ACWR describes how recent load compares with longer-term load. It does not predict injury.,yes,Athlete 03,Defenders,a0003@example.edu
A0003,2026-09-08,450.0,1,full,,,,381.0,6117.0,18.0,-0.9596,ok,23.0,-1.6522,yes,,2026-09-08,36.6667,-0.78,1.6333,No flag,Within measurement error,-0.4776,0.4776,0.0,ACWR describes how recent load compares with longer-term load. It does not predict injury.,yes,Athlete 03,Defenders,a0003@example.edu
A0003,2026-09-09,450.0,1,full,,,,238.0,6226.0,20.0,0.2767,ok,23.0,0.4783,yes,,2026-09-08,36.6667,-0.78,1.6333,No flag,Within measurement error,-0.4776,0.4776,1.0,ACWR describes how recent load compares with longer-term load. It does not predict injury.,yes,Athlete 03,Defenders,a0003@example.edu
A0003,2026-09-10,610.0,2,full,422.2857,,,404.0,6424.0,21.0,0.8552,ok,23.0,1.4783,yes,,2026-09-08,36.6667,-0.78,1.6333,No flag,Within measurement error,-0.4776,0.4776,2.0,ACWR describes how recent load compares with longer-term load. It does not predict injury.,yes,Athlete 03,Defenders,a0003@example.edu
A0003,2026-09-11,240.0,1,full,430.8571,,,214.0,4561.0,21.0,0.8249,ok,24.0,1.4167,yes,,2026-09-08,36.6667,-0.78,1.6333,No flag,Within measurement error,-0.4776,0.4776,3.0,ACWR describes how recent load compares with longer-term load. It does not predict injury.,yes,Athlete 03,Defenders,a0003@example.edu
A0003,2026-09-12,658.0,1,full,431.1429,,,922.0,12611.0,21.0,0.7583,ok,24.0,1.25,yes,,2026-09-08,36.6667,-0.78,1.6333,No flag,Within measurement error,-0.4776,0.4776,4.0,ACWR describes how recent load compares with longer-term load. It does not predict injury.,yes,Athlete 03,Defenders,a0003@example.edu
A0003,2026-09-13,0.0,0,full,431.1429,,,0.0,0.0,,,no form,,,not expected,,2026-09-08,36.6667,-0.78,1.6333,No flag,Within measurement error,-0.4776,0.4776,5.0,ACWR describes how recent load compares with longer-term load. It does not predict injury.,yes,Athlete 03,Defenders,a0003@example.edu
A0003,2026-09-14,700.0,2,full,444.0,,,284.0,6273.0,18.0,-1.0744,ok,24.0,-1.7917,yes,,2026-09-08,36.6667,-0.78,1.6333,No flag,Within measurement error,-0.4776,0.4776,6.0,ACWR describes how recent load compares with longer-term load. It does not predict injury.,yes,Athlete 03,Defenders,a0003@example.edu
A0003,2026-09-15,360.0,1,full,431.1429,,,514.0,6775.0,19.0,-0.3818,ok,24.0,-0.625,yes,,2026-09-15,36.3667,-1.08,1.6333,No flag,Within measurement error,-0.6612,0.6612,0.0,ACWR describes how recent load compares with longer-term load. It does not predict injury.,yes,Athlete 03,Defenders,a0003@example.edu
A0003,2026-09-16,450.0,1,full,431.1429,,,433.0,6885.0,19.0,-0.3204,ok,24.0,-0.5,yes,,2026-09-15,36.3667,-1.08,1.6333,No flag,Within measurement error,-0.6612,0.6612,1.0,ACWR describes how recent load compares with longer-term load. It does not predict injury.,yes,Athlete 03,Defenders,a0003@example.edu
A0003,2026-09-17,560.0,2,full,424.0,,,409.0,7101.0,21.0,0.9521,ok,24.0,1.4583,yes,,2026-09-15,36.3667,-1.08,1.6333,No flag,Within measurement error,-0.6612,0.6612,2.0,ACWR describes how recent load compares with longer-term load. It does not predict injury.,yes,Athlete 03,Defenders,a0003@example.edu
A0003,2026-09-18,120.0,1,full,406.8571,,,299.0,4725.0,20.0,0.2411,ok,24.0,0.375,yes,,2026-09-15,36.3667,-1.08,1.6333,No flag,Within measurement error,-0.6612,0.6612,3.0,ACWR describes how recent load compares with longer-term load. It does not predict injury.,yes,Athlete 03,Defenders,a0003@example.edu
A0003,2026-09-19,656.0,1,full,406.5714,,,827.0,11115.0,20.0,0.2149,ok,24.0,0.3333,yes,,2026-09-15,36.3667,-1.08,1.6333,No flag,Within measurement error,-0.6612,0.6612,4.0,ACWR describes how recent load compares with longer-term load. It does not predict injury.,yes,Athlete 03,Defenders,a0003@example.edu
A0003,2026-09-20,0.0,0,full,406.5714,,,0.0,0.0,,,no form,,,not expected,,2026-09-15,36.3667,-1.08,1.6333,No flag,Within measurement error,-0.6612,0.6612,5.0,ACWR describes how recent load compares with longer-term load. It does not predict injury.,yes,Athlete 03,Defenders,a0003@example.edu
A0003,2026-09-21,650.0,2,full,399.4286,,,424.0,6360.0,17.0,-1.7191,ok,24.0,-2.625,yes,,2026-09-15,36.3667,-1.08,1.6333,No flag,Within measurement error,-0.6612,0.6612,6.0,ACWR describes how recent load compares with longer-term load. It does not predict injury.,yes,Athlete 03,Defenders,a0003@example.edu
A0003,2026-09-22,450.0,1,full,412.2857,,,394.0,6540.0,20.0,0.2456,ok,24.0,0.375,yes,,2026-09-22,36.6333,-0.8133,1.6333,No flag,Within measurement error,-0.498,0.498,0.0,ACWR describes how recent load compares with longer-term load. It does not predict injury.,yes,Athlete 03,Defenders,a0003@example.edu
A0003,2026-09-23,540.0,1,full,425.1429,,,374.0,6624.0,17.0,-1.7512,ok,24.0,-2.6667,yes,,2026-09-22,36.6333,-0.8133,1.6333,No flag,Within measurement error,-0.498,0.498,1.0,ACWR describes how recent load compares with longer-term load. It does not predict injury.,yes,Athlete 03,Defenders,a0003@example.edu
A0003,2026-09-24,650.0,2,full,438.0,,,450.0,6936.0,18.0,-0.9446,ok,24.0,-1.5,yes,,2026-09-22,36.6333,-0.8133,1.6333,No flag,Within measurement error,-0.498,0.498,2.0,ACWR describes how recent load compares with longer-term load. It does not predict injury.,yes,Athlete 03,Defenders,a0003@example.edu
A0003,2026-09-25,120.0,1,full,438.0,,,278.0,4124.0,19.0,-0.2583,ok,24.0,-0.4167,yes,,2026-09-22,36.6333,-0.8133,1.6333,No flag,Within measurement error,-0.498,0.498,3.0,ACWR describes how recent load compares with longer-term load. It does not predict injury.,yes,Athlete 03,Defenders,a0003@example.edu
A0003,2026-09-26,592.0,1,full,428.8571,,,1160.0,10204.0,19.0,-0.2111,ok,24.0,-0.3333,yes,,2026-09-22,36.6333,-0.8133,1.6333,No flag,Within measurement error,-0.498,0.498,4.0,ACWR describes how recent load compares with longer-term load. It does not predict injury.,yes,Athlete 03,Defenders,a0003@example.edu
A0003,2026-09-27,0.0,0,full,428.8571,,,0.0,0.0,,,no form,,,not expected,,2026-09-22,36.6333,-0.8133,1.6333,No flag,Within measurement error,-0.498,0.498,5.0,ACWR describes how recent load compares with longer-term load. It does not predict injury.,yes,Athlete 03,Defenders,a0003@example.edu
A0003,2026-09-28,740.0,2,full,441.7143,,,,,17.0,-1.4984,ok,24.0,-2.2083,yes,,2026-09-22,36.6333,-0.8133,1.6333,No flag,Within measurement error,-0.498,0.498,6.0,ACWR describes how recent load compares with longer-term load. It does not predict injury.,yes,Athlete 03,Defenders,a0003@example.edu
A0003,2026-09-29,540.0,1,full,454.5714,,,386.0,5937.0,19.0,-0.2301,ok,24.0,-0.2917,yes,,2026-09-29,37.3,-0.1467,1.6333,No flag,Within measurement error,-0.0898,0.0898,0.0,ACWR describes how recent load compares with longer-term load. It does not predict injury.,yes,Athlete 03,Defenders,a0003@example.edu
A0003,2026-09-30,270.0,1,full,416.0,,,310.0,6449.0,19.0,-0.2301,ok,24.0,-0.2917,yes,,2026-09-29,37.3,-0.1467,1.6333,No flag,Within measurement error,-0.0898,0.0898,1.0,ACWR describes how recent load compares with longer-term load. It does not predict injury.,yes,Athlete 03,Defenders,a0003@example.edu
A0003,2026-10-01,520.0,2,full,397.4286,420.4286,0.9453,390.0,6719.0,19.0,-0.1985,ok,24.0,-0.25,yes,,2026-09-29,37.3,-0.1467,1.6333,No flag,Within measurement error,-0.0898,0.0898,2.0,ACWR describes how recent load compares with longer-term load. It does not predict injury.,yes,Athlete 03,Defenders,a0003@example.edu
A0003,2026-10-02,300.0,1,full,423.1429,424.7143,0.9963,310.0,4733.0,21.0,1.4329,ok,24.0,1.7917,yes,,2026-09-29,37.3,-0.1467,1.6333,No flag,Within measurement error,-0.0898,0.0898,3.0,ACWR describes how recent load compares with longer-term load. It does not predict injury.,yes,Athlete 03,Defenders,a0003@example.edu
A0003,2026-10-03,592.0,1,full,423.1429,422.4286,1.0017,974.0,9793.0,20.0,0.5797,ok,24.0,0.75,yes,,2026-09-29,37.3,-0.1467,1.6333,No flag,Within measurement error,-0.0898,0.0898,4.0,ACWR describes how recent load compares with longer-term load. It does not predict injury.,yes,Athlete 03,Defenders,a0003@example.edu
A0004,2026-07-06,600.0,2,full,,,,305.0,4448.0,17.0,,baseline too short,0.0,,yes,,,,,,,,,,,ACWR describes how recent load compares with longer-term load. It does not predict injury.,no,Athlete 04,Defenders,a0004@example.edu
A0004,2026-07-07,450.0,1,full,,,,314.0,4441.0,16.0,,baseline too short,1.0,,yes,,2026-07-07,40.3333,,,Baseline,Baseline test,,,0.0,ACWR describes how recent load compares with longer-term load. It does not predict injury.,no,Athlete 04,Defenders,a0004@example.edu
A0004,2026-07-08,360.0,1,full,,,,334.0,4332.0,20.0,,baseline too short,2.0,,yes,,2026-07-07,40.3333,,,Baseline,Baseline test,,,1.0,ACWR describes how recent load compares with longer-term load. It does not predict injury.,no,Athlete 04,Defenders,a0004@example.edu
A0004,2026-07-09,470.0,2,full,,,,272.0,4293.0,19.0,,baseline too short,3.0,,yes,,2026-07-09,39.4667,,,Baseline,Baseline test,,,0.0,ACWR describes how recent load compares with longer-term load. It does not predict injury.,no,Athlete 04,Defenders,a0004@example.edu
A0004,2026-07-10,120.0,1,full,,,,190.0,3135.0,19.0,,baseline too short,4.0,,yes,,2026-07-09,39.4667,,,Baseline,Baseline test,,,1.0,ACWR describes how recent load compares with longer-term load. It does not predict injury.,no,Athlete 04,Defenders,a0004@example.edu
A0004,2026-07-11,0.0,0,full,,,,0.0,0.0,19.0,,baseline too short,5.0,,yes,,2026-07-09,39.4667,,,Baseline,Baseline test,,,2.0,ACWR describes how recent load compares with longer-term load. It does not predict injury.,no,Athlete 04,Defenders,a0004@example.edu
A0004,2026-07-12,0.0,0,full,285.7143,,,0.0,0.0,,,no form,,,not expected,,2026-07-09,39.4667,,,Baseline,Baseline test,,,3.0,ACWR describes how recent load compares with longer-term load. It does not predict injury.,no,Athlete 04,Defenders,a0004@example.edu
A0004,2026-07-13,510.0,2,full,272.8571,,,274.0,4436.0,19.0,,baseline too short,6.0,,yes,,2026-07-09,39.4667,,,Baseline,Baseline test,,,4.0,ACWR describes how recent load compares with longer-term load. It does not predict injury.,no,Athlete 04,Defenders,a0004@example.edu
A0004,2026-07-14,450.0,1,full,272.8571,,,263.0,3909.0,17.0,,baseline too short,7.0,,yes,,2026-07-14,,,,Baseline,Baseline test,,,0.0,ACWR describes how recent load compares with longer-term load. It does not predict injury.,no,Athlete 04,Defenders,a0004@example.edu
A0004,2026-07-15,360.0,1,full,272.8571,,,255.0,3879.0,19.0,,baseline too short,8.0,,yes,,2026-07-14,,,,Baseline,Baseline test,,,1.0,ACWR describes how recent load compares with longer-term load. It does not predict injury.,no,Athlete 04,Defenders,a0004@example.edu
A0004,2026-07-16,510.0,2,full,278.5714,,,257.0,3764.0,20.0,,baseline too short,9.0,,yes,,2026-07-14,,,,Baseline,Baseline test,,,2.0,ACWR describes how recent load compares with longer-term load. It does not predict injury.,no,Athlete 04,Defenders,a0004@example.edu
A0004,2026-07-17,240.0,1,full,295.7143,,,203.0,2953.0,18.0,,baseline too short,10.0,,yes,,2026-07-14,,,,Baseline,Baseline test,,,3.0,ACWR describes how recent load compares with longer-term load. It does not predict injury.,no,Athlete 04,Defenders,a0004@example.edu
A0004,2026-07-18,0.0,0,full,295.7143,,,0.0,0.0,21.0,,baseline too short,11.0,,yes,,2026-07-14,,,,Baseline,Baseline test,,,4.0,ACWR describes how recent load compares with longer-term load. It does not predict injury.,no,Athlete 04,Defenders,a0004@example.edu
A0004,2026-07-19,0.0,0,full,295.7143,,,0.0,0.0,,,no form,,,not expected,,2026-07-14,,,,Baseline,Baseline test,,,5.0,ACWR describes how recent load compares with longer-term load. It does not predict injury.,no,Athlete 04,Defenders,a0004@example.edu
A0004,2026-07-20,1020.0,2,full,368.5714,,,493.0,7312.0,20.0,,baseline too short,12.0,,yes,,2026-07-14,,,,Baseline,Baseline test,,,6.0,ACWR describes how recent load compares with longer-term load. It does not predict injury.,no,Athlete 04,Defenders,a0004@example.edu
A0004,2026-07-21,720.0,1,full,407.1429,,,413.0,6684.0,,,no form,,,no,,2026-07-21,38.5333,,,Baseline,Baseline test,,,0.0,ACWR describes how recent load compares with longer-term load. It does not predict injury.,no,Athlete 04,Defenders,a0004@example.edu
A0004,2026-07-22,540.0,1,full,432.8571,,,308.0,6684.0,18.0,,baseline too short,13.0,,yes,,2026-07-21,38.5333,,,Baseline,Baseline test,,,1.0,ACWR describes how recent load compares with longer-term load. It does not predict injury.,no,Athlete 04,Defenders,a0004@example.edu
A0004,2026-07-23,980.0,2,full,500.0,,,339.0,7530.0,19.0,0.2066,ok,14.0,0.2857,yes,,2026-07-21,38.5333,,,Baseline,Baseline test,,,2.0,ACWR describes how recent load compares with longer-term load. It does not predict injury.,no,Athlete 04,Defenders,a0004@example.edu
A0004,2026-07-24,180.0,1,full,491.4286,,,273.0,4524.0,20.0,0.9492,ok,15.0,1.2667,yes,,2026-07-21,38.5333,,,Baseline,Baseline test,,,3.0,ACWR describes how recent load compares with longer-term load. It does not predict injury.,no,Athlete 04,Defenders,a0004@example.edu
A0004,2026-07-25,0.0,0,full,491.4286,,,0.0,0.0,20.0,0.8945,ok,16.0,1.1875,yes,,2026-07-21,38.5333,,,Baseline,Baseline test,,,4.0,ACWR describes how recent load compares with longer-term load. It does not predict injury.,no,Athlete 04,Defenders,a0004@example.edu
A0004,2026-07-26,0.0,0,full,491.4286,,,0.0,0.0,,,no form,,,not expected,,2026-07-21,38.5333,,,Baseline,Baseline test,,,5.0,ACWR describes how recent load compares with longer-term load. It does not predict injury.,no,Athlete 04,Defenders,a0004@example.edu
A0004,2026-07-27,650.0,2,full,438.5714,,,262.0,5727.0,20.0,0.8484,ok,17.0,1.1176,yes,,2026-07-21,38.5333,,,Baseline,Baseline test,,,6.0,ACWR describes how recent load compares with longer-term load. It does not predict injury.,no,Athlete 04,Defenders,a0004@example.edu
A0004,2026-07-28,540.0,1,full,412.8571,,,303.0,5380.0,20.0,0.809,ok,18.0,1.0556,yes,,2026-07-28,37.4667,,,Baseline,Baseline test,,,0.0,ACWR describes how recent load compares with longer-term load. It does not predict injury.,no,Athlete 04,Defenders,a0004@example.edu
A0004,2026-07-29,540.0,1,full,412.8571,,,296.0,5506.0,19.0,0.0,ok,19.0,0.0,yes,,2026-07-28,37.4667,,,Baseline,Baseline test,,,1.0,ACWR describes how recent load compares with longer-term load. It does not predict injury.,no,Athlete 04,Defenders,a0004@example.edu
A0004,2026-07-30,650.0,2,full,365.7143,,,358.0,5696.0,19.0,0.0,ok,20.0,0.0,yes,,2026-07-28,37.4667,,,Baseline,Baseline test,,,2.0,ACWR describes how recent load compares with longer-term load. It does not predict injury.,no,Athlete 04,Defenders,a0004@example.edu
A0004,2026-07-31,300.0,1,full,382.8571,,,241.0,3809.0,,,no form,,,no,,2026-07-28,37.4667,,,Baseline,Baseline test,,,3.0,ACWR describes how recent load compares with longer-term load. It does not predict injury.,no,Athlete 04,Defenders,a0004@example.edu
A0004,2026-08-01,0.0,0,modified,382.8571,,,0.0,0.0,19.0,0.0,ok,21.0,0.0,yes,,2026-07-28,37.4667,,,Baseline,Baseline test,,,4.0,ACWR describes how recent load compares with longer-term load. It does not predict injury.,no,Athlete 04,Defenders,a0004@example.edu
A0004,2026-08-02,0.0,0,full,382.8571,363.9286,1.052,0.0,0.0,,,no form,,,not expected,,2026-07-28,37.4667,,,Baseline,Baseline test,,,5.0,ACWR describes how recent load compares with longer-term load. It does not predict injury.,no,Athlete 04,Defenders,a0004@example.edu
A0004,2026-08-03,650.0,2,full,382.8571,365.7143,1.0469,337.0,5329.0,20.0,0.8367,ok,22.0,1.0,yes,,2026-07-28,37.4667,,,Baseline,Baseline test,,,6.0,ACWR describes how recent load compares with longer-term load. It does not predict injury.,no,Athlete 04,Defenders,a0004@example.edu
A0004,2026-08-04,450.0,1,full,370.0,365.7143,1.0117,327.0,5438.0,20.0,0.7675,ok,22.0,0.8636,yes,,2026-08-04,39.5667,0.6167,1.667,No flag,Within measurement error,0.3699,-0.3699,0.0,ACWR describes how recent load compares with longer-term load. It does not predict injury.,no,Athlete 04,Defenders,a0004@example.edu
A0004,2026-08-05,450.0,1,full,357.1429,368.9286,0.9681,335.0,5636.0,21.0,1.8819,ok,22.0,1.6818,yes,,2026-08-04,39.5667,0.6167,1.667,No flag,Within measurement error,0.3699,-0.3699,1.0,ACWR describes how recent load compares with longer-term load. It does not predict injury.,no,Athlete 04,Defenders,a0004@example.edu
A0004,2026-08-06,610.0,2,full,351.4286,373.9286,0.9398,298.0,5211.0,23.0,3.8139,ok,22.0,3.6364,yes,,2026-08-04,39.5667,0.6167,1.667,No flag,Within measurement error,0.3699,-0.3699,2.0,ACWR describes how recent load compares with longer-term load. It does not predict injury.,no,Athlete 04,Defenders,a0004@example.edu
A0004,2026-08-07,240.0,1,full,342.8571,378.2143,0.9065,214.0,3926.0,19.0,-0.4457,ok,22.0,-0.5455,yes,,2026-08-04,39.5667,0.6167,1.667,No flag,Within measurement error,0.3699,-0.3699,3.0,ACWR describes how recent load compares with longer-term load. It does not predict injury.,no,Athlete 04,Defenders,a0004@example.edu
A0004,2026-08-08,0.0,0,full,342.8571,378.2143,0.9065,0.0,0.0,17.0,-2.0799,ok,22.0,-2.5455,yes,review,2026-08-04,39.5667,0.6167,1.667,No flag,Within measurement error,0.3699,-0.3699,4.0,ACWR describes how recent load compares with longer-term load. It does not predict injury.,no,Athlete 04,Defenders,a0004@example.edu
A0004,2026-08-09,0.0,0,full,342.8571,378.2143,0.9065,0.0,0.0,,,no form,,,not expected,,2026-08-04,39.5667,0.6167,1.667,No flag,Within measurement error,0.3699,-0.3699,5.0,ACWR describes how recent load compares with longer-term load. It does not predict injury.,no,Athlete 04,Defenders,a0004@example.edu
A0004,2026-08-10,700.0,2,full,350.0,385.0,0.9091,320.0,5555.0,19.0,-0.3404,ok,22.0,-0.4545,yes,,2026-08-04,39.5667,0.6167,1.667,No flag,Within measurement error,0.3699,-0.3699,6.0,ACWR describes how recent load compares with longer-term load. It does not predict injury.,no,Athlete 04,Defenders,a0004@example.edu
A0004,2026-08-11,540.0,1,full,362.8571,388.2143,0.9347,368.0,5605.0,20.0,0.4084,ok,22.0,0.5455,yes,,2026-08-11,38.8667,-0.0833,1.667,No flag,Within measurement error,-0.05,0.05,0.0,ACWR describes how recent load compares with longer-term load. It does not predict injury.,no,Athlete 04,Defenders,a0004@example.edu
A0004,2026-08-12,450.0,1,full,362.8571,391.4286,0.927,372.0,6179.0,19.0,-0.4839,ok,22.0,-0.5909,yes,,2026-08-11,38.8667,-0.0833,1.667,No flag,Within measurement error,-0.05,0.05,1.0,ACWR describes how recent load compares with longer-term load. It does not predict injury.,no,Athlete 04,Defenders,a0004@example.edu
A0004,2026-08-13,750.0,2,full,382.8571,400.0,0.9571,320.0,5696.0,19.0,-0.4839,ok,22.0,-0.5909,yes,,2026-08-11,38.8667,-0.0833,1.667,No flag,Within measurement error,-0.05,0.05,2.0,ACWR describes how recent load compares with longer-term load. It does not predict injury.,no,Athlete 04,Defenders,a0004@example.edu
A0004,2026-08-14,180.0,1,full,374.2857,397.8571,0.9408,214.0,4156.0,17.0,-2.0799,ok,22.0,-2.5455,yes,review,2026-08-11,38.8667,-0.0833,1.667,No flag,Within measurement error,-0.05,0.05,3.0,ACWR describes how recent load compares with longer-term load. It does not predict injury.,no,Athlete 04,Defenders,a0004@example.edu
A0004,2026-08-15,0.0,0,full,374.2857,397.8571,0.9408,0.0,0.0,17.0,-1.9228,ok,22.0,-2.5,yes,,2026-08-11,38.8667,-0.0833,1.667,No flag,Within measurement error,-0.05,0.05,4.0,ACWR describes how recent load compares with longer-term load. It does not predict injury.,no,Athlete 04,Defenders,a0004@example.edu
A0004,2026-08-16,0.0,0,full,374.2857,397.8571,0.9408,0.0,0.0,,,no form,,,not expected,,2026-08-11,38.8667,-0.0833,1.667,No flag,Within measurement error,-0.05,0.05,5.0,ACWR describes how recent load compares with longer-term load. It does not predict injury.,no,Athlete 04,Defenders,a0004@example.edu
A0004,2026-08-17,700.0,2,full,374.2857,386.4286,0.9686,371.0,5735.0,19.0,-0.2342,ok,22.0,-0.3182,yes,,2026-08-11,38.8667,-0.0833,1.667,No flag,Within measurement error,-0.05,0.05,6.0,ACWR describes how recent load compares with longer-term load. It does not predict injury.,no,Athlete 04,Defenders,a0004@example.edu
A0004,2026-08-18,0.0,0,out,297.1429,360.7143,0.8238,0.0,0.0,21.0,1.2779,ok,22.0,1.7273,yes,,2026-08-11,38.8667,-0.0833,1.667,No flag,Within measurement error,-0.05,0.05,7.0,ACWR describes how recent load compares with longer-term load. It does not predict injury.,no,Athlete 04,Defenders,a0004@example.edu
A0004,2026-08-19,0.0,0,out,232.8571,341.4286,0.682,0.0,0.0,21.0,1.2071,ok,23.0,1.6522,yes,,2026-08-11,38.8667,-0.0833,1.667,No flag,Within measurement error,-0.05,0.05,8.0,ACWR describes how recent load compares with longer-term load. It does not predict injury.,no,Athlete 04,Defenders,a0004@example.edu
A0004,2026-08-20,0.0,0,out,125.7143,306.4286,0.4103,0.0,0.0,20.0,0.3788,ok,23.0,0.5217,yes,,2026-08-11,38.8667,-0.0833,1.667,No flag,Within measurement error,-0.05,0.05,9.0,ACWR describes how recent load compares with longer-term load. It does not predict injury.,no,Athlete 04,Defenders,a0004@example.edu
A0004,2026-08-21,180.0,1,full,125.7143,306.4286,0.4103,208.0,3216.0,19.0,-0.3788,ok,23.0,-0.5217,yes,,2026-08-11,38.8667,-0.0833,1.667,No flag,Within measurement error,-0.05,0.05,10.0,ACWR describes how recent load compares with longer-term load. It does not predict injury.,no,Athlete 04,Defenders,a0004@example.edu
A0004,2026-08-22,510.0,1,full,198.5714,324.6429,0.6117,880.0,8910.0,19.0,-0.3472,ok,23.0,-0.4783,yes,,2026-08-11,38.8667,-0.0833,1.667,No flag,Within measurement error,-0.05,0.05,11.0,ACWR describes how recent load compares with longer-term load. It does not predict injury.,no,Athlete 04,Defenders,a0004@example.edu
A0004,2026-08-23,0.0,0,full,198.5714,324.6429,0.6117,0.0,0.0,,,no form,,,not expected,,2026-08-11,38.8667,-0.0833,1.667,No flag,Within measurement error,-0.05,0.05,12.0,ACWR describes how recent load compares with longer-term load. It does not predict injury.,no,Athlete 04,Defenders,a0004@example.edu
A0004,2026-08-24,410.0,2,full,157.1429,316.0714,0.4972,239.0,4722.0,17.0,-1.7695,ok,23.0,-2.4348,yes,,2026-08-11,38.8667,-0.0833,1.667,No flag,Within measurement error,-0.05,0.05,13.0,ACWR describes how recent load compares with longer-term load. It does not predict injury.,no,Athlete 04,Defenders,a0004@example.edu
A0004,2026-08-25,540.0,1,full,234.2857,316.0714,0.7412,378.0,5755.0,19.0,-0.2085,ok,23.0,-0.3043,yes,,2026-08-25,37.1,-1.85,1.667,Noted,Larger than measurement error; may or may not be worthwhile,-1.1098,1.1098,0.0,ACWR describes how recent load compares with longer-term load. It does not predict injury.,no,Athlete 04,Defenders,a0004@example.edu
A0004,2026-08-26,450.0,1,full,298.5714,312.8571,0.9543,281.0,5591.0,20.0,0.5088,ok,23.0,0.7391,yes,,2026-08-25,37.1,-1.85,1.667,Noted,Larger than measurement error; may or may not be worthwhile,-1.1098,1.1098,1.0,ACWR describes how recent load compares with longer-term load. It does not predict injury.,no,Athlete 04,Defenders,a0004@example.edu
A0004,2026-08-27,600.0,2,full,384.2857,311.0714,1.2354,285.0,5261.0,20.0,0.4766,ok,23.0,0.6957,yes,,2026-08-25,37.1,-1.85,1.667,Noted,Larger than measurement error; may or may not be worthwhile,-1.1098,1.1098,2.0,ACWR describes how recent load compares with longer-term load. It does not predict injury.,no,Athlete 04,Defenders,a0004@example.edu
A0004,2026-08-28,240.0,1,full,392.8571,308.9286,1.2717,190.0,3920.0,19.0,-0.2374,ok,23.0,-0.3478,yes,,2026-08-25,37.1,-1.85,1.667,Noted,Larger than measurement error; may or may not be worthwhile,-1.1098,1.1098,3.0,ACWR describes how recent load compares with longer-term load. It does not predict injury.,no,Athlete 04,Defenders,a0004@example.edu
A0004,2026-08-29,0.0,0,modified,320.0,308.9286,1.0358,0.0,0.0,21.0,1.1618,ok,24.0,1.6667,yes,,2026-08-25,37.1,-1.85,1.667,Noted,Larger than measurement error; may or may not be worthwhile,-1.1098,1.1098,4.0,ACWR describes how recent load compares with longer-term load. It does not predict injury.,no,Athlete 04,Defenders,a0004@example.edu
A0004,2026-08-30,0.0,0,full,320.0,308.9286,1.0358,0.0,0.0,,,no form,,,not expected,,2026-08-25,37.1,-1.85,1.667,Noted,Larger than measurement error; may or may not be worthwhile,-1.1098,1.1098,5.0,ACWR describes how recent load compares with longer-term load. It does not predict injury.,no,Athlete 04,Defenders,a0004@example.edu
A0004,2026-08-31,610.0,2,full,348.5714,307.5,1.1336,308.0,5774.0,19.0,-0.2831,ok,24.0,-0.4167,yes,,2026-08-25,37.1,-1.85,1.667,Noted,Larger than measurement error; may or may not be worthwhile,-1.1098,1.1098,6.0,ACWR describes how recent load compares with longer-term load. It does not predict injury.,no,Athlete 04,Defenders,a0004@example.edu
A0004,2026-09-01,450.0,1,full,335.7143,307.5,1.0918,270.0,4971.0,17.0,-1.6169,ok,24.0,-2.375,yes,,2026-09-01,39.7,0.75,1.667,No flag,Within measurement error,0.4499,-0.4499,0.0,ACWR describes how recent load compares with longer-term load. It does not predict injury.,no,Athlete 04,Defenders,a0004@example.edu
A0004,2026-09-02,450.0,1,full,335.7143,307.5,1.0918,403.0,5905.0,18.0,-0.812,ok,24.0,-1.25,yes,,2026-09-01,39.7,0.75,1.667,No flag,Within measurement error,0.4499,-0.4499,1.0,ACWR describes how recent load compares with longer-term load. It does not predict injury.,no,Athlete 04,Defenders,a0004@example.edu
A0004,2026-09-03,880.0,2,full,375.7143,317.1429,1.1847,279.0,4659.0,20.0,0.5785,ok,24.0,0.875,yes,,2026-09-01,39.7,0.75,1.667,No flag,Within measurement error,0.4499,-0.4499,2.0,ACWR describes how recent load compares with longer-term load. It does not predict injury.,no,Athlete 04,Defenders,a0004@example.edu
A0004,2026-09-04,60.0,1,full,350.0,310.7143,1.1264,146.0,3283.0,19.0,0.0,ok,24.0,0.0,yes,,2026-09-01,39.7,0.75,1.667,No flag,Within measurement error,0.4499,-0.4499,3.0,ACWR describes how recent load compares with longer-term load. It does not predict injury.,no,Athlete 04,Defenders,a0004@example.edu
A0004,2026-09-05,455.0,1,full,415.0,326.9643,1.2693,661.0,7122.0,19.0,0.0,ok,24.0,0.0,yes,,2026-09-01,39.7,0.75,1.667,No flag,Within measurement error,0.4499,-0.4499,4.0,ACWR describes how recent load compares with longer-term load. It does not predict injury.,no,Athlete 04,Defenders,a0004@example.edu
A0004,2026-09-06,0.0,0,full,415.0,326.9643,1.2693,0.0,0.0,,,no form,,,not expected,,2026-09-01,39.7,0.75,1.667,No flag,Within measurement error,0.4499,-0.4499,5.0,ACWR describes how recent load compares with longer-term load. It does not predict injury.,yes,Athlete 04,Defenders,a0004@example.edu
A0004,2026-09-07,405.0,2,modified,385.7143,316.4286,1.219,156.0,2593.0,19.0,-0.0687,ok,24.0,-0.0833,yes,,2026-09-01,39.7,0.75,1.667,No flag,Within measurement error,0.4499,-0.4499,6.0,ACWR describes how recent load compares with longer-term load. It does not predict injury.,yes,Athlete 04,Defenders,a0004@example.edu
A0004,2026-09-08,360.0,1,full,372.8571,310.0,1.2028,363.0,5653.0,21.0,1.5803,ok,24.0,1.9167,yes,,2026-09-08,38.8333,-0.1167,1.667,No flag,Within measurement error,-0.07,0.07,0.0,ACWR describes how recent load compares with longer-term load. It does not predict injury.,yes,Athlete 04,Defenders,a0004@example.edu
A0004,2026-09-09,540.0,1,full,385.7143,313.2143,1.2315,312.0,5291.0,19.0,-0.0991,ok,24.0,-0.125,yes,,2026-09-08,38.8333,-0.1167,1.667,No flag,Within measurement error,-0.07,0.07,1.0,ACWR describes how recent load compares with longer-term load. It does not predict injury.,yes,Athlete 04,Defenders,a0004@example.edu
A0004,2026-09-10,700.0,2,full,360.0,311.4286,1.156,300.0,4927.0,,,no form,,,no,,2026-09-08,38.8333,-0.1167,1.667,No flag,Within measurement error,-0.07,0.07,2.0,ACWR describes how recent load compares with longer-term load. It does not predict injury.,yes,Athlete 04,Defenders,a0004@example.edu
A0004,2026-09-11,240.0,1,full,385.7143,313.5714,1.2301,264.0,3631.0,18.0,-0.8763,ok,23.0,-1.1304,yes,,2026-09-08,38.8333,-0.1167,1.667,No flag,Within measurement error,-0.07,0.07,3.0,ACWR describes how recent load compares with longer-term load. It does not predict injury.,yes,Athlete 04,Defenders,a0004@example.edu
A0004,2026-09-12,469.0,1,full,387.7143,330.3214,1.1737,746.0,7043.0,20.0,0.6714,ok,23.0,0.8261,yes,,2026-09-08,38.8333,-0.1167,1.667,No flag,Within measurement error,-0.07,0.07,4.0,ACWR describes how recent load compares with longer-term load. It does not predict injury.,yes,Athlete 04,Defenders,a0004@example.edu
A0004,2026-09-13,0.0,0,full,387.7143,330.3214,1.1737,0.0,0.0,,,no form,,,not expected,,2026-09-08,38.8333,-0.1167,1.667,No flag,Within measurement error,-0.07,0.07,5.0,ACWR describes how recent load compares with longer-term load. It does not predict injury.,yes,Athlete 04,Defenders,a0004@example.edu
A0004,2026-09-14,560.0,2,full,409.8571,325.3214,1.2599,346.0,5320.0,17.0,-2.0116,ok,23.0,-2.3043,yes,review,2026-09-08,38.8333,-0.1167,1.667,No flag,Within measurement error,-0.07,0.07,6.0,ACWR describes how recent load compares with longer-term load. It does not predict injury.,yes,Athlete 04,Defenders,a0004@example.edu
A0004,2026-09-15,540.0,1,full,435.5714,344.6071,1.264,267.0,5698.0,,,no form,,,no,,2026-09-15,38.4333,-0.5167,1.667,No flag,Within measurement error,-0.3099,0.3099,0.0,ACWR describes how recent load compares with longer-term load. It does not predict injury.,yes,Athlete 04,Defenders,a0004@example.edu
A0004,2026-09-16,360.0,1,full,409.8571,357.4643,1.1466,380.0,5134.0,19.0,-0.113,ok,22.0,-0.1364,yes,,2026-09-15,38.4333,-0.5167,1.667,No flag,Within measurement error,-0.3099,0.3099,1.0,ACWR describes how recent load compares with longer-term load. It does not predict injury.,yes,Athlete 04,Defenders,a0004@example.edu
A0004,2026-09-17,740.0,2,full,415.5714,383.8929,1.0825,404.0,5631.0,19.0,-0.0401,ok,22.0,-0.0455,yes,,2026-09-15,38.4333,-0.5167,1.667,No flag,Within measurement error,-0.3099,0.3099,2.0,ACWR describes how recent load compares with longer-term load. It does not predict injury.,yes,Athlete 04,Defenders,a0004@example.edu
A0004,2026-09-18,300.0,1,full,424.1429,388.1786,1.0926,269.0,4032.0,18.0,-0.8987,ok,22.0,-1.0,yes,,2026-09-15,38.4333,-0.5167,1.667,No flag,Within measurement error,-0.3099,0.3099,3.0,ACWR describes how recent load compares with longer-term load. It does not predict injury.,yes,Athlete 04,Defenders,a0004@example.edu
A0004,2026-09-19,539.0,1,full,434.1429,389.2143,1.1154,645.0,8244.0,19.0,0.0401,ok,22.0,0.0455,yes,,2026-09-15,38.4333,-0.5167,1.667,No flag,Within measurement error,-0.3099,0.3099,4.0,ACWR describes how recent load compares with longer-term load. It does not predict injury.,yes,Athlete 04,Defenders,a0004@example.edu
A0004,2026-09-20,0.0,0,full,434.1429,389.2143,1.1154,0.0,0.0,,,no form,,,not expected,,2026-09-15,38.4333,-0.5167,1.667,No flag,Within measurement error,-0.3099,0.3099,5.0,ACWR describes how recent load compares with longer-term load. It does not predict injury.,yes,Athlete 04,Defenders,a0004@example.edu
A0004,2026-09-21,650.0,2,full,447.0,397.7857,1.1237,296.0,5530.0,19.0,0.0401,ok,22.0,0.0455,yes,,2026-09-15,38.4333,-0.5167,1.667,No flag,Within measurement error,-0.3099,0.3099,6.0,ACWR describes how recent load compares with longer-term load. It does not predict injury.,yes,Athlete 04,Defenders,a0004@example.edu
A0004,2026-09-22,450.0,1,full,434.1429,394.5714,1.1003,452.0,5820.0,20.0,0.913,ok,22.0,0.9545,yes,,2026-09-22,39.9333,0.9833,1.667,No flag,Within measurement error,0.5899,-0.5899,0.0,ACWR describes how recent load compares with longer-term load. It does not predict injury.,yes,Athlete 04,Defenders,a0004@example.edu
A0004,2026-09-23,360.0,1,full,434.1429,391.3571,1.1093,250.0,5154.0,18.0,-1.0243,ok,22.0,-1.0909,yes,,2026-09-22,39.9333,0.9833,1.667,No flag,Within measurement error,0.5899,-0.5899,1.0,ACWR describes how recent load compares with longer-term load. It does not predict injury.,yes,Athlete 04,Defenders,a0004@example.edu
A0004,2026-09-24,790.0,2,full,441.2857,398.1429,1.1084,315.0,4969.0,19.0,0.0,ok,22.0,0.0,yes,,2026-09-22,39.9333,0.9833,1.667,No flag,Within measurement error,0.5899,-0.5899,2.0,ACWR describes how recent load compares with longer-term load. It does not predict injury.,yes,Athlete 04,Defenders,a0004@example.edu
A0004,2026-09-25,180.0,1,full,424.1429,396.0,1.0711,135.0,3300.0,21.0,1.9564,ok,22.0,2.0455,yes,,2026-09-22,39.9333,0.9833,1.667,No flag,Within measurement error,0.5899,-0.5899,3.0,ACWR describes how recent load compares with longer-term load. It does not predict injury.,yes,Athlete 04,Defenders,a0004@example.edu
A0004,2026-09-26,640.0,1,full,438.5714,418.8571,1.0471,759.0,8008.0,19.0,-0.0401,ok,22.0,-0.0455,yes,,2026-09-22,39.9333,0.9833,1.667,No flag,Within measurement error,0.5899,-0.5899,4.0,ACWR describes how recent load compares with longer-term load. It does not predict injury.,yes,Athlete 04,Defenders,a0004@example.edu
A0004,2026-09-27,0.0,0,full,438.5714,418.8571,1.0471,0.0,0.0,,,no form,,,not expected,,2026-09-22,39.9333,0.9833,1.667,No flag,Within measurement error,0.5899,-0.5899,5.0,ACWR describes how recent load compares with longer-term load. It does not predict injury.,yes,Athlete 04,Defenders,a0004@example.edu
A0004,2026-09-28,520.0,2,full,420.0,415.6429,1.0105,385.0,5739.0,,,no form,,,no,,2026-09-22,39.9333,0.9833,1.667,No flag,Within measurement error,0.5899,-0.5899,6.0,ACWR describes how recent load compares with longer-term load. It does not predict injury.,yes,Athlete 04,Defenders,a0004@example.edu
A0004,2026-09-29,540.0,1,full,432.8571,418.8571,1.0334,320.0,5587.0,,,no form,,,no,,2026-09-29,39.7667,0.8167,1.667,No flag,Within measurement error,0.4899,-0.4899,0.0,ACWR describes how recent load compares with longer-term load. It does not predict injury.,yes,Athlete 04,Defenders,a0004@example.edu
A0004,2026-09-30,450.0,1,full,445.7143,418.8571,1.0641,364.0,5887.0,19.0,-0.0501,ok,20.0,-0.05,yes,,2026-09-29,39.7667,0.8167,1.667,No flag,Within measurement error,0.4899,-0.4899,1.0,ACWR describes how recent load compares with longer-term load. It does not predict injury.,yes,Athlete 04,Defenders,a0004@example.edu
A0004,2026-10-01,650.0,2,full,425.7143,410.6429,1.0367,393.0,5449.0,18.0,-1.1365,ok,20.0,-1.1,yes,,2026-09-29,39.7667,0.8167,1.667,No flag,Within measurement error,0.4899,-0.4899,2.0,ACWR describes how recent load compares with longer-term load. It does not predict injury.,yes,Athlete 04,Defenders,a0004@example.edu
A0004,2026-10-02,300.0,1,full,442.8571,419.2143,1.0564,256.0,3970.0,19.0,0.0,ok,20.0,0.0,yes,,2026-09-29,39.7667,0.8167,1.667,No flag,Within measurement error,0.4899,-0.4899,3.0,ACWR describes how recent load compares with longer-term load. It does not predict injury.,yes,Athlete 04,Defenders,a0004@example.edu
A0004,2026-10-03,560.0,1,full,431.4286,422.9643,1.02,698.0,8024.0,20.0,1.0274,ok,20.0,1.0,yes,,2026-09-29,39.7667,0.8167,1.667,No flag,Within measurement error,0.4899,-0.4899,4.0,ACWR describes how recent load compares with longer-term load. It does not predict injury.,yes,Athlete 04,Defenders,a0004@example.edu
A0005,2026-07-06,560.0,2,full,,,,325.0,4404.0,19.0,,baseline too short,0.0,,yes,,,,,,,,,,,ACWR describes how recent load compares with longer-term load. It does not predict injury.,no,Athlete 05,Defenders,a0005@example.edu
A0005,2026-07-07,225.0,1,modified,,,,97.0,2184.0,17.0,,baseline too short,1.0,,yes,,2026-07-07,34.1,,,Baseline,Baseline test,,,0.0,ACWR describes how recent load compares with longer-term load. It does not predict injury.,no,Athlete 05,Defenders,a0005@example.edu
A0005,2026-07-08,360.0,1,full,,,,278.0,4829.0,18.0,,baseline too short,2.0,,yes,,2026-07-07,34.1,,,Baseline,Baseline test,,,1.0,ACWR describes how recent load compares with longer-term load. It does not predict injury.,no,Athlete 05,Defenders,a0005@example.edu
A0005,2026-07-09,650.0,2,full,,,,291.0,4789.0,15.0,,baseline too short,3.0,,yes,,2026-07-09,33.0,,,Baseline,Baseline test,,,0.0,ACWR describes how recent load compares with longer-term load. It does not predict injury.,no,Athlete 05,Defenders,a0005@example.edu
A0005,2026-07-10,240.0,1,full,,,,147.0,2971.0,15.0,,baseline too short,4.0,,yes,,2026-07-09,33.0,,,Baseline,Baseline test,,,1.0,ACWR describes how recent load compares with longer-term load. It does not predict injury.,no,Athlete 05,Defenders,a0005@example.edu
A0005,2026-07-11,0.0,0,full,,,,0.0,0.0,15.0,,baseline too short,5.0,,yes,,2026-07-09,33.0,,,Baseline,Baseline test,,,2.0,ACWR describes how recent load compares with longer-term load. It does not predict injury.,no,Athlete 05,Defenders,a0005@example.edu
A0005,2026-07-12,0.0,0,full,290.7143,,,0.0,0.0,,,no form,,,not expected,,2026-07-09,33.0,,,Baseline,Baseline test,,,3.0,ACWR describes how recent load compares with longer-term load. It does not predict injury.,no,Athlete 05,Defenders,a0005@example.edu
A0005,2026-07-13,,2,full,,,,220.0,4583.0,15.0,,baseline too short,6.0,,yes,,2026-07-09,33.0,,,Baseline,Baseline test,,,4.0,ACWR describes how recent load compares with longer-term load. It does not predict injury.,no,Athlete 05,Defenders,a0005@example.edu
A0005,2026-07-14,270.0,1,full,,,,263.0,4360.0,15.0,,baseline too short,7.0,,yes,,2026-07-14,,,,Baseline,Baseline test,,,0.0,ACWR describes how recent load compares with longer-term load. It does not predict injury.,no,Athlete 05,Defenders,a0005@example.edu
A0005,2026-07-15,450.0,1,full,,,,290.0,4472.0,15.0,,baseline too short,8.0,,yes,,2026-07-14,,,,Baseline,Baseline test,,,1.0,ACWR describes how recent load compares with longer-term load. It does not predict injury.,no,Athlete 05,Defenders,a0005@example.edu
A0005,2026-07-16,650.0,2,full,,,,208.0,4639.0,18.0,,baseline too short,9.0,,yes,,2026-07-14,,,,Baseline,Baseline test,,,2.0,ACWR describes how recent load compares with longer-term load. It does not predict injury.,no,Athlete 05,Defenders,a0005@example.edu
A0005,2026-07-17,240.0,1,full,,,,223.0,3219.0,17.0,,baseline too short,10.0,,yes,,2026-07-14,,,,Baseline,Baseline test,,,3.0,ACWR describes how recent load compares with longer-term load. It does not predict injury.,no,Athlete 05,Defenders,a0005@example.edu
A0005,2026-07-18,0.0,0,full,,,,0.0,0.0,15.0,,baseline too short,11.0,,yes,,2026-07-14,,,,Baseline,Baseline test,,,4.0,ACWR describes how recent load compares with longer-term load. It does not predict injury.,no,Athlete 05,Defenders,a0005@example.edu
A0005,2026-07-19,0.0,0,full,,,,0.0,0.0,,,no form,,,not expected,,2026-07-14,,,,Baseline,Baseline test,,,5.0,ACWR describes how recent load compares with longer-term load. It does not predict injury.,no,Athlete 05,Defenders,a0005@example.edu
A0005,2026-07-20,,2,full,,,,454.0,7742.0,15.0,,baseline too short,12.0,,yes,,2026-07-14,,,,Baseline,Baseline test,,,6.0,ACWR describes how recent load compares with longer-term load. It does not predict injury.,no,Athlete 05,Defenders,a0005@example.edu
A0005,2026-07-21,540.0,1,full,,,,373.0,7684.0,15.0,,baseline too short,13.0,,yes,,2026-07-21,36.2,,,Baseline,Baseline test,,,0.0,ACWR describes how recent load compares with longer-term load. It does not predict injury.,no,Athlete 05,Defenders,a0005@example.edu
A0005,2026-07-22,540.0,1,full,,,,399.0,6817.0,14.0,-1.3628,ok,14.0,-2.0,yes,,2026-07-21,36.2,,,Baseline,Baseline test,,,1.0,ACWR describes how recent load compares with longer-term load. It does not predict injury.,no,Athlete 05,Defenders,a0005@example.edu
A0005,2026-07-23,790.0,2,full,,,,431.0,7925.0,19.0,2.0812,ok,15.0,3.1333,yes,,2026-07-21,36.2,,,Baseline,Baseline test,,,2.0,ACWR describes how recent load compares with longer-term load. It does not predict injury.,no,Athlete 05,Defenders,a0005@example.edu
A0005,2026-07-24,240.0,1,full,,,,290.0,4979.0,17.0,0.5675,ok,16.0,0.9375,yes,,2026-07-21,36.2,,,Baseline,Baseline test,,,3.0,ACWR describes how recent load compares with longer-term load. It does not predict injury.,no,Athlete 05,Defenders,a0005@example.edu
A0005,2026-07-25,0.0,0,full,,,,0.0,0.0,,,no form,,,no,,2026-07-21,36.2,,,Baseline,Baseline test,,,4.0,ACWR describes how recent load compares with longer-term load. It does not predict injury.,no,Athlete 05,Defenders,a0005@example.edu
A0005,2026-07-26,0.0,0,full,,,,0.0,0.0,,,no form,,,not expected,,2026-07-21,36.2,,,Baseline,Baseline test,,,5.0,ACWR describes how recent load compares with longer-term load. It does not predict injury.,no,Athlete 05,Defenders,a0005@example.edu
A0005,2026-07-27,790.0,2,full,414.2857,,,370.0,5787.0,16.0,-0.0728,ok,17.0,-0.1176,yes,,2026-07-21,36.2,,,Baseline,Baseline test,,,6.0,ACWR describes how recent load compares with longer-term load. It does not predict injury.,no,Athlete 05,Defenders,a0005@example.edu
A0005,2026-07-28,540.0,1,full,414.2857,,,363.0,6053.0,,,no form,,,no,,2026-07-28,32.9,,,Baseline,Baseline test,,,0.0,ACWR describes how recent load compares with longer-term load. It does not predict injury.,no,Athlete 05,Defenders,a0005@example.edu
A0005,2026-07-29,360.0,1,full,388.5714,,,292.0,5660.0,15.0,-0.7088,ok,18.0,-1.1111,yes,,2026-07-28,32.9,,,Baseline,Baseline test,,,1.0,ACWR describes how recent load compares with longer-term load. It does not predict injury.,no,Athlete 05,Defenders,a0005@example.edu
A0005,2026-07-30,830.0,2,full,394.2857,,,289.0,6084.0,18.0,1.2607,ok,19.0,1.9474,yes,,2026-07-28,32.9,,,Baseline,Baseline test,,,2.0,ACWR describes how recent load compares with longer-term load. It does not predict injury.,no,Athlete 05,Defenders,a0005@example.edu
A0005,2026-07-31,240.0,1,full,394.2857,,,221.0,4001.0,18.0,1.1819,ok,20.0,1.85,yes,,2026-07-28,32.9,,,Baseline,Baseline test,,,3.0,ACWR describes how recent load compares with longer-term load. It does not predict injury.,no,Athlete 05,Defenders,a0005@example.edu
A0005,2026-08-01,0.0,0,full,394.2857,,,0.0,0.0,,,no form,,,no,,2026-07-28,32.9,,,Baseline,Baseline test,,,4.0,ACWR describes how recent load compares with longer-term load. It does not predict injury.,no,Athlete 05,Defenders,a0005@example.edu
A0005,2026-08-02,0.0,0,full,394.2857,,,0.0,0.0,,,no form,,,not expected,,2026-07-28,32.9,,,Baseline,Baseline test,,,5.0,ACWR describes how recent load compares with longer-term load. It does not predict injury.,no,Athlete 05,Defenders,a0005@example.edu
A0005,2026-08-03,700.0,2,full,381.4286,,,328.0,5906.0,17.0,0.4828,ok,21.0,0.7619,yes,,2026-07-28,32.9,,,Baseline,Baseline test,,,6.0,ACWR describes how recent load compares with longer-term load. It does not predict injury.,no,Athlete 05,Defenders,a0005@example.edu
A0005,2026-08-04,540.0,1,full,381.4286,,,460.0,6731.0,19.0,1.9583,ok,21.0,2.8571,yes,,2026-08-04,32.7667,-1.2833,1.667,No flag,Within measurement error,-0.7699,0.7699,0.0,ACWR describes how recent load compares with longer-term load. It does not predict injury.,no,Athlete 05,Defenders,a0005@example.edu
A0005,2026-08-05,360.0,1,full,381.4286,,,289.0,5435.0,16.0,-0.1509,ok,21.0,-0.2381,yes,,2026-08-04,32.7667,-1.2833,1.667,No flag,Within measurement error,-0.7699,0.7699,1.0,ACWR describes how recent load compares with longer-term load. It does not predict injury.,no,Athlete 05,Defenders,a0005@example.edu
A0005,2026-08-06,610.0,2,full,350.0,,,299.0,5297.0,17.0,0.5617,ok,21.0,0.8571,yes,,2026-08-04,32.7667,-1.2833,1.667,No flag,Within measurement error,-0.7699,0.7699,2.0,ACWR describes how recent load compares with longer-term load. It does not predict injury.,no,Athlete 05,Defenders,a0005@example.edu
A0005,2026-08-07,240.0,1,full,350.0,,,275.0,4200.0,17.0,0.5034,ok,21.0,0.7619,yes,,2026-08-04,32.7667,-1.2833,1.667,No flag,Within measurement error,-0.7699,0.7699,3.0,ACWR describes how recent load compares with longer-term load. It does not predict injury.,no,Athlete 05,Defenders,a0005@example.edu
A0005,2026-08-08,0.0,0,full,350.0,,,0.0,0.0,15.0,-0.8922,ok,21.0,-1.3333,yes,,2026-08-04,32.7667,-1.2833,1.667,No flag,Within measurement error,-0.7699,0.7699,4.0,ACWR describes how recent load compares with longer-term load. It does not predict injury.,no,Athlete 05,Defenders,a0005@example.edu
A0005,2026-08-09,0.0,0,full,350.0,,,0.0,0.0,,,no form,,,not expected,,2026-08-04,32.7667,-1.2833,1.667,No flag,Within measurement error,-0.7699,0.7699,5.0,ACWR describes how recent load compares with longer-term load. It does not predict injury.,no,Athlete 05,Defenders,a0005@example.edu
A0005,2026-08-10,790.0,2,full,362.8571,,,345.0,6031.0,16.0,-0.223,ok,21.0,-0.3333,yes,,2026-08-04,32.7667,-1.2833,1.667,No flag,Within measurement error,-0.7699,0.7699,6.0,ACWR describes how recent load compares with longer-term load. It does not predict injury.,no,Athlete 05,Defenders,a0005@example.edu
A0005,2026-08-11,630.0,1,full,375.7143,,,363.0,5971.0,16.0,-0.26,ok,21.0,-0.381,yes,,2026-08-11,34.8333,0.7833,1.667,No flag,Within measurement error,0.4699,-0.4699,0.0,ACWR describes how recent load compares with longer-term load. It does not predict injury.,no,Athlete 05,Defenders,a0005@example.edu
A0005,2026-08-12,450.0,1,full,388.5714,,,360.0,6010.0,19.0,1.7928,ok,21.0,2.5714,yes,,2026-08-11,34.8333,0.7833,1.667,No flag,Within measurement error,0.4699,-0.4699,1.0,ACWR describes how recent load compares with longer-term load. It does not predict injury.,no,Athlete 05,Defenders,a0005@example.edu
A0005,2026-08-13,790.0,2,full,414.2857,,,345.0,5995.0,18.0,0.9211,ok,21.0,1.381,yes,,2026-08-11,34.8333,0.7833,1.667,No flag,Within measurement error,0.4699,-0.4699,2.0,ACWR describes how recent load compares with longer-term load. It does not predict injury.,no,Athlete 05,Defenders,a0005@example.edu
A0005,2026-08-14,240.0,1,full,414.2857,,,211.0,4222.0,17.0,0.2541,ok,21.0,0.381,yes,,2026-08-11,34.8333,0.7833,1.667,No flag,Within measurement error,0.4699,-0.4699,3.0,ACWR describes how recent load compares with longer-term load. It does not predict injury.,no,Athlete 05,Defenders,a0005@example.edu
A0005,2026-08-15,0.0,0,full,414.2857,,,0.0,0.0,16.0,-0.4129,ok,21.0,-0.619,yes,,2026-08-11,34.8333,0.7833,1.667,No flag,Within measurement error,0.4699,-0.4699,4.0,ACWR describes how recent load compares with longer-term load. It does not predict injury.,no,Athlete 05,Defenders,a0005@example.edu
A0005,2026-08-16,0.0,0,full,414.2857,,,0.0,0.0,,,no form,,,not expected,,2026-08-11,34.8333,0.7833,1.667,No flag,Within measurement error,0.4699,-0.4699,5.0,ACWR describes how recent load compares with longer-term load. It does not predict injury.,no,Athlete 05,Defenders,a0005@example.edu
A0005,2026-08-17,610.0,2,full,388.5714,386.7857,1.0046,282.0,5775.0,16.0,-0.4564,ok,21.0,-0.6667,yes,,2026-08-11,34.8333,0.7833,1.667,No flag,Within measurement error,0.4699,-0.4699,6.0,ACWR describes how recent load compares with longer-term load. It does not predict injury.,no,Athlete 05,Defenders,a0005@example.edu
A0005,2026-08-18,540.0,1,full,375.7143,386.7857,0.9714,289.0,5895.0,12.0,-3.3217,ok,21.0,-4.7143,yes,review,2026-08-18,34.2667,0.2167,1.667,No flag,Within measurement error,0.13,-0.13,0.0,ACWR describes how recent load compares with longer-term load. It does not predict injury.,no,Athlete 05,Defenders,a0005@example.edu
A0005,2026-08-19,540.0,1,full,388.5714,386.7857,1.0046,395.0,5667.0,,,no form,,,no,,2026-08-18,34.2667,0.2167,1.667,No flag,Within measurement error,0.13,-0.13,1.0,ACWR describes how recent load compares with longer-term load. It does not predict injury.,no,Athlete 05,Defenders,a0005@example.edu
A0005,2026-08-20,650.0,2,full,368.5714,381.7857,0.9654,294.0,5792.0,17.0,0.181,ok,20.0,0.3,yes,,2026-08-18,34.2667,0.2167,1.667,No flag,Within measurement error,0.13,-0.13,2.0,ACWR describes how recent load compares with longer-term load. It does not predict injury.,no,Athlete 05,Defenders,a0005@example.edu
A0005,2026-08-21,240.0,1,full,368.5714,381.7857,0.9654,245.0,3738.0,17.0,0.2549,ok,20.0,0.4,yes,,2026-08-18,34.2667,0.2167,1.667,No flag,Within measurement error,0.13,-0.13,3.0,ACWR describes how recent load compares with longer-term load. It does not predict injury.,no,Athlete 05,Defenders,a0005@example.edu
A0005,2026-08-22,712.0,1,full,470.2857,407.2143,1.1549,822.0,10160.0,14.0,-1.6566,ok,20.0,-2.6,yes,,2026-08-18,34.2667,0.2167,1.667,No flag,Within measurement error,0.13,-0.13,4.0,ACWR describes how recent load compares with longer-term load. It does not predict injury.,no,Athlete 05,Defenders,a0005@example.edu
A0005,2026-08-23,0.0,0,full,470.2857,407.2143,1.1549,0.0,0.0,,,no form,,,not expected,,2026-08-18,34.2667,0.2167,1.667,No flag,Within measurement error,0.13,-0.13,5.0,ACWR describes how recent load compares with longer-term load. It does not predict injury.,no,Athlete 05,Defenders,a0005@example.edu
A0005,2026-08-24,420.0,2,full,443.1429,394.0,1.1247,312.0,5651.0,15.0,-0.9048,ok,21.0,-1.4762,yes,,2026-08-18,34.2667,0.2167,1.667,No flag,Within measurement error,0.13,-0.13,6.0,ACWR describes how recent load compares with longer-term load. It does not predict injury.,no,Athlete 05,Defenders,a0005@example.edu
A0005,2026-08-25,450.0,1,full,430.2857,390.7857,1.1011,368.0,6130.0,14.0,-1.4626,ok,21.0,-2.4286,yes,,2026-08-25,34.9,0.85,1.667,No flag,Within measurement error,0.5099,-0.5099,0.0,ACWR describes how recent load compares with longer-term load. It does not predict injury.,no,Athlete 05,Defenders,a0005@example.edu
A0005,2026-08-26,450.0,1,full,417.4286,394.0,1.0595,375.0,5969.0,16.0,-0.187,ok,22.0,-0.3182,yes,,2026-08-25,34.9,0.85,1.667,No flag,Within measurement error,0.5099,-0.5099,1.0,ACWR describes how recent load compares with longer-term load. It does not predict injury.,no,Athlete 05,Defenders,a0005@example.edu
A0005,2026-08-27,,2,full,,,,464.0,5803.0,18.0,0.9755,ok,22.0,1.6364,yes,,2026-08-25,34.9,0.85,1.667,No flag,Within measurement error,0.5099,-0.5099,2.0,ACWR describes how recent load compares with longer-term load. It does not predict injury.,no,Athlete 05,Defenders,a0005@example.edu
A0005,2026-08-28,120.0,1,full,,,,207.0,3942.0,18.0,0.9755,ok,22.0,1.6364,yes,,2026-08-25,34.9,0.85,1.667,No flag,Within measurement error,0.5099,-0.5099,3.0,ACWR describes how recent load compares with longer-term load. It does not predict injury.,no,Athlete 05,Defenders,a0005@example.edu
A0005,2026-08-29,637.0,1,full,,,,843.0,9776.0,14.0,-1.4091,ok,22.0,-2.3636,yes,,2026-08-25,34.9,0.85,1.667,No flag,Within measurement error,0.5099,-0.5099,4.0,ACWR describes how recent load compares with longer-term load. It does not predict injury.,no,Athlete 05,Defenders,a0005@example.edu
A0005,2026-08-30,0.0,0,full,,,,0.0,0.0,,,no form,,,not expected,,2026-08-25,34.9,0.85,1.667,No flag,Within measurement error,0.5099,-0.5099,5.0,ACWR describes how recent load compares with longer-term load. It does not predict injury.,no,Athlete 05,Defenders,a0005@example.edu
A0005,2026-08-31,510.0,2,full,,,,360.0,5744.0,16.0,-0.1524,ok,23.0,-0.2609,yes,,2026-08-25,34.9,0.85,1.667,No flag,Within measurement error,0.5099,-0.5099,6.0,ACWR describes how recent load compares with longer-term load. It does not predict injury.,no,Athlete 05,Defenders,a0005@example.edu
A0005,2026-09-01,720.0,1,full,,,,298.0,5764.0,15.0,-0.7142,ok,23.0,-1.2174,yes,,2026-09-01,35.3667,1.3167,1.667,No flag,Within measurement error,0.7899,-0.7899,0.0,ACWR describes how recent load compares with longer-term load. It does not predict injury.,no,Athlete 05,Defenders,a0005@example.edu
A0005,2026-09-02,450.0,1,full,,,,333.0,5819.0,16.0,-0.027,ok,23.0,-0.0435,yes,,2026-09-01,35.3667,1.3167,1.667,No flag,Within measurement error,0.7899,-0.7899,1.0,ACWR describes how recent load compares with longer-term load. It does not predict injury.,no,Athlete 05,Defenders,a0005@example.edu
A0005,2026-09-03,600.0,2,full,433.8571,,,,,16.0,-0.027,ok,23.0,-0.0435,yes,,2026-09-01,35.3667,1.3167,1.667,No flag,Within measurement error,0.7899,-0.7899,2.0,ACWR describes how recent load compares with longer-term load. It does not predict injury.,no,Athlete 05,Defenders,a0005@example.edu
A0005,2026-09-04,180.0,1,full,442.4286,,,192.0,3536.0,,,no form,,,no,,2026-09-01,35.3667,1.3167,1.667,No flag,Within measurement error,0.7899,-0.7899,3.0,ACWR describes how recent load compares with longer-term load. It does not predict injury.,no,Athlete 05,Defenders,a0005@example.edu
A0005,2026-09-05,595.0,1,full,436.4286,,,1092.0,9456.0,,,no form,,,no,,2026-09-01,35.3667,1.3167,1.667,No flag,Within measurement error,0.7899,-0.7899,4.0,ACWR describes how recent load compares with longer-term load. It does not predict injury.,no,Athlete 05,Defenders,a0005@example.edu
A0005,2026-09-06,0.0,0,full,436.4286,,,0.0,0.0,,,no form,,,not expected,,2026-09-01,35.3667,1.3167,1.667,No flag,Within measurement error,0.7899,-0.7899,5.0,ACWR describes how recent load compares with longer-term load. It does not predict injury.,yes,Athlete 05,Defenders,a0005@example.edu
A0005,2026-09-07,560.0,2,full,443.5714,,,334.0,5792.0,15.0,-0.6086,ok,21.0,-1.0,yes,,2026-09-01,35.3667,1.3167,1.667,No flag,Within measurement error,0.7899,-0.7899,6.0,ACWR describes how recent load compares with longer-term load. It does not predict injury.,yes,Athlete 05,Defenders,a0005@example.edu
A0005,2026-09-08,540.0,1,full,417.8571,,,272.0,5847.0,,,no form,,,no,,2026-09-08,34.3,0.25,1.667,No flag,Within measurement error,0.15,-0.15,0.0,ACWR describes how recent load compares with longer-term load. It does not predict injury.,yes,Athlete 05,Defenders,a0005@example.edu
A0005,2026-09-09,360.0,1,full,405.0,,,367.0,5727.0,16.0,0.0294,ok,20.0,0.05,yes,,2026-09-08,34.3,0.25,1.667,No flag,Within measurement error,0.15,-0.15,1.0,ACWR describes how recent load compares with longer-term load. It does not predict injury.,yes,Athlete 05,Defenders,a0005@example.edu
A0005,2026-09-10,510.0,2,full,392.1429,,,404.0,5744.0,17.0,0.778,ok,20.0,1.2,yes,,2026-09-08,34.3,0.25,1.667,No flag,Within measurement error,0.15,-0.15,2.0,ACWR describes how recent load compares with longer-term load. It does not predict injury.,yes,Athlete 05,Defenders,a0005@example.edu
A0005,2026-09-11,240.0,1,full,400.7143,,,180.0,3936.0,17.0,0.8433,ok,20.0,1.25,yes,,2026-09-08,34.3,0.25,1.667,No flag,Within measurement error,0.15,-0.15,3.0,ACWR describes how recent load compares with longer-term load. It does not predict injury.,yes,Athlete 05,Defenders,a0005@example.edu
A0005,2026-09-12,656.0,1,full,409.4286,,,891.0,8971.0,19.0,2.1925,ok,20.0,3.25,yes,,2026-09-08,34.3,0.25,1.667,No flag,Within measurement error,0.15,-0.15,4.0,ACWR describes how recent load compares with longer-term load. It does not predict injury.,yes,Athlete 05,Defenders,a0005@example.edu
A0005,2026-09-13,0.0,0,full,409.4286,,,0.0,0.0,,,no form,,,not expected,,2026-09-08,34.3,0.25,1.667,No flag,Within measurement error,0.15,-0.15,5.0,ACWR describes how recent load compares with longer-term load. It does not predict injury.,yes,Athlete 05,Defenders,a0005@example.edu
A0005,2026-09-14,560.0,2,full,409.4286,,,295.0,5821.0,,,no form,,,no,,2026-09-08,34.3,0.25,1.667,No flag,Within measurement error,0.15,-0.15,6.0,ACWR describes how recent load compares with longer-term load. It does not predict injury.,yes,Athlete 05,Defenders,a0005@example.edu
A0005,2026-09-15,540.0,1,full,409.4286,,,364.0,5793.0,17.0,0.6516,ok,19.0,1.1053,yes,,2026-09-15,35.1333,1.0833,1.667,No flag,Within measurement error,0.6499,-0.6499,0.0,ACWR describes how recent load compares with longer-term load. It does not predict injury.,yes,Athlete 05,Defenders,a0005@example.edu
A0005,2026-09-16,360.0,1,full,409.4286,,,361.0,5761.0,17.0,0.5912,ok,19.0,0.8421,yes,,2026-09-15,35.1333,1.0833,1.667,No flag,Within measurement error,0.6499,-0.6499,1.0,ACWR describes how recent load compares with longer-term load. It does not predict injury.,yes,Athlete 05,Defenders,a0005@example.edu
A0005,2026-09-17,610.0,2,full,423.7143,,,279.0,5171.0,14.0,-1.5723,ok,20.0,-2.2,yes,,2026-09-15,35.1333,1.0833,1.667,No flag,Within measurement error,0.6499,-0.6499,2.0,ACWR describes how recent load compares with longer-term load. It does not predict injury.,yes,Athlete 05,Defenders,a0005@example.edu
A0005,2026-09-18,180.0,1,full,415.1429,,,241.0,3793.0,15.0,-0.7152,ok,20.0,-1.05,yes,,2026-09-15,35.1333,1.0833,1.667,No flag,Within measurement error,0.6499,-0.6499,3.0,ACWR describes how recent load compares with longer-term load. It does not predict injury.,yes,Athlete 05,Defenders,a0005@example.edu
A0005,2026-09-19,623.0,1,full,410.4286,,,1064.0,9488.0,18.0,1.3964,ok,20.0,2.05,yes,,2026-09-15,35.1333,1.0833,1.667,No flag,Within measurement error,0.6499,-0.6499,4.0,ACWR describes how recent load compares with longer-term load. It does not predict injury.,yes,Athlete 05,Defenders,a0005@example.edu
A0005,2026-09-20,0.0,0,full,410.4286,,,0.0,0.0,,,no form,,,not expected,,2026-09-15,35.1333,1.0833,1.667,No flag,Within measurement error,0.6499,-0.6499,5.0,ACWR describes how recent load compares with longer-term load. It does not predict injury.,yes,Athlete 05,Defenders,a0005@example.edu
A0005,2026-09-21,285.0,2,modified,371.1429,,,133.0,2537.0,14.0,-1.4717,ok,20.0,-2.15,yes,,2026-09-15,35.1333,1.0833,1.667,No flag,Within measurement error,0.6499,-0.6499,6.0,ACWR describes how recent load compares with longer-term load. It does not predict injury.,yes,Athlete 05,Defenders,a0005@example.edu
A0005,2026-09-22,630.0,1,full,384.0,,,381.0,5237.0,17.0,0.5928,ok,20.0,0.9,yes,,2026-09-22,34.0333,-0.0167,1.667,No flag,Within measurement error,-0.01,0.01,0.0,ACWR describes how recent load compares with longer-term load. It does not predict injury.,yes,Athlete 05,Defenders,a0005@example.edu
A0005,2026-09-23,360.0,1,full,384.0,,,318.0,5870.0,19.0,1.9013,ok,20.0,2.75,yes,,2026-09-22,34.0333,-0.0167,1.667,No flag,Within measurement error,-0.01,0.01,1.0,ACWR describes how recent load compares with longer-term load. It does not predict injury.,yes,Athlete 05,Defenders,a0005@example.edu
A0005,2026-09-24,790.0,2,full,409.7143,414.8571,0.9876,339.0,5480.0,16.0,-0.2549,ok,20.0,-0.4,yes,,2026-09-22,34.0333,-0.0167,1.667,No flag,Within measurement error,-0.01,0.01,2.0,ACWR describes how recent load compares with longer-term load. It does not predict injury.,yes,Athlete 05,Defenders,a0005@example.edu
A0005,2026-09-25,180.0,1,full,409.7143,417.0,0.9825,219.0,4087.0,17.0,0.4589,ok,20.0,0.7,yes,,2026-09-22,34.0333,-0.0167,1.667,No flag,Within measurement error,-0.01,0.01,3.0,ACWR describes how recent load compares with longer-term load. It does not predict injury.,yes,Athlete 05,Defenders,a0005@example.edu
A0005,2026-09-26,665.0,1,full,415.7143,418.0,0.9945,1100.0,10098.0,16.0,-0.1687,ok,20.0,-0.25,yes,,2026-09-22,34.0333,-0.0167,1.667,No flag,Within measurement error,-0.01,0.01,4.0,ACWR describes how recent load compares with longer-term load. It does not predict injury.,yes,Athlete 05,Defenders,a0005@example.edu
A0005,2026-09-27,0.0,0,full,415.7143,418.0,0.9945,0.0,0.0,,,no form,,,not expected,,2026-09-22,34.0333,-0.0167,1.667,No flag,Within measurement error,-0.01,0.01,5.0,ACWR describes how recent load compares with longer-term load. It does not predict injury.,yes,Athlete 05,Defenders,a0005@example.edu
A0005,2026-09-28,610.0,2,full,462.1429,421.5714,1.0962,357.0,5954.0,18.0,1.1896,ok,20.0,1.65,yes,,2026-09-22,34.0333,-0.0167,1.667,No flag,Within measurement error,-0.01,0.01,6.0,ACWR describes how recent load compares with longer-term load. It does not predict injury.,yes,Athlete 05,Defenders,a0005@example.edu
A0005,2026-09-29,540.0,1,full,449.2857,415.1429,1.0822,347.0,5532.0,18.0,1.0826,ok,20.0,1.55,yes,,2026-09-29,,,1.667,No data,Not enough data,,,0.0,ACWR describes how recent load compares with longer-term load. It does not predict injury.,yes,Athlete 05,Defenders,a0005@example.edu
A0005,2026-09-30,450.0,1,full,462.1429,415.1429,1.1132,300.0,5670.0,16.0,-0.4199,ok,20.0,-0.6,yes,,2026-09-29,,,1.667,No data,Not enough data,,,1.0,ACWR describes how recent load compares with longer-term load. It does not predict injury.,yes,Athlete 05,Defenders,a0005@example.edu
A0005,2026-10-01,600.0,2,full,435.0,415.1429,1.0478,270.0,5412.0,,,no form,,,no,,2026-09-29,,,1.667,No data,Not enough data,,,2.0,ACWR describes how recent load compares with longer-term load. It does not predict injury.,yes,Athlete 05,Defenders,a0005@example.edu
A0005,2026-10-02,180.0,1,full,435.0,415.1429,1.0478,258.0,4403.0,16.0,-0.4323,ok,19.0,-0.6316,yes,,2026-09-29,,,1.667,No data,Not enough data,,,3.0,ACWR describes how recent load compares with longer-term load. It does not predict injury.,yes,Athlete 05,Defenders,a0005@example.edu
A0005,2026-10-03,570.0,1,full,421.4286,414.25,1.0173,1135.0,11080.0,17.0,0.2799,ok,20.0,0.4,yes,,2026-09-29,,,1.667,No data,Not enough data,,,4.0,ACWR describes how recent load compares with longer-term load. It does not predict injury.,yes,Athlete 05,Defenders,a0005@example.edu
A0006,2026-07-06,420.0,2,full,,,,258.0,5180.0,20.0,,baseline too short,0.0,,yes,,,,,,,,,,,ACWR describes how recent load compares with longer-term load. It does not predict injury.,no,Athlete 06,Defenders,a0006@example.edu
A0006,2026-07-07,540.0,1,full,,,,360.0,5396.0,16.0,,baseline too short,1.0,,yes,,2026-07-07,45.5,,,Baseline,Baseline test,,,0.0,ACWR describes how recent load compares with longer-term load. It does not predict injury.,no,Athlete 06,Defenders,a0006@example.edu
A0006,2026-07-08,270.0,1,full,,,,360.0,5427.0,19.0,,baseline too short,2.0,,yes,,2026-07-07,45.5,,,Baseline,Baseline test,,,1.0,ACWR describes how recent load compares with longer-term load. It does not predict injury.,no,Athlete 06,Defenders,a0006@example.edu
A0006,2026-07-09,420.0,2,full,,,,291.0,4768.0,19.0,,baseline too short,3.0,,yes,,2026-07-09,44.2,,,Baseline,Baseline test,,,0.0,ACWR describes how recent load compares with longer-term load. It does not predict injury.,no,Athlete 06,Defenders,a0006@example.edu
A0006,2026-07-10,60.0,1,full,,,,184.0,3177.0,15.0,,baseline too short,4.0,,yes,,2026-07-09,44.2,,,Baseline,Baseline test,,,1.0,ACWR describes how recent load compares with longer-term load. It does not predict injury.,no,Athlete 06,Defenders,a0006@example.edu
A0006,2026-07-11,0.0,0,full,,,,0.0,0.0,21.0,,baseline too short,5.0,,yes,,2026-07-09,44.2,,,Baseline,Baseline test,,,2.0,ACWR describes how recent load compares with longer-term load. It does not predict injury.,no,Athlete 06,Defenders,a0006@example.edu
A0006,2026-07-12,0.0,0,full,244.2857,,,0.0,0.0,,,no form,,,not expected,,2026-07-09,44.2,,,Baseline,Baseline test,,,3.0,ACWR describes how recent load compares with longer-term load. It does not predict injury.,no,Athlete 06,Defenders,a0006@example.edu
A0006,2026-07-13,600.0,2,full,270.0,,,326.0,4867.0,16.0,,baseline too short,6.0,,yes,,2026-07-09,44.2,,,Baseline,Baseline test,,,4.0,ACWR describes how recent load compares with longer-term load. It does not predict injury.,no,Athlete 06,Defenders,a0006@example.edu
A0006,2026-07-14,450.0,1,full,257.1429,,,405.0,5461.0,,,no form,,,no,,2026-07-14,46.0,,,Baseline,Baseline test,,,0.0,ACWR describes how recent load compares with longer-term load. It does not predict injury.,no,Athlete 06,Defenders,a0006@example.edu
A0006,2026-07-15,450.0,1,full,282.8571,,,241.0,4836.0,18.0,,baseline too short,7.0,,yes,,2026-07-14,46.0,,,Baseline,Baseline test,,,1.0,ACWR describes how recent load compares with longer-term load. It does not predict injury.,no,Athlete 06,Defenders,a0006@example.edu
A0006,2026-07-16,420.0,2,full,282.8571,,,298.0,5042.0,,,no form,,,no,,2026-07-14,46.0,,,Baseline,Baseline test,,,2.0,ACWR describes how recent load compares with longer-term load. It does not predict injury.,no,Athlete 06,Defenders,a0006@example.edu
A0006,2026-07-17,120.0,1,full,291.4286,,,216.0,3402.0,18.0,,baseline too short,8.0,,yes,,2026-07-14,46.0,,,Baseline,Baseline test,,,3.0,ACWR describes how recent load compares with longer-term load. It does not predict injury.,no,Athlete 06,Defenders,a0006@example.edu
A0006,2026-07-18,0.0,0,full,291.4286,,,0.0,0.0,19.0,,baseline too short,9.0,,yes,,2026-07-14,46.0,,,Baseline,Baseline test,,,4.0,ACWR describes how recent load compares with longer-term load. It does not predict injury.,no,Athlete 06,Defenders,a0006@example.edu
A0006,2026-07-19,0.0,0,full,291.4286,,,0.0,0.0,,,no form,,,not expected,,2026-07-14,46.0,,,Baseline,Baseline test,,,5.0,ACWR describes how recent load compares with longer-term load. It does not predict injury.,no,Athlete 06,Defenders,a0006@example.edu
A0006,2026-07-20,610.0,2,full,292.8571,,,607.0,8073.0,20.0,,baseline too short,10.0,,yes,,2026-07-14,46.0,,,Baseline,Baseline test,,,6.0,ACWR describes how recent load compares with longer-term load. It does not predict injury.,no,Athlete 06,Defenders,a0006@example.edu
A0006,2026-07-21,720.0,1,full,331.4286,,,533.0,8548.0,17.0,,baseline too short,11.0,,yes,,2026-07-21,46.0333,,,Baseline,Baseline test,,,0.0,ACWR describes how recent load compares with longer-term load. It does not predict injury.,no,Athlete 06,Defenders,a0006@example.edu
A0006,2026-07-22,540.0,1,full,344.2857,,,487.0,7654.0,18.0,,baseline too short,12.0,,yes,,2026-07-21,46.0333,,,Baseline,Baseline test,,,1.0,ACWR describes how recent load compares with longer-term load. It does not predict injury.,no,Athlete 06,Defenders,a0006@example.edu
A0006,2026-07-23,930.0,2,full,417.1429,,,499.0,7838.0,16.0,,baseline too short,13.0,,yes,,2026-07-21,46.0333,,,Baseline,Baseline test,,,2.0,ACWR describes how recent load compares with longer-term load. It does not predict injury.,no,Athlete 06,Defenders,a0006@example.edu
A0006,2026-07-24,240.0,1,full,434.2857,,,311.0,4976.0,16.0,-1.1127,ok,14.0,-2.0,yes,,2026-07-21,46.0333,,,Baseline,Baseline test,,,3.0,ACWR describes how recent load compares with longer-term load. It does not predict injury.,no,Athlete 06,Defenders,a0006@example.edu
A0006,2026-07-25,0.0,0,full,434.2857,,,0.0,0.0,15.0,-1.5861,ok,15.0,-2.8667,yes,,2026-07-21,46.0333,,,Baseline,Baseline test,,,4.0,ACWR describes how recent load compares with longer-term load. It does not predict injury.,no,Athlete 06,Defenders,a0006@example.edu
A0006,2026-07-26,0.0,0,full,434.2857,,,0.0,0.0,,,no form,,,not expected,,2026-07-21,46.0333,,,Baseline,Baseline test,,,5.0,ACWR describes how recent load compares with longer-term load. It does not predict injury.,no,Athlete 06,Defenders,a0006@example.edu
A0006,2026-07-27,650.0,2,full,440.0,,,438.0,6281.0,19.0,0.6954,ok,16.0,1.3125,yes,,2026-07-21,46.0333,,,Baseline,Baseline test,,,6.0,ACWR describes how recent load compares with longer-term load. It does not predict injury.,no,Athlete 06,Defenders,a0006@example.edu
A0006,2026-07-28,450.0,1,full,401.4286,,,453.0,6495.0,17.0,-0.4122,ok,17.0,-0.7647,yes,,2026-07-28,46.2,,,Baseline,Baseline test,,,0.0,ACWR describes how recent load compares with longer-term load. It does not predict injury.,no,Athlete 06,Defenders,a0006@example.edu
A0006,2026-07-29,360.0,1,full,375.7143,,,350.0,6494.0,17.0,-0.3993,ok,18.0,-0.7222,yes,,2026-07-28,46.2,,,Baseline,Baseline test,,,1.0,ACWR describes how recent load compares with longer-term load. It does not predict injury.,no,Athlete 06,Defenders,a0006@example.edu
A0006,2026-07-30,690.0,2,full,341.4286,,,329.0,6805.0,16.0,-0.954,ok,19.0,-1.6842,yes,,2026-07-28,46.2,,,Baseline,Baseline test,,,2.0,ACWR describes how recent load compares with longer-term load. It does not predict injury.,no,Athlete 06,Defenders,a0006@example.edu
A0006,2026-07-31,180.0,1,full,332.8571,,,245.0,4531.0,18.0,0.2274,ok,20.0,0.4,yes,,2026-07-28,46.2,,,Baseline,Baseline test,,,3.0,ACWR describes how recent load compares with longer-term load. It does not predict injury.,no,Athlete 06,Defenders,a0006@example.edu
A0006,2026-08-01,0.0,0,full,332.8571,,,0.0,0.0,19.0,0.8043,ok,21.0,1.381,yes,,2026-07-28,46.2,,,Baseline,Baseline test,,,4.0,ACWR describes how recent load compares with longer-term load. It does not predict injury.,no,Athlete 06,Defenders,a0006@example.edu
A0006,2026-08-02,0.0,0,full,332.8571,325.7143,1.0219,0.0,0.0,,,no form,,,not expected,,2026-07-28,46.2,,,Baseline,Baseline test,,,5.0,ACWR describes how recent load compares with longer-term load. It does not predict injury.,no,Athlete 06,Defenders,a0006@example.edu
A0006,2026-08-03,700.0,2,full,340.0,335.7143,1.0128,346.0,6748.0,18.0,0.187,ok,22.0,0.3182,yes,,2026-07-28,46.2,,,Baseline,Baseline test,,,6.0,ACWR describes how recent load compares with longer-term load. It does not predict injury.,no,Athlete 06,Defenders,a0006@example.edu
A0006,2026-08-04,450.0,1,full,340.0,332.5,1.0226,377.0,6841.0,19.0,0.8682,ok,22.0,1.4091,yes,,2026-08-04,44.7,-0.8867,1.6333,No flag,Within measurement error,-0.5429,0.5429,0.0,ACWR describes how recent load compares with longer-term load. It does not predict injury.,no,Athlete 06,Defenders,a0006@example.edu
A0006,2026-08-05,450.0,1,full,352.8571,338.9286,1.0411,436.0,6498.0,,,no form,,,no,,2026-08-04,44.7,-0.8867,1.6333,No flag,Within measurement error,-0.5429,0.5429,1.0,ACWR describes how recent load compares with longer-term load. It does not predict injury.,no,Athlete 06,Defenders,a0006@example.edu
A0006,2026-08-06,520.0,2,full,328.5714,342.5,0.9593,304.0,7100.0,19.0,0.8216,ok,21.0,1.3333,yes,,2026-08-04,44.7,-0.8867,1.6333,No flag,Within measurement error,-0.5429,0.5429,2.0,ACWR describes how recent load compares with longer-term load. It does not predict injury.,no,Athlete 06,Defenders,a0006@example.edu
A0006,2026-08-07,240.0,1,full,337.1429,348.9286,0.9662,347.0,4613.0,19.0,0.8216,ok,21.0,1.3333,yes,,2026-08-04,44.7,-0.8867,1.6333,No flag,Within measurement error,-0.5429,0.5429,3.0,ACWR describes how recent load compares with longer-term load. It does not predict injury.,no,Athlete 06,Defenders,a0006@example.edu
A0006,2026-08-08,0.0,0,full,337.1429,348.9286,0.9662,0.0,0.0,20.0,1.4043,ok,21.0,2.1429,yes,,2026-08-04,44.7,-0.8867,1.6333,No flag,Within measurement error,-0.5429,0.5429,4.0,ACWR describes how recent load compares with longer-term load. It does not predict injury.,no,Athlete 06,Defenders,a0006@example.edu
A0006,2026-08-09,0.0,0,full,337.1429,348.9286,0.9662,0.0,0.0,,,no form,,,not expected,,2026-08-04,44.7,-0.8867,1.6333,No flag,Within measurement error,-0.5429,0.5429,5.0,ACWR describes how recent load compares with longer-term load. It does not predict injury.,no,Athlete 06,Defenders,a0006@example.edu
A0006,2026-08-10,790.0,2,full,350.0,355.7143,0.9839,501.0,7160.0,19.0,0.8291,ok,21.0,1.1905,yes,,2026-08-04,44.7,-0.8867,1.6333,No flag,Within measurement error,-0.5429,0.5429,6.0,ACWR describes how recent load compares with longer-term load. It does not predict injury.,no,Athlete 06,Defenders,a0006@example.edu
A0006,2026-08-11,450.0,1,full,350.0,355.7143,0.9839,249.0,6766.0,20.0,1.4672,ok,21.0,2.0476,yes,,2026-08-11,45.8333,0.2467,1.6333,No flag,Within measurement error,0.151,-0.151,0.0,ACWR describes how recent load compares with longer-term load. It does not predict injury.,no,Athlete 06,Defenders,a0006@example.edu
A0006,2026-08-12,540.0,1,full,362.8571,358.9286,1.0109,423.0,6375.0,17.0,-0.731,ok,22.0,-1.0455,yes,,2026-08-11,45.8333,0.2467,1.6333,No flag,Within measurement error,0.151,-0.151,1.0,ACWR describes how recent load compares with longer-term load. It does not predict injury.,no,Athlete 06,Defenders,a0006@example.edu
A0006,2026-08-13,840.0,2,full,408.5714,373.9286,1.0926,439.0,6984.0,18.0,0.0,ok,22.0,0.0,yes,,2026-08-11,45.8333,0.2467,1.6333,No flag,Within measurement error,0.151,-0.151,2.0,ACWR describes how recent load compares with longer-term load. It does not predict injury.,no,Athlete 06,Defenders,a0006@example.edu
A0006,2026-08-14,240.0,1,full,408.5714,378.2143,1.0803,302.0,4417.0,19.0,0.7071,ok,23.0,1.0,yes,,2026-08-11,45.8333,0.2467,1.6333,No flag,Within measurement error,0.151,-0.151,3.0,ACWR describes how recent load compares with longer-term load. It does not predict injury.,no,Athlete 06,Defenders,a0006@example.edu
A0006,2026-08-15,0.0,0,full,408.5714,378.2143,1.0803,0.0,0.0,18.0,-0.0304,ok,23.0,-0.0435,yes,,2026-08-11,45.8333,0.2467,1.6333,No flag,Within measurement error,0.151,-0.151,4.0,ACWR describes how recent load compares with longer-term load. It does not predict injury.,no,Athlete 06,Defenders,a0006@example.edu
A0006,2026-08-16,0.0,0,full,408.5714,378.2143,1.0803,0.0,0.0,,,no form,,,not expected,,2026-08-11,45.8333,0.2467,1.6333,No flag,Within measurement error,0.151,-0.151,5.0,ACWR describes how recent load compares with longer-term load. It does not predict injury.,no,Athlete 06,Defenders,a0006@example.edu
A0006,2026-08-17,650.0,2,full,388.5714,379.6429,1.0235,449.0,6084.0,18.0,0.0,ok,23.0,0.0,yes,,2026-08-11,45.8333,0.2467,1.6333,No flag,Within measurement error,0.151,-0.151,6.0,ACWR describes how recent load compares with longer-term load. It does not predict injury.,no,Athlete 06,Defenders,a0006@example.edu
A0006,2026-08-18,540.0,1,full,401.4286,373.2143,1.0756,349.0,6424.0,16.0,-1.4218,ok,23.0,-1.913,yes,,2026-08-18,45.0,-0.5867,1.6333,No flag,Within measurement error,-0.3592,0.3592,0.0,ACWR describes how recent load compares with longer-term load. It does not predict injury.,no,Athlete 06,Defenders,a0006@example.edu
A0006,2026-08-19,540.0,1,full,401.4286,373.2143,1.0756,412.0,6526.0,19.0,0.8123,ok,23.0,1.1304,yes,,2026-08-18,45.0,-0.5867,1.6333,No flag,Within measurement error,-0.3592,0.3592,1.0,ACWR describes how recent load compares with longer-term load. It does not predict injury.,no,Athlete 06,Defenders,a0006@example.edu
A0006,2026-08-20,560.0,2,full,361.4286,360.0,1.004,359.0,6773.0,17.0,-0.6469,ok,23.0,-0.913,yes,,2026-08-18,45.0,-0.5867,1.6333,No flag,Within measurement error,-0.3592,0.3592,2.0,ACWR describes how recent load compares with longer-term load. It does not predict injury.,no,Athlete 06,Defenders,a0006@example.edu
A0006,2026-08-21,240.0,1,full,361.4286,360.0,1.004,161.0,4193.0,16.0,-1.434,ok,23.0,-1.9565,yes,,2026-08-18,45.0,-0.5867,1.6333,No flag,Within measurement error,-0.3592,0.3592,3.0,ACWR describes how recent load compares with longer-term load. It does not predict injury.,no,Athlete 06,Defenders,a0006@example.edu
A0006,2026-08-22,680.0,1,full,458.5714,384.2857,1.1933,849.0,10730.0,22.0,2.9635,ok,23.0,4.0435,yes,,2026-08-18,45.0,-0.5867,1.6333,No flag,Within measurement error,-0.3592,0.3592,4.0,ACWR describes how recent load compares with longer-term load. It does not predict injury.,no,Athlete 06,Defenders,a0006@example.edu
A0006,2026-08-23,0.0,0,full,458.5714,384.2857,1.1933,0.0,0.0,,,no form,,,not expected,,2026-08-18,45.0,-0.5867,1.6333,No flag,Within measurement error,-0.3592,0.3592,5.0,ACWR describes how recent load compares with longer-term load. It does not predict injury.,no,Athlete 06,Defenders,a0006@example.edu
A0006,2026-08-24,740.0,2,full,471.4286,387.5,1.2166,415.0,6782.0,17.0,-0.8679,ok,23.0,-1.2609,yes,,2026-08-18,45.0,-0.5867,1.6333,No flag,Within measurement error,-0.3592,0.3592,6.0,ACWR describes how recent load compares with longer-term load. It does not predict injury.,no,Athlete 06,Defenders,a0006@example.edu
A0006,2026-08-25,540.0,1,full,471.4286,390.7143,1.2066,366.0,6710.0,17.0,-0.8006,ok,23.0,-1.1739,yes,,2026-08-25,45.6,0.0133,1.6333,No flag,Within measurement error,0.0082,-0.0082,0.0,ACWR describes how recent load compares with longer-term load. It does not predict injury.,no,Athlete 06,Defenders,a0006@example.edu
A0006,2026-08-26,360.0,1,full,445.7143,390.7143,1.1408,491.0,6382.0,20.0,1.2453,ok,23.0,1.8261,yes,,2026-08-25,45.6,0.0133,1.6333,No flag,Within measurement error,0.0082,-0.0082,1.0,ACWR describes how recent load compares with longer-term load. It does not predict injury.,no,Athlete 06,Defenders,a0006@example.edu
A0006,2026-08-27,600.0,2,full,451.4286,387.5,1.165,411.0,6817.0,16.0,-1.5461,ok,23.0,-2.3043,yes,,2026-08-25,45.6,0.0133,1.6333,No flag,Within measurement error,0.0082,-0.0082,2.0,ACWR describes how recent load compares with longer-term load. It does not predict injury.,no,Athlete 06,Defenders,a0006@example.edu
A0006,2026-08-28,180.0,1,full,442.8571,387.5,1.1429,270.0,4713.0,16.0,-1.5461,ok,23.0,-2.3043,yes,,2026-08-25,45.6,0.0133,1.6333,No flag,Within measurement error,0.0082,-0.0082,3.0,ACWR describes how recent load compares with longer-term load. It does not predict injury.,no,Athlete 06,Defenders,a0006@example.edu
A0006,2026-08-29,549.0,1,full,424.1429,407.1071,1.0418,621.0,7784.0,16.0,-1.4165,ok,23.0,-2.2174,yes,,2026-08-25,45.6,0.0133,1.6333,No flag,Within measurement error,0.0082,-0.0082,4.0,ACWR describes how recent load compares with longer-term load. It does not predict injury.,no,Athlete 06,Defenders,a0006@example.edu
A0006,2026-08-30,0.0,0,full,424.1429,407.1071,1.0418,0.0,0.0,,,no form,,,not expected,,2026-08-25,45.6,0.0133,1.6333,No flag,Within measurement error,0.0082,-0.0082,5.0,ACWR describes how recent load compares with longer-term load. It does not predict injury.,no,Athlete 06,Defenders,a0006@example.edu
A0006,2026-08-31,470.0,2,full,385.5714,398.8929,0.9666,430.0,5610.0,17.0,-0.6704,ok,23.0,-1.087,yes,,2026-08-25,45.6,0.0133,1.6333,No flag,Within measurement error,0.0082,-0.0082,6.0,ACWR describes how recent load compares with longer-term load. It does not predict injury.,no,Athlete 06,Defenders,a0006@example.edu
A0006,2026-09-01,540.0,1,full,385.5714,402.1071,0.9589,406.0,6458.0,19.0,0.5843,ok,23.0,0.9565,yes,,2026-09-01,45.4,-0.1867,1.6333,No flag,Within measurement error,-0.1143,0.1143,0.0,ACWR describes how recent load compares with longer-term load. It does not predict injury.,no,Athlete 06,Defenders,a0006@example.edu
A0006,2026-09-02,450.0,1,full,398.4286,402.1071,0.9909,375.0,6484.0,,,no form,,,no,,2026-09-01,45.4,-0.1867,1.6333,No flag,Within measurement error,-0.1143,0.1143,1.0,ACWR describes how recent load compares with longer-term load. It does not predict injury.,no,Athlete 06,Defenders,a0006@example.edu
A0006,2026-09-03,650.0,2,full,405.5714,406.75,0.9971,473.0,6600.0,19.0,0.5843,ok,23.0,0.9565,yes,,2026-09-01,45.4,-0.1867,1.6333,No flag,Within measurement error,-0.1143,0.1143,2.0,ACWR describes how recent load compares with longer-term load. It does not predict injury.,no,Athlete 06,Defenders,a0006@example.edu
A0006,2026-09-04,180.0,1,full,405.5714,404.6071,1.0024,252.0,4150.0,16.0,-1.2483,ok,23.0,-2.0435,yes,,2026-09-01,45.4,-0.1867,1.6333,No flag,Within measurement error,-0.1143,0.1143,3.0,ACWR describes how recent load compares with longer-term load. It does not predict injury.,no,Athlete 06,Defenders,a0006@example.edu
A0006,2026-09-05,744.0,1,full,433.4286,431.1786,1.0052,1310.0,13095.0,19.0,0.6484,ok,23.0,1.087,yes,,2026-09-01,45.4,-0.1867,1.6333,No flag,Within measurement error,-0.1143,0.1143,4.0,ACWR describes how recent load compares with longer-term load. It does not predict injury.,no,Athlete 06,Defenders,a0006@example.edu
A0006,2026-09-06,0.0,0,full,433.4286,431.1786,1.0052,0.0,0.0,,,no form,,,not expected,,2026-09-01,45.4,-0.1867,1.6333,No flag,Within measurement error,-0.1143,0.1143,5.0,ACWR describes how recent load compares with longer-term load. It does not predict injury.,yes,Athlete 06,Defenders,a0006@example.edu
A0006,2026-09-07,550.0,2,full,444.8571,422.6071,1.0526,300.0,6381.0,15.0,-1.7581,ok,23.0,-2.8696,yes,,2026-09-01,45.4,-0.1867,1.6333,No flag,Within measurement error,-0.1143,0.1143,6.0,ACWR describes how recent load compares with longer-term load. It does not predict injury.,yes,Athlete 06,Defenders,a0006@example.edu
A0006,2026-09-08,540.0,1,full,444.8571,425.8214,1.0447,334.0,6599.0,17.0,-0.4051,ok,23.0,-0.6957,yes,,2026-09-08,45.1,-0.4867,1.6333,No flag,Within measurement error,-0.298,0.298,0.0,ACWR describes how recent load compares with longer-term load. It does not predict injury.,yes,Athlete 06,Defenders,a0006@example.edu
A0006,2026-09-09,180.0,1,modified,406.2857,412.9643,0.9838,191.0,3002.0,18.0,0.264,ok,23.0,0.4348,yes,,2026-09-08,45.1,-0.4867,1.6333,No flag,Within measurement error,-0.298,0.298,1.0,ACWR describes how recent load compares with longer-term load. It does not predict injury.,yes,Athlete 06,Defenders,a0006@example.edu
A0006,2026-09-10,,2,full,,,,329.0,6661.0,18.0,0.238,ok,23.0,0.3913,yes,,2026-09-08,45.1,-0.4867,1.6333,No flag,Within measurement error,-0.298,0.298,2.0,ACWR describes how recent load compares with longer-term load. It does not predict injury.,yes,Athlete 06,Defenders,a0006@example.edu
A0006,2026-09-11,180.0,1,full,,,,299.0,4625.0,18.0,0.238,ok,23.0,0.3913,yes,,2026-09-08,45.1,-0.4867,1.6333,No flag,Within measurement error,-0.298,0.298,3.0,ACWR describes how recent load compares with longer-term load. It does not predict injury.,yes,Athlete 06,Defenders,a0006@example.edu
A0006,2026-09-12,680.0,1,full,,,,959.0,11048.0,20.0,1.5041,ok,23.0,2.4348,yes,,2026-09-08,45.1,-0.4867,1.6333,No flag,Within measurement error,-0.298,0.298,4.0,ACWR describes how recent load compares with longer-term load. It does not predict injury.,yes,Athlete 06,Defenders,a0006@example.edu
A0006,2026-09-13,0.0,0,full,,,,0.0,0.0,,,no form,,,not expected,,2026-09-08,45.1,-0.4867,1.6333,No flag,Within measurement error,-0.298,0.298,5.0,ACWR describes how recent load compares with longer-term load. It does not predict injury.,yes,Athlete 06,Defenders,a0006@example.edu
A0006,2026-09-14,610.0,2,full,,,,445.0,6278.0,16.0,-0.9747,ok,23.0,-1.6522,yes,,2026-09-08,45.1,-0.4867,1.6333,No flag,Within measurement error,-0.298,0.298,6.0,ACWR describes how recent load compares with longer-term load. It does not predict injury.,yes,Athlete 06,Defenders,a0006@example.edu
A0006,2026-09-15,,1,full,,,,402.0,6539.0,18.0,0.2517,ok,23.0,0.4348,yes,,2026-09-15,45.3667,-0.22,1.6333,No flag,Within measurement error,-0.1347,0.1347,0.0,ACWR describes how recent load compares with longer-term load. It does not predict injury.,yes,Athlete 06,Defenders,a0006@example.edu
A0006,2026-09-16,450.0,1,full,,,,453.0,6803.0,20.0,1.385,ok,23.0,2.3478,yes,,2026-09-15,45.3667,-0.22,1.6333,No flag,Within measurement error,-0.1347,0.1347,1.0,ACWR describes how recent load compares with longer-term load. It does not predict injury.,yes,Athlete 06,Defenders,a0006@example.edu
A0006,2026-09-17,700.0,2,full,,,,373.0,6610.0,19.0,0.7482,ok,23.0,1.3043,yes,,2026-09-15,45.3667,-0.22,1.6333,No flag,Within measurement error,-0.1347,0.1347,2.0,ACWR describes how recent load compares with longer-term load. It does not predict injury.,yes,Athlete 06,Defenders,a0006@example.edu
A0006,2026-09-18,240.0,1,full,,,,245.0,4522.0,,,no form,,,no,,2026-09-15,45.3667,-0.22,1.6333,No flag,Within measurement error,-0.1347,0.1347,3.0,ACWR describes how recent load compares with longer-term load. It does not predict injury.,yes,Athlete 06,Defenders,a0006@example.edu
A0006,2026-09-19,612.0,1,full,,,,720.0,8907.0,16.0,-1.0626,ok,22.0,-1.8636,yes,,2026-09-15,45.3667,-0.22,1.6333,No flag,Within measurement error,-0.1347,0.1347,4.0,ACWR describes how recent load compares with longer-term load. It does not predict injury.,yes,Athlete 06,Defenders,a0006@example.edu
A0006,2026-09-20,0.0,0,full,,,,0.0,0.0,,,no form,,,not expected,,2026-09-15,45.3667,-0.22,1.6333,No flag,Within measurement error,-0.1347,0.1347,5.0,ACWR describes how recent load compares with longer-term load. It does not predict injury.,yes,Athlete 06,Defenders,a0006@example.edu
A0006,2026-09-21,600.0,2,full,,,,498.0,7205.0,16.0,-1.0381,ok,22.0,-1.5909,yes,,2026-09-15,45.3667,-0.22,1.6333,No flag,Within measurement error,-0.1347,0.1347,6.0,ACWR describes how recent load compares with longer-term load. It does not predict injury.,yes,Athlete 06,Defenders,a0006@example.edu
A0006,2026-09-22,540.0,1,full,448.8571,,,310.0,6609.0,19.0,0.9292,ok,22.0,1.4545,yes,,2026-09-22,45.8,0.2133,1.6333,No flag,Within measurement error,0.1306,-0.1306,0.0,ACWR describes how recent load compares with longer-term load. It does not predict injury.,yes,Athlete 06,Defenders,a0006@example.edu
A0006,2026-09-23,540.0,1,full,461.7143,,,471.0,6452.0,18.0,0.2287,ok,22.0,0.3636,yes,,2026-09-22,45.8,0.2133,1.6333,No flag,Within measurement error,0.1306,-0.1306,1.0,ACWR describes how recent load compares with longer-term load. It does not predict injury.,yes,Athlete 06,Defenders,a0006@example.edu
A0006,2026-09-24,700.0,2,full,461.7143,,,434.0,6361.0,18.0,0.3024,ok,22.0,0.4545,yes,,2026-09-22,45.8,0.2133,1.6333,No flag,Within measurement error,0.1306,-0.1306,2.0,ACWR describes how recent load compares with longer-term load. It does not predict injury.,yes,Athlete 06,Defenders,a0006@example.edu
A0006,2026-09-25,240.0,1,full,461.7143,,,280.0,4151.0,17.0,-0.4343,ok,22.0,-0.6364,yes,,2026-09-22,45.8,0.2133,1.6333,No flag,Within measurement error,0.1306,-0.1306,3.0,ACWR describes how recent load compares with longer-term load. It does not predict injury.,yes,Athlete 06,Defenders,a0006@example.edu
A0006,2026-09-26,600.0,1,full,460.0,,,819.0,9200.0,18.0,0.2229,ok,22.0,0.3182,yes,,2026-09-22,45.8,0.2133,1.6333,No flag,Within measurement error,0.1306,-0.1306,4.0,ACWR describes how recent load compares with longer-term load. It does not predict injury.,yes,Athlete 06,Defenders,a0006@example.edu
A0006,2026-09-27,0.0,0,full,460.0,,,0.0,0.0,,,no form,,,not expected,,2026-09-22,45.8,0.2133,1.6333,No flag,Within measurement error,0.1306,-0.1306,5.0,ACWR describes how recent load compares with longer-term load. It does not predict injury.,yes,Athlete 06,Defenders,a0006@example.edu
A0006,2026-09-28,560.0,2,full,454.2857,,,382.0,6244.0,16.0,-1.2867,ok,22.0,-1.7727,yes,,2026-09-22,45.8,0.2133,1.6333,No flag,Within measurement error,0.1306,-0.1306,6.0,ACWR describes how recent load compares with longer-term load. It does not predict injury.,yes,Athlete 06,Defenders,a0006@example.edu
A0006,2026-09-29,450.0,1,full,441.4286,,,364.0,5815.0,15.0,-1.9202,ok,22.0,-2.7273,yes,,2026-09-29,45.2,-0.3867,1.6333,No flag,Within measurement error,-0.2367,0.2367,0.0,ACWR describes how recent load compares with longer-term load. It does not predict injury.,yes,Athlete 06,Defenders,a0006@example.edu
A0006,2026-09-30,360.0,1,full,415.7143,,,434.0,6298.0,16.0,-1.0281,ok,22.0,-1.5455,yes,,2026-09-29,45.2,-0.3867,1.6333,No flag,Within measurement error,-0.2367,0.2367,1.0,ACWR describes how recent load compares with longer-term load. It does not predict injury.,yes,Athlete 06,Defenders,a0006@example.edu
A0006,2026-10-01,750.0,2,full,422.8571,,,422.0,6704.0,19.0,1.0121,ok,23.0,1.5217,yes,,2026-09-29,45.2,-0.3867,1.6333,No flag,Within measurement error,-0.2367,0.2367,2.0,ACWR describes how recent load compares with longer-term load. It does not predict injury.,yes,Athlete 06,Defenders,a0006@example.edu
A0006,2026-10-02,240.0,1,full,422.8571,,,267.0,4446.0,,,no form,,,no,,2026-09-29,45.2,-0.3867,1.6333,No flag,Within measurement error,-0.2367,0.2367,3.0,ACWR describes how recent load compares with longer-term load. It does not predict injury.,yes,Athlete 06,Defenders,a0006@example.edu
A0006,2026-10-03,570.0,1,full,418.5714,,,986.0,11020.0,15.0,-1.6933,ok,22.0,-2.5455,yes,,2026-09-29,45.2,-0.3867,1.6333,No flag,Within measurement error,-0.2367,0.2367,4.0,ACWR describes how recent load compares with longer-term load. It does not predict injury.,yes,Athlete 06,Defenders,a0006@example.edu
A0007,2026-07-06,510.0,2,full,,,,339.0,4589.0,18.0,,baseline too short,0.0,,yes,,,,,,,,,,,ACWR describes how recent load compares with longer-term load. It does not predict injury.,no,Athlete 07,Defenders,a0007@example.edu
A0007,2026-07-07,360.0,1,full,,,,264.0,4117.0,21.0,,baseline too short,1.0,,yes,,2026-07-07,39.8667,,,Baseline,Baseline test,,,0.0,ACWR describes how recent load compares with longer-term load. It does not predict injury.,no,Athlete 07,Defenders,a0007@example.edu
A0007,2026-07-08,270.0,1,full,,,,290.0,4307.0,18.0,,baseline too short,2.0,,yes,,2026-07-07,39.8667,,,Baseline,Baseline test,,,1.0,ACWR describes how recent load compares with longer-term load. It does not predict injury.,no,Athlete 07,Defenders,a0007@example.edu
A0007,2026-07-09,510.0,2,full,,,,213.0,4619.0,20.0,,baseline too short,3.0,,yes,,2026-07-09,39.9,,,Baseline,Baseline test,,,0.0,ACWR describes how recent load compares with longer-term load. It does not predict injury.,no,Athlete 07,Defenders,a0007@example.edu
A0007,2026-07-10,240.0,1,full,,,,147.0,2937.0,,,no form,,,no,,2026-07-09,39.9,,,Baseline,Baseline test,,,1.0,ACWR describes how recent load compares with longer-term load. It does not predict injury.,no,Athlete 07,Defenders,a0007@example.edu
A0007,2026-07-11,0.0,0,full,,,,0.0,0.0,19.0,,baseline too short,4.0,,yes,,2026-07-09,39.9,,,Baseline,Baseline test,,,2.0,ACWR describes how recent load compares with longer-term load. It does not predict injury.,no,Athlete 07,Defenders,a0007@example.edu
A0007,2026-07-12,0.0,0,full,270.0,,,0.0,0.0,,,no form,,,not expected,,2026-07-09,39.9,,,Baseline,Baseline test,,,3.0,ACWR describes how recent load compares with longer-term load. It does not predict injury.,no,Athlete 07,Defenders,a0007@example.edu
A0007,2026-07-13,460.0,2,full,262.8571,,,188.0,3830.0,18.0,,baseline too short,5.0,,yes,,2026-07-09,39.9,,,Baseline,Baseline test,,,4.0,ACWR describes how recent load compares with longer-term load. It does not predict injury.,no,Athlete 07,Defenders,a0007@example.edu
A0007,2026-07-14,360.0,1,full,262.8571,,,,,18.0,,baseline too short,6.0,,yes,,2026-07-14,40.1333,,,Baseline,Baseline test,,,0.0,ACWR describes how recent load compares with longer-term load. It does not predict injury.,no,Athlete 07,Defenders,a0007@example.edu
A0007,2026-07-15,270.0,1,full,262.8571,,,226.0,4188.0,,,no form,,,no,,2026-07-14,40.1333,,,Baseline,Baseline test,,,1.0,ACWR describes how recent load compares with longer-term load. It does not predict injury.,no,Athlete 07,Defenders,a0007@example.edu
A0007,2026-07-16,330.0,2,full,237.1429,,,210.0,4187.0,,,no form,,,no,,2026-07-14,40.1333,,,Baseline,Baseline test,,,2.0,ACWR describes how recent load compares with longer-term load. It does not predict injury.,no,Athlete 07,Defenders,a0007@example.edu
A0007,2026-07-17,120.0,1,full,220.0,,,216.0,3111.0,20.0,,baseline too short,7.0,,yes,,2026-07-14,40.1333,,,Baseline,Baseline test,,,3.0,ACWR describes how recent load compares with longer-term load. It does not predict injury.,no,Athlete 07,Defenders,a0007@example.edu
A0007,2026-07-18,0.0,0,full,220.0,,,0.0,0.0,20.0,,baseline too short,8.0,,yes,,2026-07-14,40.1333,,,Baseline,Baseline test,,,4.0,ACWR describes how recent load compares with longer-term load. It does not predict injury.,no,Athlete 07,Defenders,a0007@example.edu
A0007,2026-07-19,0.0,0,full,220.0,,,0.0,0.0,,,no form,,,not expected,,2026-07-14,40.1333,,,Baseline,Baseline test,,,5.0,ACWR describes how recent load compares with longer-term load. It does not predict injury.,no,Athlete 07,Defenders,a0007@example.edu
A0007,2026-07-20,880.0,2,full,280.0,,,404.0,7908.0,20.0,,baseline too short,9.0,,yes,,2026-07-14,40.1333,,,Baseline,Baseline test,,,6.0,ACWR describes how recent load compares with longer-term load. It does not predict injury.,no,Athlete 07,Defenders,a0007@example.edu
A0007,2026-07-21,720.0,1,full,331.4286,,,456.0,7440.0,19.0,,baseline too short,10.0,,yes,,2026-07-21,40.1,,,Baseline,Baseline test,,,0.0,ACWR describes how recent load compares with longer-term load. It does not predict injury.,no,Athlete 07,Defenders,a0007@example.edu
A0007,2026-07-22,540.0,1,full,370.0,,,376.0,6141.0,19.0,,baseline too short,11.0,,yes,,2026-07-21,40.1,,,Baseline,Baseline test,,,1.0,ACWR describes how recent load compares with longer-term load. It does not predict injury.,no,Athlete 07,Defenders,a0007@example.edu
A0007,2026-07-23,700.0,2,full,422.8571,,,479.0,7339.0,19.0,,baseline too short,12.0,,yes,,2026-07-21,40.1,,,Baseline,Baseline test,,,2.0,ACWR describes how recent load compares with longer-term load. It does not predict injury.,no,Athlete 07,Defenders,a0007@example.edu
A0007,2026-07-24,300.0,1,full,448.5714,,,250.0,4730.0,20.0,,baseline too short,13.0,,yes,,2026-07-21,40.1,,,Baseline,Baseline test,,,3.0,ACWR describes how recent load compares with longer-term load. It does not predict injury.,no,Athlete 07,Defenders,a0007@example.edu
A0007,2026-07-25,0.0,0,full,448.5714,,,0.0,0.0,18.0,-1.2455,ok,14.0,-1.2143,yes,,2026-07-21,40.1,,,Baseline,Baseline test,,,4.0,ACWR describes how recent load compares with longer-term load. It does not predict injury.,no,Athlete 07,Defenders,a0007@example.edu
A0007,2026-07-26,0.0,0,full,448.5714,,,0.0,0.0,,,no form,,,not expected,,2026-07-21,40.1,,,Baseline,Baseline test,,,5.0,ACWR describes how recent load compares with longer-term load. It does not predict injury.,no,Athlete 07,Defenders,a0007@example.edu
A0007,2026-07-27,560.0,2,full,402.8571,,,381.0,5874.0,18.0,-1.1443,ok,15.0,-1.1333,yes,,2026-07-21,40.1,,,Baseline,Baseline test,,,6.0,ACWR describes how recent load compares with longer-term load. It does not predict injury.,no,Athlete 07,Defenders,a0007@example.edu
A0007,2026-07-28,540.0,1,full,377.1429,,,289.0,5588.0,20.0,0.9395,ok,16.0,0.9375,yes,,2026-07-28,39.8333,,,Baseline,Baseline test,,,0.0,ACWR describes how recent load compares with longer-term load. It does not predict injury.,no,Athlete 07,Defenders,a0007@example.edu
A0007,2026-07-29,450.0,1,full,364.2857,,,379.0,5704.0,18.0,-1.126,ok,17.0,-1.1176,yes,,2026-07-28,39.8333,,,Baseline,Baseline test,,,1.0,ACWR describes how recent load compares with longer-term load. It does not predict injury.,no,Athlete 07,Defenders,a0007@example.edu
A0007,2026-07-30,610.0,2,full,351.4286,,,286.0,5576.0,,,no form,,,no,,2026-07-28,39.8333,,,Baseline,Baseline test,,,2.0,ACWR describes how recent load compares with longer-term load. It does not predict injury.,no,Athlete 07,Defenders,a0007@example.edu
A0007,2026-07-31,180.0,1,full,334.2857,,,263.0,3984.0,20.0,0.946,ok,18.0,0.9444,yes,,2026-07-28,39.8333,,,Baseline,Baseline test,,,3.0,ACWR describes how recent load compares with longer-term load. It does not predict injury.,no,Athlete 07,Defenders,a0007@example.edu
A0007,2026-08-01,0.0,0,full,334.2857,,,0.0,0.0,19.0,-0.1059,ok,19.0,-0.1053,yes,,2026-07-28,39.8333,,,Baseline,Baseline test,,,4.0,ACWR describes how recent load compares with longer-term load. It does not predict injury.,no,Athlete 07,Defenders,a0007@example.edu
A0007,2026-08-02,0.0,0,full,334.2857,318.2143,1.0505,0.0,0.0,,,no form,,,not expected,,2026-07-28,39.8333,,,Baseline,Baseline test,,,5.0,ACWR describes how recent load compares with longer-term load. It does not predict injury.,no,Athlete 07,Defenders,a0007@example.edu
A0007,2026-08-03,600.0,2,full,340.0,321.4286,1.0578,278.0,5311.0,20.0,0.9298,ok,20.0,0.9,yes,,2026-07-28,39.8333,,,Baseline,Baseline test,,,6.0,ACWR describes how recent load compares with longer-term load. It does not predict injury.,no,Athlete 07,Defenders,a0007@example.edu
A0007,2026-08-04,630.0,1,full,352.8571,331.0714,1.0658,414.0,6201.0,17.0,-2.3123,ok,20.0,-2.2,yes,review,2026-08-04,40.3333,0.3667,1.6333,No flag,Within measurement error,0.2245,-0.2245,0.0,ACWR describes how recent load compares with longer-term load. It does not predict injury.,no,Athlete 07,Defenders,a0007@example.edu
A0007,2026-08-05,450.0,1,full,352.8571,337.5,1.0455,251.0,5717.0,18.0,-1.0274,ok,20.0,-1.0,yes,,2026-08-04,40.3333,0.3667,1.6333,No flag,Within measurement error,0.2245,-0.2245,1.0,ACWR describes how recent load compares with longer-term load. It does not predict injury.,no,Athlete 07,Defenders,a0007@example.edu
A0007,2026-08-06,790.0,2,full,378.5714,347.5,1.0894,353.0,5978.0,17.0,-2.0548,ok,20.0,-2.0,yes,review,2026-08-04,40.3333,0.3667,1.6333,No flag,Within measurement error,0.2245,-0.2245,2.0,ACWR describes how recent load compares with longer-term load. It does not predict injury.,no,Athlete 07,Defenders,a0007@example.edu
A0007,2026-08-07,120.0,1,full,370.0,343.2143,1.078,250.0,3700.0,17.0,-1.7789,ok,20.0,-1.85,yes,,2026-08-04,40.3333,0.3667,1.6333,No flag,Within measurement error,0.2245,-0.2245,3.0,ACWR describes how recent load compares with longer-term load. It does not predict injury.,no,Athlete 07,Defenders,a0007@example.edu
A0007,2026-08-08,0.0,0,full,370.0,343.2143,1.078,0.0,0.0,17.0,-1.6148,ok,21.0,-1.7619,yes,,2026-08-04,40.3333,0.3667,1.6333,No flag,Within measurement error,0.2245,-0.2245,4.0,ACWR describes how recent load compares with longer-term load. It does not predict injury.,no,Athlete 07,Defenders,a0007@example.edu
A0007,2026-08-09,0.0,0,full,370.0,343.2143,1.078,0.0,0.0,,,no form,,,not expected,,2026-08-04,40.3333,0.3667,1.6333,No flag,Within measurement error,0.2245,-0.2245,5.0,ACWR describes how recent load compares with longer-term load. It does not predict injury.,no,Athlete 07,Defenders,a0007@example.edu
A0007,2026-08-10,750.0,2,full,391.4286,353.5714,1.1071,281.0,5102.0,20.0,1.1547,ok,21.0,1.3333,yes,,2026-08-04,40.3333,0.3667,1.6333,No flag,Within measurement error,0.2245,-0.2245,6.0,ACWR describes how recent load compares with longer-term load. It does not predict injury.,no,Athlete 07,Defenders,a0007@example.edu
A0007,2026-08-11,450.0,1,full,365.7143,356.7857,1.025,277.0,5546.0,18.0,-0.6461,ok,21.0,-0.7619,yes,,2026-08-11,,,1.6333,No data,Not enough data,,,0.0,ACWR describes how recent load compares with longer-term load. It does not predict injury.,no,Athlete 07,Defenders,a0007@example.edu
A0007,2026-08-12,360.0,1,full,352.8571,360.0,0.9802,282.0,5374.0,19.0,0.2019,ok,21.0,0.2381,yes,,2026-08-11,,,1.6333,No data,Not enough data,,,1.0,ACWR describes how recent load compares with longer-term load. It does not predict injury.,no,Athlete 07,Defenders,a0007@example.edu
A0007,2026-08-13,740.0,2,full,345.7143,374.6429,0.9228,263.0,5766.0,20.0,1.0654,ok,22.0,1.2273,yes,,2026-08-11,,,1.6333,No data,Not enough data,,,2.0,ACWR describes how recent load compares with longer-term load. It does not predict injury.,no,Athlete 07,Defenders,a0007@example.edu
A0007,2026-08-14,180.0,1,full,354.2857,376.7857,0.9403,272.0,4196.0,16.0,-2.4487,ok,23.0,-2.8261,yes,review,2026-08-11,,,1.6333,No data,Not enough data,,,3.0,ACWR describes how recent load compares with longer-term load. It does not predict injury.,no,Athlete 07,Defenders,a0007@example.edu
A0007,2026-08-15,0.0,0,full,354.2857,376.7857,0.9403,0.0,0.0,20.0,1.0653,ok,23.0,1.3478,yes,,2026-08-11,,,1.6333,No data,Not enough data,,,4.0,ACWR describes how recent load compares with longer-term load. It does not predict injury.,no,Athlete 07,Defenders,a0007@example.edu
A0007,2026-08-16,0.0,0,full,354.2857,376.7857,0.9403,0.0,0.0,,,no form,,,not expected,,2026-08-11,,,1.6333,No data,Not enough data,,,5.0,ACWR describes how recent load compares with longer-term load. It does not predict injury.,no,Athlete 07,Defenders,a0007@example.edu
A0007,2026-08-17,,2,full,,,,267.0,4879.0,20.0,1.0653,ok,23.0,1.3478,yes,,2026-08-11,,,1.6333,No data,Not enough data,,,6.0,ACWR describes how recent load compares with longer-term load. It does not predict injury.,no,Athlete 07,Defenders,a0007@example.edu
A0007,2026-08-18,540.0,1,full,,,,228.0,5440.0,16.0,-2.0962,ok,23.0,-2.6522,yes,review,2026-08-18,40.2667,0.3,1.6333,No flag,Within measurement error,0.1837,-0.1837,0.0,ACWR describes how recent load compares with longer-term load. It does not predict injury.,no,Athlete 07,Defenders,a0007@example.edu
A0007,2026-08-19,360.0,1,full,,,,276.0,4882.0,19.0,0.3472,ok,23.0,0.4783,yes,,2026-08-18,40.2667,0.3,1.6333,No flag,Within measurement error,0.1837,-0.1837,1.0,ACWR describes how recent load compares with longer-term load. It does not predict injury.,no,Athlete 07,Defenders,a0007@example.edu
A0007,2026-08-20,700.0,2,full,,,,315.0,5611.0,18.0,-0.3788,ok,23.0,-0.5217,yes,,2026-08-18,40.2667,0.3,1.6333,No flag,Within measurement error,0.1837,-0.1837,2.0,ACWR describes how recent load compares with longer-term load. It does not predict injury.,no,Athlete 07,Defenders,a0007@example.edu
A0007,2026-08-21,180.0,1,full,,,,215.0,3707.0,18.0,-0.3472,ok,23.0,-0.4783,yes,,2026-08-18,40.2667,0.3,1.6333,No flag,Within measurement error,0.1837,-0.1837,3.0,ACWR describes how recent load compares with longer-term load. It does not predict injury.,no,Athlete 07,Defenders,a0007@example.edu
A0007,2026-08-22,552.0,1,full,,,,506.0,7529.0,,,no form,,,no,,2026-08-18,40.2667,0.3,1.6333,No flag,Within measurement error,0.1837,-0.1837,4.0,ACWR describes how recent load compares with longer-term load. It does not predict injury.,no,Athlete 07,Defenders,a0007@example.edu
A0007,2026-08-23,0.0,0,full,,,,0.0,0.0,,,no form,,,not expected,,2026-08-18,40.2667,0.3,1.6333,No flag,Within measurement error,0.1837,-0.1837,5.0,ACWR describes how recent load compares with longer-term load. It does not predict injury.,no,Athlete 07,Defenders,a0007@example.edu
A0007,2026-08-24,650.0,2,full,426.0,,,283.0,5307.0,17.0,-1.0298,ok,22.0,-1.4091,yes,,2026-08-18,40.2667,0.3,1.6333,No flag,Within measurement error,0.1837,-0.1837,6.0,ACWR describes how recent load compares with longer-term load. It does not predict injury.,no,Athlete 07,Defenders,a0007@example.edu
A0007,2026-08-25,630.0,1,full,438.8571,,,285.0,5208.0,,,no form,,,no,,2026-08-25,39.8,-0.1667,1.6333,No flag,Within measurement error,-0.102,0.102,0.0,ACWR describes how recent load compares with longer-term load. It does not predict injury.,no,Athlete 07,Defenders,a0007@example.edu
A0007,2026-08-26,360.0,1,full,438.8571,,,316.0,5189.0,19.0,0.5163,ok,21.0,0.7143,yes,,2026-08-25,39.8,-0.1667,1.6333,No flag,Within measurement error,-0.102,0.102,1.0,ACWR describes how recent load compares with longer-term load. It does not predict injury.,no,Athlete 07,Defenders,a0007@example.edu
A0007,2026-08-27,700.0,2,full,438.8571,,,247.0,4824.0,15.0,-2.3973,ok,21.0,-3.3333,yes,review,2026-08-25,39.8,-0.1667,1.6333,No flag,Within measurement error,-0.102,0.102,2.0,ACWR describes how recent load compares with longer-term load. It does not predict injury.,no,Athlete 07,Defenders,a0007@example.edu
A0007,2026-08-28,180.0,1,full,438.8571,,,236.0,3673.0,20.0,1.187,ok,22.0,1.8182,yes,,2026-08-25,39.8,-0.1667,1.6333,No flag,Within measurement error,-0.102,0.102,3.0,ACWR describes how recent load compares with longer-term load. It does not predict injury.,no,Athlete 07,Defenders,a0007@example.edu
A0007,2026-08-29,576.0,1,full,442.2857,,,470.0,6123.0,19.0,0.5341,ok,22.0,0.8182,yes,,2026-08-25,39.8,-0.1667,1.6333,No flag,Within measurement error,-0.102,0.102,4.0,ACWR describes how recent load compares with longer-term load. It does not predict injury.,no,Athlete 07,Defenders,a0007@example.edu
A0007,2026-08-30,0.0,0,full,442.2857,,,0.0,0.0,,,no form,,,not expected,,2026-08-25,39.8,-0.1667,1.6333,No flag,Within measurement error,-0.102,0.102,5.0,ACWR describes how recent load compares with longer-term load. It does not predict injury.,no,Athlete 07,Defenders,a0007@example.edu
A0007,2026-08-31,650.0,2,full,442.2857,,,367.0,5505.0,17.0,-0.7715,ok,22.0,-1.1818,yes,,2026-08-25,39.8,-0.1667,1.6333,No flag,Within measurement error,-0.102,0.102,6.0,ACWR describes how recent load compares with longer-term load. It does not predict injury.,no,Athlete 07,Defenders,a0007@example.edu
A0007,2026-09-01,540.0,1,full,429.4286,,,306.0,5628.0,18.0,-0.0304,ok,22.0,-0.0455,yes,,2026-09-01,40.4333,0.4667,1.6333,No flag,Within measurement error,0.2857,-0.2857,0.0,ACWR describes how recent load compares with longer-term load. It does not predict injury.,no,Athlete 07,Defenders,a0007@example.edu
A0007,2026-09-02,270.0,1,full,416.5714,,,371.0,5231.0,17.0,-0.7385,ok,22.0,-1.0909,yes,,2026-09-01,40.4333,0.4667,1.6333,No flag,Within measurement error,0.2857,-0.2857,1.0,ACWR describes how recent load compares with longer-term load. It does not predict injury.,no,Athlete 07,Defenders,a0007@example.edu
A0007,2026-09-03,650.0,2,full,409.4286,,,405.0,5665.0,17.0,-0.6992,ok,22.0,-1.0455,yes,,2026-09-01,40.4333,0.4667,1.6333,No flag,Within measurement error,0.2857,-0.2857,2.0,ACWR describes how recent load compares with longer-term load. It does not predict injury.,no,Athlete 07,Defenders,a0007@example.edu
A0007,2026-09-04,120.0,1,full,400.8571,,,159.0,3413.0,21.0,1.9759,ok,22.0,2.9545,yes,,2026-09-01,40.4333,0.4667,1.6333,No flag,Within measurement error,0.2857,-0.2857,3.0,ACWR describes how recent load compares with longer-term load. It does not predict injury.,no,Athlete 07,Defenders,a0007@example.edu
A0007,2026-09-05,540.0,1,full,395.7143,,,834.0,8790.0,18.0,-0.1419,ok,22.0,-0.2273,yes,,2026-09-01,40.4333,0.4667,1.6333,No flag,Within measurement error,0.2857,-0.2857,4.0,ACWR describes how recent load compares with longer-term load. It does not predict injury.,no,Athlete 07,Defenders,a0007@example.edu
A0007,2026-09-06,0.0,0,full,395.7143,,,0.0,0.0,,,no form,,,not expected,,2026-09-01,40.4333,0.4667,1.6333,No flag,Within measurement error,0.2857,-0.2857,5.0,ACWR describes how recent load compares with longer-term load. It does not predict injury.,yes,Athlete 07,Defenders,a0007@example.edu
A0007,2026-09-07,700.0,2,full,402.8571,,,246.0,5562.0,18.0,-0.1727,ok,22.0,-0.2727,yes,,2026-09-01,40.4333,0.4667,1.6333,No flag,Within measurement error,0.2857,-0.2857,6.0,ACWR describes how recent load compares with longer-term load. It does not predict injury.,yes,Athlete 07,Defenders,a0007@example.edu
A0007,2026-09-08,450.0,1,full,390.0,,,366.0,5362.0,20.0,1.187,ok,22.0,1.8182,yes,,2026-09-08,40.2667,0.3,1.6333,No flag,Within measurement error,0.1837,-0.1837,0.0,ACWR describes how recent load compares with longer-term load. It does not predict injury.,yes,Athlete 07,Defenders,a0007@example.edu
A0007,2026-09-09,450.0,1,full,415.7143,,,246.0,4536.0,20.0,1.0938,ok,22.0,1.7273,yes,,2026-09-08,40.2667,0.3,1.6333,No flag,Within measurement error,0.1837,-0.1837,1.0,ACWR describes how recent load compares with longer-term load. It does not predict injury.,yes,Athlete 07,Defenders,a0007@example.edu
A0007,2026-09-10,600.0,2,full,408.5714,,,445.0,6129.0,20.0,1.0414,ok,22.0,1.6818,yes,,2026-09-08,40.2667,0.3,1.6333,No flag,Within measurement error,0.1837,-0.1837,2.0,ACWR describes how recent load compares with longer-term load. It does not predict injury.,yes,Athlete 07,Defenders,a0007@example.edu
A0007,2026-09-11,180.0,1,full,417.1429,,,213.0,3564.0,20.0,1.0414,ok,22.0,1.6818,yes,,2026-09-08,40.2667,0.3,1.6333,No flag,Within measurement error,0.1837,-0.1837,3.0,ACWR describes how recent load compares with longer-term load. It does not predict injury.,yes,Athlete 07,Defenders,a0007@example.edu
A0007,2026-09-12,632.0,1,full,430.2857,,,606.0,8151.0,21.0,1.5964,ok,22.0,2.5,yes,,2026-09-08,40.2667,0.3,1.6333,No flag,Within measurement error,0.1837,-0.1837,4.0,ACWR describes how recent load compares with longer-term load. It does not predict injury.,yes,Athlete 07,Defenders,a0007@example.edu
A0007,2026-09-13,0.0,0,full,430.2857,,,0.0,0.0,,,no form,,,not expected,,2026-09-08,40.2667,0.3,1.6333,No flag,Within measurement error,0.1837,-0.1837,5.0,ACWR describes how recent load compares with longer-term load. It does not predict injury.,yes,Athlete 07,Defenders,a0007@example.edu
A0007,2026-09-14,610.0,2,full,417.4286,422.1429,0.9888,374.0,5534.0,15.0,-2.1818,ok,22.0,-3.5455,yes,review,2026-09-08,40.2667,0.3,1.6333,No flag,Within measurement error,0.1837,-0.1837,6.0,ACWR describes how recent load compares with longer-term load. It does not predict injury.,yes,Athlete 07,Defenders,a0007@example.edu
A0007,2026-09-15,450.0,1,full,417.4286,418.9286,0.9964,,,15.0,-1.8894,ok,22.0,-3.3182,yes,,2026-09-15,36.0667,-3.9,1.6333,Flagged,Larger than measurement error; likely range beyond the smallest worthwhile change; worth a conversation,-2.3878,2.3878,0.0,ACWR describes how recent load compares with longer-term load. It does not predict injury.,yes,Athlete 07,Defenders,a0007@example.edu
A0007,2026-09-16,360.0,1,full,404.5714,418.9286,0.9657,413.0,5985.0,20.0,0.9436,ok,22.0,1.7273,yes,,2026-09-15,36.0667,-3.9,1.6333,Flagged,Larger than measurement error; likely range beyond the smallest worthwhile change; worth a conversation,-2.3878,2.3878,1.0,ACWR describes how recent load compares with longer-term load. It does not predict injury.,yes,Athlete 07,Defenders,a0007@example.edu
A0007,2026-09-17,740.0,2,full,424.5714,420.3571,1.01,346.0,5405.0,19.0,0.3663,ok,22.0,0.6818,yes,,2026-09-15,36.0667,-3.9,1.6333,Flagged,Larger than measurement error; likely range beyond the smallest worthwhile change; worth a conversation,-2.3878,2.3878,2.0,ACWR describes how recent load compares with longer-term load. It does not predict injury.,yes,Athlete 07,Defenders,a0007@example.edu
A0007,2026-09-18,180.0,1,full,424.5714,420.3571,1.01,292.0,3468.0,18.0,-0.1949,ok,22.0,-0.3636,yes,,2026-09-15,36.0667,-3.9,1.6333,Flagged,Larger than measurement error; likely range beyond the smallest worthwhile change; worth a conversation,-2.3878,2.3878,3.0,ACWR describes how recent load compares with longer-term load. It does not predict injury.,yes,Athlete 07,Defenders,a0007@example.edu
A0007,2026-09-19,497.0,1,full,405.2857,418.3929,0.9687,629.0,8148.0,18.0,-0.1949,ok,22.0,-0.3636,yes,,2026-09-15,36.0667,-3.9,1.6333,Flagged,Larger than measurement error; likely range beyond the smallest worthwhile change; worth a conversation,-2.3878,2.3878,4.0,ACWR describes how recent load compares with longer-term load. It does not predict injury.,yes,Athlete 07,Defenders,a0007@example.edu
A0007,2026-09-20,0.0,0,full,405.2857,418.3929,0.9687,0.0,0.0,,,no form,,,not expected,,2026-09-15,36.0667,-3.9,1.6333,Flagged,Larger than measurement error; likely range beyond the smallest worthwhile change; worth a conversation,-2.3878,2.3878,5.0,ACWR describes how recent load compares with longer-term load. It does not predict injury.,yes,Athlete 07,Defenders,a0007@example.edu
A0007,2026-09-21,560.0,2,full,398.1429,415.1786,0.959,319.0,5551.0,,,no form,,,no,,2026-09-15,36.0667,-3.9,1.6333,Flagged,Larger than measurement error; likely range beyond the smallest worthwhile change; worth a conversation,-2.3878,2.3878,6.0,ACWR describes how recent load compares with longer-term load. It does not predict injury.,yes,Athlete 07,Defenders,a0007@example.edu
A0007,2026-09-22,360.0,1,full,385.2857,405.5357,0.9501,306.0,5019.0,17.0,-0.7646,ok,22.0,-1.4091,yes,,2026-09-22,35.4333,-4.5333,1.6333,Flagged,Larger than measurement error; likely range beyond the smallest worthwhile change; worth a conversation,-2.7756,2.7756,0.0,ACWR describes how recent load compares with longer-term load. It does not predict injury.,yes,Athlete 07,Defenders,a0007@example.edu
A0007,2026-09-23,450.0,1,full,398.1429,408.75,0.974,315.0,5179.0,16.0,-1.287,ok,23.0,-2.3478,yes,,2026-09-22,35.4333,-4.5333,1.6333,Flagged,Larger than measurement error; likely range beyond the smallest worthwhile change; worth a conversation,-2.7756,2.7756,1.0,ACWR describes how recent load compares with longer-term load. It does not predict injury.,yes,Athlete 07,Defenders,a0007@example.edu
A0007,2026-09-24,520.0,2,full,366.7143,402.3214,0.9115,396.0,5782.0,17.0,-0.6469,ok,23.0,-1.2174,yes,,2026-09-22,35.4333,-4.5333,1.6333,Flagged,Larger than measurement error; likely range beyond the smallest worthwhile change; worth a conversation,-2.7756,2.7756,2.0,ACWR describes how recent load compares with longer-term load. It does not predict injury.,yes,Athlete 07,Defenders,a0007@example.edu
A0007,2026-09-25,180.0,1,full,366.7143,402.3214,0.9115,177.0,3393.0,16.0,-1.3024,ok,23.0,-2.3043,yes,,2026-09-22,35.4333,-4.5333,1.6333,Flagged,Larger than measurement error; likely range beyond the smallest worthwhile change; worth a conversation,-2.7756,2.7756,3.0,ACWR describes how recent load compares with longer-term load. It does not predict injury.,yes,Athlete 07,Defenders,a0007@example.edu
A0007,2026-09-26,352.0,1,full,346.0,394.3214,0.8775,458.0,4370.0,20.0,1.0436,ok,23.0,1.8696,yes,,2026-09-22,35.4333,-4.5333,1.6333,Flagged,Larger than measurement error; likely range beyond the smallest worthwhile change; worth a conversation,-2.7756,2.7756,4.0,ACWR describes how recent load compares with longer-term load. It does not predict injury.,yes,Athlete 07,Defenders,a0007@example.edu
A0007,2026-09-27,0.0,0,full,346.0,394.3214,0.8775,0.0,0.0,,,no form,,,not expected,,2026-09-22,35.4333,-4.5333,1.6333,Flagged,Larger than measurement error; likely range beyond the smallest worthwhile change; worth a conversation,-2.7756,2.7756,5.0,ACWR describes how recent load compares with longer-term load. It does not predict injury.,yes,Athlete 07,Defenders,a0007@example.edu
A0007,2026-09-28,700.0,2,full,366.0,396.1071,0.924,302.0,5088.0,15.0,-1.7388,ok,23.0,-3.1739,yes,,2026-09-22,35.4333,-4.5333,1.6333,Flagged,Larger than measurement error; likely range beyond the smallest worthwhile change; worth a conversation,-2.7756,2.7756,6.0,ACWR describes how recent load compares with longer-term load. It does not predict injury.,yes,Athlete 07,Defenders,a0007@example.edu
A0007,2026-09-29,450.0,1,full,378.8571,392.8929,0.9643,366.0,5189.0,20.0,0.992,ok,23.0,1.913,yes,,2026-09-29,36.0667,-3.9,1.6333,Flagged,Larger than measurement error; likely range beyond the smallest worthwhile change; worth a conversation,-2.3878,2.3878,0.0,ACWR describes how recent load compares with longer-term load. It does not predict injury.,yes,Athlete 07,Defenders,a0007@example.edu
A0007,2026-09-30,450.0,1,full,378.8571,399.3214,0.9488,373.0,5533.0,20.0,0.9274,ok,23.0,1.8261,yes,,2026-09-29,36.0667,-3.9,1.6333,Flagged,Larger than measurement error; likely range beyond the smallest worthwhile change; worth a conversation,-2.3878,2.3878,1.0,ACWR describes how recent load compares with longer-term load. It does not predict injury.,yes,Athlete 07,Defenders,a0007@example.edu
A0007,2026-10-01,740.0,2,full,410.2857,402.5357,1.0193,280.0,5246.0,17.0,-0.6564,ok,23.0,-1.3043,yes,,2026-09-29,36.0667,-3.9,1.6333,Flagged,Larger than measurement error; likely range beyond the smallest worthwhile change; worth a conversation,-2.3878,2.3878,2.0,ACWR describes how recent load compares with longer-term load. It does not predict injury.,yes,Athlete 07,Defenders,a0007@example.edu
A0007,2026-10-02,240.0,1,full,418.8571,406.8214,1.0296,147.0,3403.0,19.0,0.3501,ok,23.0,0.6957,yes,,2026-09-29,36.0667,-3.9,1.6333,Flagged,Larger than measurement error; likely range beyond the smallest worthwhile change; worth a conversation,-2.3878,2.3878,3.0,ACWR describes how recent load compares with longer-term load. It does not predict injury.,yes,Athlete 07,Defenders,a0007@example.edu
A0007,2026-10-03,602.0,1,full,454.5714,409.0357,1.1113,869.0,8916.0,19.0,0.4106,ok,23.0,0.7826,yes,,2026-09-29,36.0667,-3.9,1.6333,Flagged,Larger than measurement error; likely range beyond the smallest worthwhile change; worth a conversation,-2.3878,2.3878,4.0,ACWR describes how recent load compares with longer-term load. It does not predict injury.,yes,Athlete 07,Defenders,a0007@example.edu
A0008,2026-07-06,560.0,2,full,,,,265.0,4988.0,,,no form,,,no,,,,,,,,,,,ACWR describes how recent load compares with longer-term load. It does not predict injury.,no,Athlete 08,Defenders,a0008@example.edu
A0008,2026-07-07,360.0,1,full,,,,299.0,4394.0,20.0,,baseline too short,0.0,,yes,,2026-07-07,32.7,,,Baseline,Baseline test,,,0.0,ACWR describes how recent load compares with longer-term load. It does not predict injury.,no,Athlete 08,Defenders,a0008@example.edu
A0008,2026-07-08,360.0,1,full,,,,336.0,5109.0,20.0,,baseline too short,1.0,,yes,,2026-07-07,32.7,,,Baseline,Baseline test,,,1.0,ACWR describes how recent load compares with longer-term load. It does not predict injury.,no,Athlete 08,Defenders,a0008@example.edu
A0008,2026-07-09,510.0,2,full,,,,342.0,5433.0,18.0,,baseline too short,2.0,,yes,,2026-07-09,31.7667,,,Baseline,Baseline test,,,0.0,ACWR describes how recent load compares with longer-term load. It does not predict injury.,no,Athlete 08,Defenders,a0008@example.edu
A0008,2026-07-10,120.0,1,full,,,,182.0,3232.0,21.0,,baseline too short,3.0,,yes,,2026-07-09,31.7667,,,Baseline,Baseline test,,,1.0,ACWR describes how recent load compares with longer-term load. It does not predict injury.,no,Athlete 08,Defenders,a0008@example.edu
A0008,2026-07-11,0.0,0,full,,,,0.0,0.0,19.0,,baseline too short,4.0,,yes,,2026-07-09,31.7667,,,Baseline,Baseline test,,,2.0,ACWR describes how recent load compares with longer-term load. It does not predict injury.,no,Athlete 08,Defenders,a0008@example.edu
A0008,2026-07-12,0.0,0,full,272.8571,,,0.0,0.0,,,no form,,,not expected,,2026-07-09,31.7667,,,Baseline,Baseline test,,,3.0,ACWR describes how recent load compares with longer-term load. It does not predict injury.,no,Athlete 08,Defenders,a0008@example.edu
A0008,2026-07-13,560.0,2,full,272.8571,,,243.0,5397.0,21.0,,baseline too short,5.0,,yes,,2026-07-09,31.7667,,,Baseline,Baseline test,,,4.0,ACWR describes how recent load compares with longer-term load. It does not predict injury.,no,Athlete 08,Defenders,a0008@example.edu
A0008,2026-07-14,450.0,1,full,285.7143,,,264.0,4633.0,18.0,,baseline too short,6.0,,yes,,2026-07-14,31.9333,,,Baseline,Baseline test,,,0.0,ACWR describes how recent load compares with longer-term load. It does not predict injury.,no,Athlete 08,Defenders,a0008@example.edu
A0008,2026-07-15,180.0,1,full,260.0,,,280.0,5203.0,21.0,,baseline too short,7.0,,yes,,2026-07-14,31.9333,,,Baseline,Baseline test,,,1.0,ACWR describes how recent load compares with longer-term load. It does not predict injury.,no,Athlete 08,Defenders,a0008@example.edu
A0008,2026-07-16,470.0,2,full,254.2857,,,283.0,4345.0,20.0,,baseline too short,8.0,,yes,,2026-07-14,31.9333,,,Baseline,Baseline test,,,2.0,ACWR describes how recent load compares with longer-term load. It does not predict injury.,no,Athlete 08,Defenders,a0008@example.edu
A0008,2026-07-17,180.0,1,full,262.8571,,,197.0,3505.0,19.0,,baseline too short,9.0,,yes,,2026-07-14,31.9333,,,Baseline,Baseline test,,,3.0,ACWR describes how recent load compares with longer-term load. It does not predict injury.,no,Athlete 08,Defenders,a0008@example.edu
A0008,2026-07-18,0.0,0,full,262.8571,,,0.0,0.0,17.0,,baseline too short,10.0,,yes,,2026-07-14,31.9333,,,Baseline,Baseline test,,,4.0,ACWR describes how recent load compares with longer-term load. It does not predict injury.,no,Athlete 08,Defenders,a0008@example.edu
A0008,2026-07-19,0.0,0,full,262.8571,,,0.0,0.0,,,no form,,,not expected,,2026-07-14,31.9333,,,Baseline,Baseline test,,,5.0,ACWR describes how recent load compares with longer-term load. It does not predict injury.,no,Athlete 08,Defenders,a0008@example.edu
A0008,2026-07-20,790.0,2,full,295.7143,,,445.0,6751.0,21.0,,baseline too short,11.0,,yes,,2026-07-14,31.9333,,,Baseline,Baseline test,,,6.0,ACWR describes how recent load compares with longer-term load. It does not predict injury.,no,Athlete 08,Defenders,a0008@example.edu
A0008,2026-07-21,720.0,1,full,334.2857,,,442.0,7993.0,,,no form,,,no,,2026-07-21,33.4333,,,Baseline,Baseline test,,,0.0,ACWR describes how recent load compares with longer-term load. It does not predict injury.,no,Athlete 08,Defenders,a0008@example.edu
A0008,2026-07-22,630.0,1,full,398.5714,,,416.0,7753.0,18.0,,baseline too short,12.0,,yes,,2026-07-21,33.4333,,,Baseline,Baseline test,,,1.0,ACWR describes how recent load compares with longer-term load. It does not predict injury.,no,Athlete 08,Defenders,a0008@example.edu
A0008,2026-07-23,790.0,2,full,444.2857,,,395.0,6811.0,21.0,,baseline too short,13.0,,yes,,2026-07-21,33.4333,,,Baseline,Baseline test,,,2.0,ACWR describes how recent load compares with longer-term load. It does not predict injury.,no,Athlete 08,Defenders,a0008@example.edu
A0008,2026-07-24,240.0,1,full,452.8571,,,281.0,5206.0,20.0,0.3064,ok,14.0,0.4286,yes,,2026-07-21,33.4333,,,Baseline,Baseline test,,,3.0,ACWR describes how recent load compares with longer-term load. It does not predict injury.,no,Athlete 08,Defenders,a0008@example.edu
A0008,2026-07-25,0.0,0,full,452.8571,,,0.0,0.0,18.0,-1.1832,ok,15.0,-1.6,yes,,2026-07-21,33.4333,,,Baseline,Baseline test,,,4.0,ACWR describes how recent load compares with longer-term load. It does not predict injury.,no,Athlete 08,Defenders,a0008@example.edu
A0008,2026-07-26,0.0,0,full,452.8571,,,0.0,0.0,,,no form,,,not expected,,2026-07-21,33.4333,,,Baseline,Baseline test,,,5.0,ACWR describes how recent load compares with longer-term load. It does not predict injury.,no,Athlete 08,Defenders,a0008@example.edu
A0008,2026-07-27,600.0,2,full,425.7143,,,,,20.0,0.366,ok,16.0,0.5,yes,,2026-07-21,33.4333,,,Baseline,Baseline test,,,6.0,ACWR describes how recent load compares with longer-term load. It does not predict injury.,no,Athlete 08,Defenders,a0008@example.edu
A0008,2026-07-28,450.0,1,full,387.1429,,,349.0,6569.0,21.0,1.107,ok,17.0,1.4706,yes,,2026-07-28,30.9333,,,Baseline,Baseline test,,,0.0,ACWR describes how recent load compares with longer-term load. It does not predict injury.,no,Athlete 08,Defenders,a0008@example.edu
A0008,2026-07-29,450.0,1,full,361.4286,,,392.0,6630.0,21.0,1.0407,ok,18.0,1.3889,yes,,2026-07-28,30.9333,,,Baseline,Baseline test,,,1.0,ACWR describes how recent load compares with longer-term load. It does not predict injury.,no,Athlete 08,Defenders,a0008@example.edu
A0008,2026-07-30,790.0,2,full,361.4286,,,478.0,6822.0,18.0,-1.2611,ok,19.0,-1.6842,yes,,2026-07-28,30.9333,,,Baseline,Baseline test,,,2.0,ACWR describes how recent load compares with longer-term load. It does not predict injury.,no,Athlete 08,Defenders,a0008@example.edu
A0008,2026-07-31,240.0,1,full,361.4286,,,220.0,4049.0,16.0,-2.66,ok,20.0,-3.6,yes,review,2026-07-28,30.9333,,,Baseline,Baseline test,,,3.0,ACWR describes how recent load compares with longer-term load. It does not predict injury.,no,Athlete 08,Defenders,a0008@example.edu
A0008,2026-08-01,0.0,0,full,361.4286,,,0.0,0.0,19.0,-0.2791,ok,21.0,-0.4286,yes,,2026-07-28,30.9333,,,Baseline,Baseline test,,,4.0,ACWR describes how recent load compares with longer-term load. It does not predict injury.,no,Athlete 08,Defenders,a0008@example.edu
A0008,2026-08-02,0.0,0,full,361.4286,337.5,1.0709,0.0,0.0,,,no form,,,not expected,,2026-07-28,30.9333,,,Baseline,Baseline test,,,5.0,ACWR describes how recent load compares with longer-term load. It does not predict injury.,no,Athlete 08,Defenders,a0008@example.edu
A0008,2026-08-03,560.0,2,full,355.7143,337.5,1.054,488.0,6433.0,,,no form,,,no,,2026-07-28,30.9333,,,Baseline,Baseline test,,,6.0,ACWR describes how recent load compares with longer-term load. It does not predict injury.,no,Athlete 08,Defenders,a0008@example.edu
A0008,2026-08-04,630.0,1,full,381.4286,347.1429,1.0988,414.0,6753.0,,,no form,,,no,,2026-08-04,31.7,-0.4533,1.6333,No flag,Within measurement error,-0.2776,0.2776,0.0,ACWR describes how recent load compares with longer-term load. It does not predict injury.,no,Athlete 08,Defenders,a0008@example.edu
A0008,2026-08-05,450.0,1,full,381.4286,350.3571,1.0887,392.0,5920.0,21.0,1.0567,ok,21.0,1.619,yes,,2026-08-04,31.7,-0.4533,1.6333,No flag,Within measurement error,-0.2776,0.2776,1.0,ACWR describes how recent load compares with longer-term load. It does not predict injury.,no,Athlete 08,Defenders,a0008@example.edu
A0008,2026-08-06,700.0,2,full,368.5714,357.1429,1.032,445.0,6385.0,,,no form,,,no,,2026-08-04,31.7,-0.4533,1.6333,No flag,Within measurement error,-0.2776,0.2776,2.0,ACWR describes how recent load compares with longer-term load. It does not predict injury.,no,Athlete 08,Defenders,a0008@example.edu
A0008,2026-08-07,240.0,1,full,368.5714,361.4286,1.0198,241.0,4538.0,17.0,-1.5895,ok,20.0,-2.5,yes,,2026-08-04,31.7,-0.4533,1.6333,No flag,Within measurement error,-0.2776,0.2776,3.0,ACWR describes how recent load compares with longer-term load. It does not predict injury.,no,Athlete 08,Defenders,a0008@example.edu
A0008,2026-08-08,0.0,0,full,368.5714,361.4286,1.0198,0.0,0.0,20.0,0.4306,ok,20.0,0.7,yes,,2026-08-04,31.7,-0.4533,1.6333,No flag,Within measurement error,-0.2776,0.2776,4.0,ACWR describes how recent load compares with longer-term load. It does not predict injury.,no,Athlete 08,Defenders,a0008@example.edu
A0008,2026-08-09,0.0,0,full,368.5714,361.4286,1.0198,0.0,0.0,,,no form,,,not expected,,2026-08-04,31.7,-0.4533,1.6333,No flag,Within measurement error,-0.2776,0.2776,5.0,ACWR describes how recent load compares with longer-term load. It does not predict injury.,no,Athlete 08,Defenders,a0008@example.edu
A0008,2026-08-10,650.0,2,full,381.4286,364.6429,1.046,354.0,6179.0,18.0,-0.8277,ok,20.0,-1.35,yes,,2026-08-04,31.7,-0.4533,1.6333,No flag,Within measurement error,-0.2776,0.2776,6.0,ACWR describes how recent load compares with longer-term load. It does not predict injury.,no,Athlete 08,Defenders,a0008@example.edu
A0008,2026-08-11,450.0,1,full,355.7143,364.6429,0.9755,342.0,6518.0,19.0,-0.1243,ok,20.0,-0.2,yes,,2026-08-11,32.6,0.4467,1.6333,No flag,Within measurement error,0.2735,-0.2735,0.0,ACWR describes how recent load compares with longer-term load. It does not predict injury.,no,Athlete 08,Defenders,a0008@example.edu
A0008,2026-08-12,360.0,1,full,342.8571,371.0714,0.924,308.0,6418.0,17.0,-1.4193,ok,20.0,-2.25,yes,,2026-08-11,32.6,0.4467,1.6333,No flag,Within measurement error,0.2735,-0.2735,1.0,ACWR describes how recent load compares with longer-term load. It does not predict injury.,no,Athlete 08,Defenders,a0008@example.edu
A0008,2026-08-13,880.0,2,full,368.5714,385.7143,0.9556,283.0,6020.0,19.0,-0.0312,ok,20.0,-0.05,yes,,2026-08-11,32.6,0.4467,1.6333,No flag,Within measurement error,0.2735,-0.2735,2.0,ACWR describes how recent load compares with longer-term load. It does not predict injury.,no,Athlete 08,Defenders,a0008@example.edu
A0008,2026-08-14,300.0,1,full,377.1429,390.0,0.967,202.0,4084.0,20.0,0.6292,ok,20.0,1.0,yes,,2026-08-11,32.6,0.4467,1.6333,No flag,Within measurement error,0.2735,-0.2735,3.0,ACWR describes how recent load compares with longer-term load. It does not predict injury.,no,Athlete 08,Defenders,a0008@example.edu
A0008,2026-08-15,0.0,0,full,377.1429,390.0,0.967,0.0,0.0,20.0,0.5919,ok,20.0,0.95,yes,,2026-08-11,32.6,0.4467,1.6333,No flag,Within measurement error,0.2735,-0.2735,4.0,ACWR describes how recent load compares with longer-term load. It does not predict injury.,no,Athlete 08,Defenders,a0008@example.edu
A0008,2026-08-16,0.0,0,full,377.1429,390.0,0.967,0.0,0.0,,,no form,,,not expected,,2026-08-11,32.6,0.4467,1.6333,No flag,Within measurement error,0.2735,-0.2735,5.0,ACWR describes how recent load compares with longer-term load. It does not predict injury.,no,Athlete 08,Defenders,a0008@example.edu
A0008,2026-08-17,740.0,2,full,390.0,388.2143,1.0046,287.0,6506.0,22.0,1.8154,ok,20.0,2.8,yes,,2026-08-11,32.6,0.4467,1.6333,No flag,Within measurement error,0.2735,-0.2735,6.0,ACWR describes how recent load compares with longer-term load. It does not predict injury.,no,Athlete 08,Defenders,a0008@example.edu
A0008,2026-08-18,540.0,1,full,402.8571,381.7857,1.0552,431.0,6392.0,20.0,0.4635,ok,20.0,0.75,yes,,2026-08-18,31.8667,-0.2867,1.6333,No flag,Within measurement error,-0.1755,0.1755,0.0,ACWR describes how recent load compares with longer-term load. It does not predict injury.,no,Athlete 08,Defenders,a0008@example.edu
A0008,2026-08-19,360.0,1,full,402.8571,372.1429,1.0825,346.0,6455.0,21.0,1.0811,ok,21.0,1.7143,yes,,2026-08-18,31.8667,-0.2867,1.6333,No flag,Within measurement error,-0.1755,0.1755,1.0,ACWR describes how recent load compares with longer-term load. It does not predict injury.,no,Athlete 08,Defenders,a0008@example.edu
A0008,2026-08-20,700.0,2,full,377.1429,368.9286,1.0223,306.0,5995.0,,,no form,,,no,,2026-08-18,31.8667,-0.2867,1.6333,No flag,Within measurement error,-0.1755,0.1755,2.0,ACWR describes how recent load compares with longer-term load. It does not predict injury.,no,Athlete 08,Defenders,a0008@example.edu
A0008,2026-08-21,180.0,1,full,360.0,366.7857,0.9815,232.0,4028.0,18.0,-0.8445,ok,20.0,-1.35,yes,,2026-08-18,31.8667,-0.2867,1.6333,No flag,Within measurement error,-0.1755,0.1755,3.0,ACWR describes how recent load compares with longer-term load. It does not predict injury.,no,Athlete 08,Defenders,a0008@example.edu
A0008,2026-08-22,930.0,1,full,492.8571,400.0,1.2321,997.0,11377.0,18.0,-0.7725,ok,20.0,-1.25,yes,,2026-08-18,31.8667,-0.2867,1.6333,No flag,Within measurement error,-0.1755,0.1755,4.0,ACWR describes how recent load compares with longer-term load. It does not predict injury.,no,Athlete 08,Defenders,a0008@example.edu
A0008,2026-08-23,0.0,0,full,492.8571,400.0,1.2321,0.0,0.0,,,no form,,,not expected,,2026-08-18,31.8667,-0.2867,1.6333,No flag,Within measurement error,-0.1755,0.1755,5.0,ACWR describes how recent load compares with longer-term load. It does not predict injury.,no,Athlete 08,Defenders,a0008@example.edu
A0008,2026-08-24,740.0,2,full,492.8571,405.0,1.2169,366.0,6054.0,19.0,-0.1545,ok,20.0,-0.25,yes,,2026-08-18,31.8667,-0.2867,1.6333,No flag,Within measurement error,-0.1755,0.1755,6.0,ACWR describes how recent load compares with longer-term load. It does not predict injury.,no,Athlete 08,Defenders,a0008@example.edu
A0008,2026-08-25,630.0,1,full,505.7143,411.4286,1.2292,299.0,5712.0,19.0,-0.1243,ok,20.0,-0.2,yes,,2026-08-25,32.9,0.7467,1.6333,No flag,Within measurement error,0.4572,-0.4572,0.0,ACWR describes how recent load compares with longer-term load. It does not predict injury.,no,Athlete 08,Defenders,a0008@example.edu
A0008,2026-08-26,450.0,1,full,518.5714,411.4286,1.2604,345.0,6252.0,20.0,0.5797,ok,20.0,0.9,yes,,2026-08-25,32.9,0.7467,1.6333,No flag,Within measurement error,0.4572,-0.4572,1.0,ACWR describes how recent load compares with longer-term load. It does not predict injury.,no,Athlete 08,Defenders,a0008@example.edu
A0008,2026-08-27,600.0,2,full,504.2857,404.6429,1.2462,333.0,6439.0,22.0,1.9621,ok,20.0,2.95,yes,,2026-08-25,32.9,0.7467,1.6333,No flag,Within measurement error,0.4572,-0.4572,2.0,ACWR describes how recent load compares with longer-term load. It does not predict injury.,no,Athlete 08,Defenders,a0008@example.edu
A0008,2026-08-28,240.0,1,full,512.8571,404.6429,1.2674,253.0,3763.0,18.0,-0.7725,ok,20.0,-1.25,yes,,2026-08-25,32.9,0.7467,1.6333,No flag,Within measurement error,0.4572,-0.4572,3.0,ACWR describes how recent load compares with longer-term load. It does not predict injury.,no,Athlete 08,Defenders,a0008@example.edu
A0008,2026-08-29,396.0,1,full,436.5714,418.7857,1.0425,519.0,7762.0,17.0,-1.6086,ok,20.0,-2.35,yes,,2026-08-25,32.9,0.7467,1.6333,No flag,Within measurement error,0.4572,-0.4572,4.0,ACWR describes how recent load compares with longer-term load. It does not predict injury.,no,Athlete 08,Defenders,a0008@example.edu
A0008,2026-08-30,0.0,0,full,436.5714,418.7857,1.0425,0.0,0.0,,,no form,,,not expected,,2026-08-25,32.9,0.7467,1.6333,No flag,Within measurement error,0.4572,-0.4572,5.0,ACWR describes how recent load compares with longer-term load. It does not predict injury.,no,Athlete 08,Defenders,a0008@example.edu
A0008,2026-08-31,790.0,2,full,443.7143,427.0,1.0391,381.0,6072.0,18.0,-0.8055,ok,20.0,-1.25,yes,,2026-08-25,32.9,0.7467,1.6333,No flag,Within measurement error,0.4572,-0.4572,6.0,ACWR describes how recent load compares with longer-term load. It does not predict injury.,no,Athlete 08,Defenders,a0008@example.edu
A0008,2026-09-01,540.0,1,full,430.8571,423.7857,1.0167,257.0,5634.0,,,no form,,,no,,2026-09-01,31.3,-0.8533,1.6333,No flag,Within measurement error,-0.5225,0.5225,0.0,ACWR describes how recent load compares with longer-term load. It does not predict injury.,no,Athlete 08,Defenders,a0008@example.edu
A0008,2026-09-02,360.0,1,full,418.0,420.5714,0.9939,302.0,5997.0,19.0,-0.1239,ok,21.0,-0.1905,yes,,2026-09-01,31.3,-0.8533,1.6333,No flag,Within measurement error,-0.5225,0.5225,1.0,ACWR describes how recent load compares with longer-term load. It does not predict injury.,no,Athlete 08,Defenders,a0008@example.edu
A0008,2026-09-03,650.0,2,full,425.1429,418.7857,1.0152,407.0,5999.0,17.0,-1.4157,ok,21.0,-2.0952,yes,,2026-09-01,31.3,-0.8533,1.6333,No flag,Within measurement error,-0.5225,0.5225,2.0,ACWR describes how recent load compares with longer-term load. It does not predict injury.,no,Athlete 08,Defenders,a0008@example.edu
A0008,2026-09-04,240.0,1,full,425.1429,418.7857,1.0152,270.0,4138.0,20.0,0.6614,ok,22.0,1.0,yes,,2026-09-01,31.3,-0.8533,1.6333,No flag,Within measurement error,-0.5225,0.5225,3.0,ACWR describes how recent load compares with longer-term load. It does not predict injury.,no,Athlete 08,Defenders,a0008@example.edu
A0008,2026-09-05,608.0,1,full,455.4286,440.5,1.0339,662.0,9457.0,19.0,-0.0936,ok,22.0,-0.1364,yes,,2026-09-01,31.3,-0.8533,1.6333,No flag,Within measurement error,-0.5225,0.5225,4.0,ACWR describes how recent load compares with longer-term load. It does not predict injury.,no,Athlete 08,Defenders,a0008@example.edu
A0008,2026-09-06,0.0,0,full,455.4286,440.5,1.0339,0.0,0.0,,,no form,,,not expected,,2026-09-01,31.3,-0.8533,1.6333,No flag,Within measurement error,-0.5225,0.5225,5.0,ACWR describes how recent load compares with longer-term load. It does not predict injury.,yes,Athlete 08,Defenders,a0008@example.edu
A0008,2026-09-07,700.0,2,full,442.5714,442.2857,1.0006,522.0,6447.0,19.0,-0.0629,ok,22.0,-0.0909,yes,,2026-09-01,31.3,-0.8533,1.6333,No flag,Within measurement error,-0.5225,0.5225,6.0,ACWR describes how recent load compares with longer-term load. It does not predict injury.,yes,Athlete 08,Defenders,a0008@example.edu
A0008,2026-09-08,630.0,1,full,455.4286,448.7143,1.015,335.0,6600.0,20.0,0.6064,ok,22.0,0.8636,yes,,2026-09-08,33.5333,1.38,1.6333,No flag,Within measurement error,0.8449,-0.8449,0.0,ACWR describes how recent load compares with longer-term load. It does not predict injury.,yes,Athlete 08,Defenders,a0008@example.edu
A0008,2026-09-09,630.0,1,full,494.0,458.3571,1.0778,328.0,5363.0,21.0,1.2666,ok,22.0,1.8182,yes,,2026-09-08,33.5333,1.38,1.6333,No flag,Within measurement error,0.8449,-0.8449,1.0,ACWR describes how recent load compares with longer-term load. It does not predict injury.,yes,Athlete 08,Defenders,a0008@example.edu
A0008,2026-09-10,650.0,2,full,494.0,450.1429,1.0974,311.0,6108.0,19.0,-0.26,ok,22.0,-0.3636,yes,,2026-09-08,33.5333,1.38,1.6333,No flag,Within measurement error,0.8449,-0.8449,2.0,ACWR describes how recent load compares with longer-term load. It does not predict injury.,yes,Athlete 08,Defenders,a0008@example.edu
A0008,2026-09-11,240.0,1,full,494.0,448.0,1.1027,187.0,4226.0,19.0,-0.26,ok,22.0,-0.3636,yes,,2026-09-08,33.5333,1.38,1.6333,No flag,Within measurement error,0.8449,-0.8449,3.0,ACWR describes how recent load compares with longer-term load. It does not predict injury.,yes,Athlete 08,Defenders,a0008@example.edu
A0008,2026-09-12,539.0,1,full,484.1429,467.25,1.0362,853.0,9450.0,21.0,1.207,ok,22.0,1.6818,yes,,2026-09-08,33.5333,1.38,1.6333,No flag,Within measurement error,0.8449,-0.8449,4.0,ACWR describes how recent load compares with longer-term load. It does not predict injury.,yes,Athlete 08,Defenders,a0008@example.edu
A0008,2026-09-13,0.0,0,full,484.1429,467.25,1.0362,0.0,0.0,,,no form,,,not expected,,2026-09-08,33.5333,1.38,1.6333,No flag,Within measurement error,0.8449,-0.8449,5.0,ACWR describes how recent load compares with longer-term load. It does not predict injury.,yes,Athlete 08,Defenders,a0008@example.edu
A0008,2026-09-14,700.0,2,full,484.1429,465.8214,1.0393,349.0,5491.0,16.0,-2.3482,ok,22.0,-3.3636,yes,review,2026-09-08,33.5333,1.38,1.6333,No flag,Within measurement error,0.8449,-0.8449,6.0,ACWR describes how recent load compares with longer-term load. It does not predict injury.,yes,Athlete 08,Defenders,a0008@example.edu
A0008,2026-09-15,540.0,1,full,471.2857,465.8214,1.0117,373.0,6619.0,19.0,-0.0615,ok,22.0,-0.0909,yes,,2026-09-15,33.5333,1.38,1.6333,No flag,Within measurement error,0.8449,-0.8449,0.0,ACWR describes how recent load compares with longer-term load. It does not predict injury.,yes,Athlete 08,Defenders,a0008@example.edu
A0008,2026-09-16,450.0,1,full,445.5714,469.0357,0.95,,,24.0,3.3863,ok,22.0,4.9545,yes,,2026-09-15,33.5333,1.38,1.6333,No flag,Within measurement error,0.8449,-0.8449,1.0,ACWR describes how recent load compares with longer-term load. It does not predict injury.,yes,Athlete 08,Defenders,a0008@example.edu
A0008,2026-09-17,650.0,2,full,445.5714,467.25,0.9536,430.0,6252.0,18.0,-0.6703,ok,22.0,-1.1818,yes,,2026-09-15,33.5333,1.38,1.6333,No flag,Within measurement error,0.8449,-0.8449,2.0,ACWR describes how recent load compares with longer-term load. It does not predict injury.,yes,Athlete 08,Defenders,a0008@example.edu
A0008,2026-09-18,300.0,1,full,454.1429,471.5357,0.9631,92.0,3651.0,20.0,0.4997,ok,23.0,0.8696,yes,,2026-09-15,33.5333,1.38,1.6333,No flag,Within measurement error,0.8449,-0.8449,3.0,ACWR describes how recent load compares with longer-term load. It does not predict injury.,yes,Athlete 08,Defenders,a0008@example.edu
A0008,2026-09-19,357.0,1,full,428.1429,451.0714,0.9492,526.0,6268.0,16.0,-1.8588,ok,23.0,-3.2174,yes,,2026-09-15,33.5333,1.38,1.6333,No flag,Within measurement error,0.8449,-0.8449,4.0,ACWR describes how recent load compares with longer-term load. It does not predict injury.,yes,Athlete 08,Defenders,a0008@example.edu
A0008,2026-09-20,0.0,0,full,428.1429,451.0714,0.9492,0.0,0.0,,,no form,,,not expected,,2026-09-15,33.5333,1.38,1.6333,No flag,Within measurement error,0.8449,-0.8449,5.0,ACWR describes how recent load compares with longer-term load. It does not predict injury.,yes,Athlete 08,Defenders,a0008@example.edu
A0008,2026-09-21,880.0,2,full,453.8571,456.0714,0.9951,449.0,6796.0,16.0,-1.6999,ok,23.0,-3.1304,yes,,2026-09-15,33.5333,1.38,1.6333,No flag,Within measurement error,0.8449,-0.8449,6.0,ACWR describes how recent load compares with longer-term load. It does not predict injury.,yes,Athlete 08,Defenders,a0008@example.edu
A0008,2026-09-22,450.0,1,full,441.0,449.6429,0.9808,370.0,7029.0,,,no form,,,no,,2026-09-22,32.9,0.7467,1.6333,No flag,Within measurement error,0.4572,-0.4572,0.0,ACWR describes how recent load compares with longer-term load. It does not predict injury.,yes,Athlete 08,Defenders,a0008@example.edu
A0008,2026-09-23,450.0,1,full,441.0,449.6429,0.9808,406.0,5832.0,17.0,-1.0,ok,22.0,-2.0,yes,,2026-09-22,32.9,0.7467,1.6333,No flag,Within measurement error,0.4572,-0.4572,1.0,ACWR describes how recent load compares with longer-term load. It does not predict injury.,yes,Athlete 08,Defenders,a0008@example.edu
A0008,2026-09-24,510.0,2,full,421.0,446.4286,0.943,461.0,6241.0,19.0,0.0672,ok,22.0,0.1364,yes,,2026-09-22,32.9,0.7467,1.6333,No flag,Within measurement error,0.4572,-0.4572,2.0,ACWR describes how recent load compares with longer-term load. It does not predict injury.,yes,Athlete 08,Defenders,a0008@example.edu
A0008,2026-09-25,180.0,1,full,403.8571,444.2857,0.909,258.0,4199.0,20.0,0.6674,ok,22.0,1.2727,yes,,2026-09-22,32.9,0.7467,1.6333,No flag,Within measurement error,0.4572,-0.4572,3.0,ACWR describes how recent load compares with longer-term load. It does not predict injury.,yes,Athlete 08,Defenders,a0008@example.edu
A0008,2026-09-26,560.0,1,full,432.8571,450.1429,0.9616,801.0,8948.0,18.0,-0.4265,ok,22.0,-0.8182,yes,,2026-09-22,32.9,0.7467,1.6333,No flag,Within measurement error,0.4572,-0.4572,4.0,ACWR describes how recent load compares with longer-term load. It does not predict injury.,yes,Athlete 08,Defenders,a0008@example.edu
A0008,2026-09-27,0.0,0,full,432.8571,450.1429,0.9616,0.0,0.0,,,no form,,,not expected,,2026-09-22,32.9,0.7467,1.6333,No flag,Within measurement error,0.4572,-0.4572,5.0,ACWR describes how recent load compares with longer-term load. It does not predict injury.,yes,Athlete 08,Defenders,a0008@example.edu
A0008,2026-09-28,650.0,2,full,400.0,445.1429,0.8986,299.0,6772.0,17.0,-0.9888,ok,22.0,-1.8636,yes,,2026-09-22,32.9,0.7467,1.6333,No flag,Within measurement error,0.4572,-0.4572,6.0,ACWR describes how recent load compares with longer-term load. It does not predict injury.,yes,Athlete 08,Defenders,a0008@example.edu
A0008,2026-09-29,540.0,1,full,412.8571,445.1429,0.9275,250.0,5690.0,20.0,0.6161,ok,22.0,1.1818,yes,,2026-09-29,33.5333,1.38,1.6333,No flag,Within measurement error,0.8449,-0.8449,0.0,ACWR describes how recent load compares with longer-term load. It does not predict injury.,yes,Athlete 08,Defenders,a0008@example.edu
A0008,2026-09-30,540.0,1,full,425.7143,451.5714,0.9427,414.0,6147.0,20.0,0.598,ok,23.0,1.1304,yes,,2026-09-29,33.5333,1.38,1.6333,No flag,Within measurement error,0.8449,-0.8449,1.0,ACWR describes how recent load compares with longer-term load. It does not predict injury.,yes,Athlete 08,Defenders,a0008@example.edu
A0008,2026-10-01,650.0,2,full,445.7143,451.5714,0.987,375.0,6209.0,18.0,-0.4793,ok,23.0,-0.913,yes,,2026-09-29,33.5333,1.38,1.6333,No flag,Within measurement error,0.8449,-0.8449,2.0,ACWR describes how recent load compares with longer-term load. It does not predict injury.,yes,Athlete 08,Defenders,a0008@example.edu
A0008,2026-10-02,240.0,1,full,454.2857,451.5714,1.006,250.0,3762.0,18.0,-0.5114,ok,23.0,-0.9565,yes,,2026-09-29,33.5333,1.38,1.6333,No flag,Within measurement error,0.8449,-0.8449,3.0,ACWR describes how recent load compares with longer-term load. It does not predict injury.,yes,Athlete 08,Defenders,a0008@example.edu
A0008,2026-10-03,378.0,1,full,428.2857,443.3571,0.966,,,18.0,-0.466,ok,23.0,-0.8696,yes,,2026-09-29,33.5333,1.38,1.6333,No flag,Within measurement error,0.8449,-0.8449,4.0,ACWR describes how recent load compares with longer-term load. It does not predict injury.,yes,Athlete 08,Defenders,a0008@example.edu
A0009,2026-07-06,600.0,2,full,,,,217.0,4452.0,19.0,,baseline too short,0.0,,yes,,,,,,,,,,,ACWR describes how recent load compares with longer-term load. It does not predict injury.,no,Athlete 09,Defenders,a0009@example.edu
A0009,2026-07-07,360.0,1,full,,,,277.0,4933.0,17.0,,baseline too short,1.0,,yes,,2026-07-07,30.5333,,,Baseline,Baseline test,,,0.0,ACWR describes how recent load compares with longer-term load. It does not predict injury.,no,Athlete 09,Defenders,a0009@example.edu
A0009,2026-07-08,270.0,1,full,,,,216.0,4469.0,17.0,,baseline too short,2.0,,yes,,2026-07-07,30.5333,,,Baseline,Baseline test,,,1.0,ACWR describes how recent load compares with longer-term load. It does not predict injury.,no,Athlete 09,Defenders,a0009@example.edu
A0009,2026-07-09,600.0,2,full,,,,277.0,4909.0,18.0,,baseline too short,3.0,,yes,,2026-07-09,30.8,,,Baseline,Baseline test,,,0.0,ACWR describes how recent load compares with longer-term load. It does not predict injury.,no,Athlete 09,Defenders,a0009@example.edu
A0009,2026-07-10,180.0,1,full,,,,138.0,3169.0,,,no form,,,no,,2026-07-09,30.8,,,Baseline,Baseline test,,,1.0,ACWR describes how recent load compares with longer-term load. It does not predict injury.,no,Athlete 09,Defenders,a0009@example.edu
A0009,2026-07-11,0.0,0,full,,,,0.0,0.0,20.0,,baseline too short,4.0,,yes,,2026-07-09,30.8,,,Baseline,Baseline test,,,2.0,ACWR describes how recent load compares with longer-term load. It does not predict injury.,no,Athlete 09,Defenders,a0009@example.edu
A0009,2026-07-12,0.0,0,full,287.1429,,,0.0,0.0,,,no form,,,not expected,,2026-07-09,30.8,,,Baseline,Baseline test,,,3.0,ACWR describes how recent load compares with longer-term load. It does not predict injury.,no,Athlete 09,Defenders,a0009@example.edu
A0009,2026-07-13,420.0,2,full,261.4286,,,279.0,4362.0,17.0,,baseline too short,5.0,,yes,,2026-07-09,30.8,,,Baseline,Baseline test,,,4.0,ACWR describes how recent load compares with longer-term load. It does not predict injury.,no,Athlete 09,Defenders,a0009@example.edu
A0009,2026-07-14,360.0,1,full,261.4286,,,275.0,4934.0,19.0,,baseline too short,6.0,,yes,,2026-07-14,31.2667,,,Baseline,Baseline test,,,0.0,ACWR describes how recent load compares with longer-term load. It does not predict injury.,no,Athlete 09,Defenders,a0009@example.edu
A0009,2026-07-15,450.0,1,full,287.1429,,,268.0,4170.0,,,no form,,,no,,2026-07-14,31.2667,,,Baseline,Baseline test,,,1.0,ACWR describes how recent load compares with longer-term load. It does not predict injury.,no,Athlete 09,Defenders,a0009@example.edu
A0009,2026-07-16,510.0,2,full,274.2857,,,231.0,4497.0,19.0,,baseline too short,7.0,,yes,,2026-07-14,31.2667,,,Baseline,Baseline test,,,2.0,ACWR describes how recent load compares with longer-term load. It does not predict injury.,no,Athlete 09,Defenders,a0009@example.edu
A0009,2026-07-17,120.0,1,full,265.7143,,,146.0,2818.0,20.0,,baseline too short,8.0,,yes,,2026-07-14,31.2667,,,Baseline,Baseline test,,,3.0,ACWR describes how recent load compares with longer-term load. It does not predict injury.,no,Athlete 09,Defenders,a0009@example.edu
A0009,2026-07-18,0.0,0,full,265.7143,,,0.0,0.0,18.0,,baseline too short,9.0,,yes,,2026-07-14,31.2667,,,Baseline,Baseline test,,,4.0,ACWR describes how recent load compares with longer-term load. It does not predict injury.,no,Athlete 09,Defenders,a0009@example.edu
A0009,2026-07-19,0.0,0,full,265.7143,,,0.0,0.0,,,no form,,,not expected,,2026-07-14,31.2667,,,Baseline,Baseline test,,,5.0,ACWR describes how recent load compares with longer-term load. It does not predict injury.,no,Athlete 09,Defenders,a0009@example.edu
A0009,2026-07-20,890.0,2,full,332.8571,,,431.0,7840.0,18.0,,baseline too short,10.0,,yes,,2026-07-14,31.2667,,,Baseline,Baseline test,,,6.0,ACWR describes how recent load compares with longer-term load. It does not predict injury.,no,Athlete 09,Defenders,a0009@example.edu
A0009,2026-07-21,630.0,1,full,371.4286,,,,,18.0,,baseline too short,11.0,,yes,,2026-07-21,32.5667,,,Baseline,Baseline test,,,0.0,ACWR describes how recent load compares with longer-term load. It does not predict injury.,no,Athlete 09,Defenders,a0009@example.edu
A0009,2026-07-22,540.0,1,full,384.2857,,,321.0,6659.0,21.0,,baseline too short,12.0,,yes,,2026-07-21,32.5667,,,Baseline,Baseline test,,,1.0,ACWR describes how recent load compares with longer-term load. It does not predict injury.,no,Athlete 09,Defenders,a0009@example.edu
A0009,2026-07-23,800.0,2,full,425.7143,,,366.0,7310.0,17.0,,baseline too short,13.0,,yes,,2026-07-21,32.5667,,,Baseline,Baseline test,,,2.0,ACWR describes how recent load compares with longer-term load. It does not predict injury.,no,Athlete 09,Defenders,a0009@example.edu
A0009,2026-07-24,300.0,1,full,451.4286,,,296.0,4979.0,19.0,0.4451,ok,14.0,0.5714,yes,,2026-07-21,32.5667,,,Baseline,Baseline test,,,3.0,ACWR describes how recent load compares with longer-term load. It does not predict injury.,no,Athlete 09,Defenders,a0009@example.edu
A0009,2026-07-25,0.0,0,full,451.4286,,,0.0,0.0,17.0,-1.1772,ok,15.0,-1.4667,yes,,2026-07-21,32.5667,,,Baseline,Baseline test,,,4.0,ACWR describes how recent load compares with longer-term load. It does not predict injury.,no,Athlete 09,Defenders,a0009@example.edu
A0009,2026-07-26,0.0,0,full,451.4286,,,0.0,0.0,,,no form,,,not expected,,2026-07-21,32.5667,,,Baseline,Baseline test,,,5.0,ACWR describes how recent load compares with longer-term load. It does not predict injury.,no,Athlete 09,Defenders,a0009@example.edu
A0009,2026-07-27,660.0,2,full,418.5714,,,442.0,6310.0,22.0,2.8809,ok,16.0,3.625,yes,,2026-07-21,32.5667,,,Baseline,Baseline test,,,6.0,ACWR describes how recent load compares with longer-term load. It does not predict injury.,no,Athlete 09,Defenders,a0009@example.edu
A0009,2026-07-28,540.0,1,full,405.7143,,,429.0,6187.0,18.0,-0.3915,ok,17.0,-0.5882,yes,,2026-07-28,31.8333,,,Baseline,Baseline test,,,0.0,ACWR describes how recent load compares with longer-term load. It does not predict injury.,no,Athlete 09,Defenders,a0009@example.edu
A0009,2026-07-29,450.0,1,full,392.8571,,,321.0,5854.0,19.0,0.3035,ok,18.0,0.4444,yes,,2026-07-28,31.8333,,,Baseline,Baseline test,,,1.0,ACWR describes how recent load compares with longer-term load. It does not predict injury.,no,Athlete 09,Defenders,a0009@example.edu
A0009,2026-07-30,750.0,2,full,385.7143,,,388.0,5858.0,18.0,-0.4058,ok,19.0,-0.5789,yes,,2026-07-28,31.8333,,,Baseline,Baseline test,,,2.0,ACWR describes how recent load compares with longer-term load. It does not predict injury.,no,Athlete 09,Defenders,a0009@example.edu
A0009,2026-07-31,300.0,1,full,385.7143,,,183.0,4277.0,20.0,1.0398,ok,20.0,1.45,yes,,2026-07-28,31.8333,,,Baseline,Baseline test,,,3.0,ACWR describes how recent load compares with longer-term load. It does not predict injury.,no,Athlete 09,Defenders,a0009@example.edu
A0009,2026-08-01,0.0,0,full,385.7143,,,0.0,0.0,22.0,2.4226,ok,21.0,3.381,yes,,2026-07-28,31.8333,,,Baseline,Baseline test,,,4.0,ACWR describes how recent load compares with longer-term load. It does not predict injury.,no,Athlete 09,Defenders,a0009@example.edu
A0009,2026-08-02,0.0,0,full,385.7143,347.5,1.11,0.0,0.0,,,no form,,,not expected,,2026-07-28,31.8333,,,Baseline,Baseline test,,,5.0,ACWR describes how recent load compares with longer-term load. It does not predict injury.,no,Athlete 09,Defenders,a0009@example.edu
A0009,2026-08-03,800.0,2,full,405.7143,354.6429,1.144,374.0,5804.0,18.0,-0.5015,ok,22.0,-0.7727,yes,,2026-07-28,31.8333,,,Baseline,Baseline test,,,6.0,ACWR describes how recent load compares with longer-term load. It does not predict injury.,no,Athlete 09,Defenders,a0009@example.edu
A0009,2026-08-04,450.0,1,full,392.8571,357.8571,1.0978,423.0,5730.0,16.0,-1.7611,ok,22.0,-2.7273,yes,,2026-08-04,32.2667,0.8667,1.6333,No flag,Within measurement error,0.5306,-0.5306,0.0,ACWR describes how recent load compares with longer-term load. It does not predict injury.,no,Athlete 09,Defenders,a0009@example.edu
A0009,2026-08-05,540.0,1,full,405.7143,367.5,1.104,431.0,5855.0,21.0,1.4354,ok,22.0,2.3182,yes,,2026-08-04,32.2667,0.8667,1.6333,No flag,Within measurement error,0.5306,-0.5306,1.0,ACWR describes how recent load compares with longer-term load. It does not predict injury.,no,Athlete 09,Defenders,a0009@example.edu
A0009,2026-08-06,650.0,2,full,391.4286,369.2857,1.06,372.0,5826.0,20.0,0.6922,ok,22.0,1.1364,yes,,2026-08-04,32.2667,0.8667,1.6333,No flag,Within measurement error,0.5306,-0.5306,2.0,ACWR describes how recent load compares with longer-term load. It does not predict injury.,no,Athlete 09,Defenders,a0009@example.edu
A0009,2026-08-07,180.0,1,full,374.2857,369.2857,1.0135,163.0,3771.0,18.0,-0.5796,ok,22.0,-0.9545,yes,,2026-08-04,32.2667,0.8667,1.6333,No flag,Within measurement error,0.5306,-0.5306,3.0,ACWR describes how recent load compares with longer-term load. It does not predict injury.,no,Athlete 09,Defenders,a0009@example.edu
A0009,2026-08-08,0.0,0,full,374.2857,369.2857,1.0135,0.0,0.0,17.0,-1.18,ok,23.0,-1.913,yes,,2026-08-04,32.2667,0.8667,1.6333,No flag,Within measurement error,0.5306,-0.5306,4.0,ACWR describes how recent load compares with longer-term load. It does not predict injury.,no,Athlete 09,Defenders,a0009@example.edu
A0009,2026-08-09,0.0,0,full,374.2857,369.2857,1.0135,0.0,0.0,,,no form,,,not expected,,2026-08-04,32.2667,0.8667,1.6333,No flag,Within measurement error,0.5306,-0.5306,5.0,ACWR describes how recent load compares with longer-term load. It does not predict injury.,no,Athlete 09,Defenders,a0009@example.edu
A0009,2026-08-10,600.0,2,full,345.7143,375.7143,0.9202,417.0,6703.0,16.0,-1.6862,ok,23.0,-2.7826,yes,,2026-08-04,32.2667,0.8667,1.6333,No flag,Within measurement error,0.5306,-0.5306,6.0,ACWR describes how recent load compares with longer-term load. It does not predict injury.,no,Athlete 09,Defenders,a0009@example.edu
A0009,2026-08-11,450.0,1,full,345.7143,378.9286,0.9123,331.0,6369.0,19.0,0.1524,ok,23.0,0.2609,yes,,2026-08-11,30.5667,-0.8333,1.6333,No flag,Within measurement error,-0.5102,0.5102,0.0,ACWR describes how recent load compares with longer-term load. It does not predict injury.,no,Athlete 09,Defenders,a0009@example.edu
A0009,2026-08-12,540.0,1,full,345.7143,382.1429,0.9047,401.0,5720.0,19.0,0.1524,ok,23.0,0.2609,yes,,2026-08-11,30.5667,-0.8333,1.6333,No flag,Within measurement error,-0.5102,0.5102,1.0,ACWR describes how recent load compares with longer-term load. It does not predict injury.,no,Athlete 09,Defenders,a0009@example.edu
A0009,2026-08-13,750.0,2,full,360.0,390.7143,0.9214,464.0,5962.0,,,no form,,,no,,2026-08-11,30.5667,-0.8333,1.6333,No flag,Within measurement error,-0.5102,0.5102,2.0,ACWR describes how recent load compares with longer-term load. It does not predict injury.,no,Athlete 09,Defenders,a0009@example.edu
A0009,2026-08-14,240.0,1,full,368.5714,395.0,0.9331,,,18.0,-0.4319,ok,23.0,-0.7391,yes,,2026-08-11,30.5667,-0.8333,1.6333,No flag,Within measurement error,-0.5102,0.5102,3.0,ACWR describes how recent load compares with longer-term load. It does not predict injury.,no,Athlete 09,Defenders,a0009@example.edu
A0009,2026-08-15,0.0,0,full,368.5714,395.0,0.9331,0.0,0.0,18.0,-0.3847,ok,23.0,-0.6522,yes,,2026-08-11,30.5667,-0.8333,1.6333,No flag,Within measurement error,-0.5102,0.5102,4.0,ACWR describes how recent load compares with longer-term load. It does not predict injury.,no,Athlete 09,Defenders,a0009@example.edu
A0009,2026-08-16,0.0,0,full,368.5714,395.0,0.9331,0.0,0.0,,,no form,,,not expected,,2026-08-11,30.5667,-0.8333,1.6333,No flag,Within measurement error,-0.5102,0.5102,5.0,ACWR describes how recent load compares with longer-term load. It does not predict injury.,no,Athlete 09,Defenders,a0009@example.edu
A0009,2026-08-17,560.0,2,full,362.8571,383.2143,0.9469,292.0,5767.0,17.0,-0.9747,ok,23.0,-1.6522,yes,,2026-08-11,30.5667,-0.8333,1.6333,No flag,Within measurement error,-0.5102,0.5102,6.0,ACWR describes how recent load compares with longer-term load. It does not predict injury.,no,Athlete 09,Defenders,a0009@example.edu
A0009,2026-08-18,540.0,1,full,375.7143,380.0,0.9887,376.0,5400.0,20.0,0.8065,ok,23.0,1.3913,yes,,2026-08-18,31.7,0.3,1.6333,No flag,Within measurement error,0.1837,-0.1837,0.0,ACWR describes how recent load compares with longer-term load. It does not predict injury.,no,Athlete 09,Defenders,a0009@example.edu
A0009,2026-08-19,270.0,1,full,337.1429,370.3571,0.9103,245.0,5918.0,18.0,-0.399,ok,23.0,-0.6957,yes,,2026-08-18,31.7,0.3,1.6333,No flag,Within measurement error,0.1837,-0.1837,1.0,ACWR describes how recent load compares with longer-term load. It does not predict injury.,no,Athlete 09,Defenders,a0009@example.edu
A0009,2026-08-20,690.0,2,full,328.5714,366.4286,0.8967,,,18.0,-0.3376,ok,23.0,-0.5652,yes,,2026-08-18,31.7,0.3,1.6333,No flag,Within measurement error,0.1837,-0.1837,2.0,ACWR describes how recent load compares with longer-term load. It does not predict injury.,no,Athlete 09,Defenders,a0009@example.edu
A0009,2026-08-21,180.0,1,full,320.0,362.1429,0.8836,258.0,3910.0,17.0,-0.9784,ok,23.0,-1.6087,yes,,2026-08-18,31.7,0.3,1.6333,No flag,Within measurement error,0.1837,-0.1837,3.0,ACWR describes how recent load compares with longer-term load. It does not predict injury.,no,Athlete 09,Defenders,a0009@example.edu
A0009,2026-08-22,427.0,1,full,381.0,377.3929,1.0096,623.0,6657.0,18.0,-0.3114,ok,23.0,-0.5217,yes,,2026-08-18,31.7,0.3,1.6333,No flag,Within measurement error,0.1837,-0.1837,4.0,ACWR describes how recent load compares with longer-term load. It does not predict injury.,no,Athlete 09,Defenders,a0009@example.edu
A0009,2026-08-23,0.0,0,full,381.0,377.3929,1.0096,0.0,0.0,,,no form,,,not expected,,2026-08-18,31.7,0.3,1.6333,No flag,Within measurement error,0.1837,-0.1837,5.0,ACWR describes how recent load compares with longer-term load. It does not predict injury.,no,Athlete 09,Defenders,a0009@example.edu
A0009,2026-08-24,690.0,2,full,399.5714,378.4643,1.0558,356.0,5843.0,16.0,-1.5578,ok,23.0,-2.5652,yes,,2026-08-18,31.7,0.3,1.6333,No flag,Within measurement error,0.1837,-0.1837,6.0,ACWR describes how recent load compares with longer-term load. It does not predict injury.,no,Athlete 09,Defenders,a0009@example.edu
A0009,2026-08-25,540.0,1,full,399.5714,378.4643,1.0558,327.0,5892.0,19.0,0.4487,ok,23.0,0.6957,yes,,2026-08-25,30.7,-0.7,1.6333,No flag,Within measurement error,-0.4286,0.4286,0.0,ACWR describes how recent load compares with longer-term load. It does not predict injury.,no,Athlete 09,Defenders,a0009@example.edu
A0009,2026-08-26,450.0,1,full,425.2857,378.4643,1.1237,340.0,5873.0,16.0,-1.5096,ok,23.0,-2.3478,yes,,2026-08-25,30.7,-0.7,1.6333,No flag,Within measurement error,-0.4286,0.4286,1.0,ACWR describes how recent load compares with longer-term load. It does not predict injury.,no,Athlete 09,Defenders,a0009@example.edu
A0009,2026-08-27,790.0,2,full,439.5714,379.8929,1.1571,396.0,6030.0,19.0,0.4824,ok,23.0,0.7826,yes,,2026-08-25,30.7,-0.7,1.6333,No flag,Within measurement error,-0.4286,0.4286,2.0,ACWR describes how recent load compares with longer-term load. It does not predict injury.,no,Athlete 09,Defenders,a0009@example.edu
A0009,2026-08-28,120.0,1,full,431.0,373.4643,1.1541,234.0,3676.0,19.0,0.4535,ok,23.0,0.7391,yes,,2026-08-25,30.7,-0.7,1.6333,No flag,Within measurement error,-0.4286,0.4286,3.0,ACWR describes how recent load compares with longer-term load. It does not predict injury.,no,Athlete 09,Defenders,a0009@example.edu
A0009,2026-08-29,392.0,1,full,426.0,387.4643,1.0995,617.0,6706.0,17.0,-0.7636,ok,23.0,-1.2174,yes,,2026-08-25,30.7,-0.7,1.6333,No flag,Within measurement error,-0.4286,0.4286,4.0,ACWR describes how recent load compares with longer-term load. It does not predict injury.,no,Athlete 09,Defenders,a0009@example.edu
A0009,2026-08-30,0.0,0,full,426.0,387.4643,1.0995,0.0,0.0,,,no form,,,not expected,,2026-08-25,30.7,-0.7,1.6333,No flag,Within measurement error,-0.4286,0.4286,5.0,ACWR describes how recent load compares with longer-term load. It does not predict injury.,no,Athlete 09,Defenders,a0009@example.edu
A0009,2026-08-31,700.0,2,full,427.4286,383.8929,1.1134,399.0,6097.0,15.0,-2.1712,ok,23.0,-3.0,yes,review,2026-08-25,30.7,-0.7,1.6333,No flag,Within measurement error,-0.4286,0.4286,6.0,ACWR describes how recent load compares with longer-term load. It does not predict injury.,no,Athlete 09,Defenders,a0009@example.edu
A0009,2026-09-01,540.0,1,full,427.4286,387.1071,1.1042,443.0,6206.0,19.0,0.7453,ok,23.0,1.1304,yes,,2026-09-01,30.5,-0.9,1.6333,No flag,Within measurement error,-0.551,0.551,0.0,ACWR describes how recent load compares with longer-term load. It does not predict injury.,no,Athlete 09,Defenders,a0009@example.edu
A0009,2026-09-02,450.0,1,full,427.4286,383.8929,1.1134,342.0,5920.0,19.0,0.677,ok,23.0,1.0,yes,,2026-09-01,30.5,-0.9,1.6333,No flag,Within measurement error,-0.551,0.551,1.0,ACWR describes how recent load compares with longer-term load. It does not predict injury.,no,Athlete 09,Defenders,a0009@example.edu
A0009,2026-09-03,510.0,2,full,387.4286,378.8929,1.0225,436.0,6141.0,18.0,0.0646,ok,23.0,0.087,yes,,2026-09-01,30.5,-0.9,1.6333,No flag,Within measurement error,-0.551,0.551,2.0,ACWR describes how recent load compares with longer-term load. It does not predict injury.,no,Athlete 09,Defenders,a0009@example.edu
A0009,2026-09-04,120.0,1,full,387.4286,376.75,1.0283,168.0,3474.0,17.0,-0.6521,ok,23.0,-0.8261,yes,,2026-09-01,30.5,-0.9,1.6333,No flag,Within measurement error,-0.551,0.551,3.0,ACWR describes how recent load compares with longer-term load. It does not predict injury.,no,Athlete 09,Defenders,a0009@example.edu
A0009,2026-09-05,474.0,1,full,399.1429,393.6786,1.0139,703.0,8925.0,16.0,-1.3952,ok,23.0,-1.7826,yes,,2026-09-01,30.5,-0.9,1.6333,No flag,Within measurement error,-0.551,0.551,4.0,ACWR describes how recent load compares with longer-term load. It does not predict injury.,no,Athlete 09,Defenders,a0009@example.edu
A0009,2026-09-06,0.0,0,full,399.1429,393.6786,1.0139,0.0,0.0,,,no form,,,not expected,,2026-09-01,30.5,-0.9,1.6333,No flag,Within measurement error,-0.551,0.551,5.0,ACWR describes how recent load compares with longer-term load. It does not predict injury.,yes,Athlete 09,Defenders,a0009@example.edu
A0009,2026-09-07,790.0,2,full,412.0,400.4643,1.0288,314.0,5924.0,16.0,-1.3158,ok,23.0,-1.7391,yes,,2026-09-01,30.5,-0.9,1.6333,No flag,Within measurement error,-0.551,0.551,6.0,ACWR describes how recent load compares with longer-term load. It does not predict injury.,yes,Athlete 09,Defenders,a0009@example.edu
A0009,2026-09-08,630.0,1,full,424.8571,406.8929,1.0441,319.0,6186.0,,,no form,,,no,,2026-09-08,30.6,-0.8,1.6333,No flag,Within measurement error,-0.4898,0.4898,0.0,ACWR describes how recent load compares with longer-term load. It does not predict injury.,yes,Athlete 09,Defenders,a0009@example.edu
A0009,2026-09-09,360.0,1,full,412.0,400.4643,1.0288,330.0,5660.0,,,no form,,,no,,2026-09-08,30.6,-0.8,1.6333,No flag,Within measurement error,-0.4898,0.4898,1.0,ACWR describes how recent load compares with longer-term load. It does not predict injury.,yes,Athlete 09,Defenders,a0009@example.edu
A0009,2026-09-10,470.0,2,full,406.2857,390.4643,1.0405,323.0,5898.0,19.0,1.0446,ok,21.0,1.381,yes,,2026-09-08,30.6,-0.8,1.6333,No flag,Within measurement error,-0.4898,0.4898,2.0,ACWR describes how recent load compares with longer-term load. It does not predict injury.,yes,Athlete 09,Defenders,a0009@example.edu
A0009,2026-09-11,180.0,1,full,414.8571,388.3214,1.0683,254.0,3947.0,18.0,0.2404,ok,22.0,0.3182,yes,,2026-09-08,30.6,-0.8,1.6333,No flag,Within measurement error,-0.4898,0.4898,3.0,ACWR describes how recent load compares with longer-term load. It does not predict injury.,yes,Athlete 09,Defenders,a0009@example.edu
A0009,2026-09-12,288.0,1,full,388.2857,398.6071,0.9741,499.0,5508.0,19.0,0.9961,ok,22.0,1.3182,yes,,2026-09-08,30.6,-0.8,1.6333,No flag,Within measurement error,-0.4898,0.4898,4.0,ACWR describes how recent load compares with longer-term load. It does not predict injury.,yes,Athlete 09,Defenders,a0009@example.edu
A0009,2026-09-13,0.0,0,full,388.2857,398.6071,0.9741,0.0,0.0,,,no form,,,not expected,,2026-09-08,30.6,-0.8,1.6333,No flag,Within measurement error,-0.4898,0.4898,5.0,ACWR describes how recent load compares with longer-term load. It does not predict injury.,yes,Athlete 09,Defenders,a0009@example.edu
A0009,2026-09-14,700.0,2,full,375.4286,403.6071,0.9302,324.0,5450.0,17.0,-0.5381,ok,22.0,-0.7273,yes,,2026-09-08,30.6,-0.8,1.6333,No flag,Within measurement error,-0.4898,0.4898,6.0,ACWR describes how recent load compares with longer-term load. It does not predict injury.,yes,Athlete 09,Defenders,a0009@example.edu
A0009,2026-09-15,450.0,1,full,349.7143,400.3929,0.8734,460.0,5262.0,17.0,-0.5381,ok,22.0,-0.7273,yes,,2026-09-15,32.4333,1.0333,1.6333,No flag,Within measurement error,0.6327,-0.6327,0.0,ACWR describes how recent load compares with longer-term load. It does not predict injury.,yes,Athlete 09,Defenders,a0009@example.edu
A0009,2026-09-16,540.0,1,full,375.4286,410.0357,0.9156,327.0,6141.0,18.0,0.3248,ok,22.0,0.4091,yes,,2026-09-15,32.4333,1.0333,1.6333,No flag,Within measurement error,0.6327,-0.6327,1.0,ACWR describes how recent load compares with longer-term load. It does not predict injury.,yes,Athlete 09,Defenders,a0009@example.edu
A0009,2026-09-17,420.0,2,full,368.2857,400.3929,0.9198,416.0,5684.0,18.0,0.3248,ok,22.0,0.4091,yes,,2026-09-15,32.4333,1.0333,1.6333,No flag,Within measurement error,0.6327,-0.6327,2.0,ACWR describes how recent load compares with longer-term load. It does not predict injury.,yes,Athlete 09,Defenders,a0009@example.edu
A0009,2026-09-18,240.0,1,full,376.8571,402.5357,0.9362,307.0,4173.0,18.0,0.3248,ok,22.0,0.4091,yes,,2026-09-15,32.4333,1.0333,1.6333,No flag,Within measurement error,0.6327,-0.6327,3.0,ACWR describes how recent load compares with longer-term load. It does not predict injury.,yes,Athlete 09,Defenders,a0009@example.edu
A0009,2026-09-19,760.0,1,full,444.2857,414.4286,1.072,913.0,10124.0,20.0,1.8829,ok,22.0,2.3636,yes,,2026-09-15,32.4333,1.0333,1.6333,No flag,Within measurement error,0.6327,-0.6327,4.0,ACWR describes how recent load compares with longer-term load. It does not predict injury.,yes,Athlete 09,Defenders,a0009@example.edu
A0009,2026-09-20,0.0,0,full,444.2857,414.4286,1.072,0.0,0.0,,,no form,,,not expected,,2026-09-15,32.4333,1.0333,1.6333,No flag,Within measurement error,0.6327,-0.6327,5.0,ACWR describes how recent load compares with longer-term load. It does not predict injury.,yes,Athlete 09,Defenders,a0009@example.edu
A0009,2026-09-21,650.0,2,full,437.1429,413.0,1.0585,299.0,4887.0,14.0,-2.7577,ok,22.0,-3.7273,yes,review,2026-09-15,32.4333,1.0333,1.6333,No flag,Within measurement error,0.6327,-0.6327,6.0,ACWR describes how recent load compares with longer-term load. It does not predict injury.,yes,Athlete 09,Defenders,a0009@example.edu
A0009,2026-09-22,540.0,1,full,450.0,413.0,1.0896,412.0,6029.0,20.0,1.5459,ok,22.0,2.3636,yes,,2026-09-22,31.5,0.1,1.6333,No flag,Within measurement error,0.0612,-0.0612,0.0,ACWR describes how recent load compares with longer-term load. It does not predict injury.,yes,Athlete 09,Defenders,a0009@example.edu
A0009,2026-09-23,360.0,1,full,424.2857,409.7857,1.0354,343.0,6067.0,20.0,1.4624,ok,22.0,2.3182,yes,,2026-09-22,31.5,0.1,1.6333,No flag,Within measurement error,0.0612,-0.0612,1.0,ACWR describes how recent load compares with longer-term load. It does not predict injury.,yes,Athlete 09,Defenders,a0009@example.edu
A0009,2026-09-24,650.0,2,full,457.1429,404.7857,1.1293,302.0,5405.0,17.0,-0.5356,ok,22.0,-0.8636,yes,,2026-09-22,31.5,0.1,1.6333,No flag,Within measurement error,0.0612,-0.0612,2.0,ACWR describes how recent load compares with longer-term load. It does not predict injury.,yes,Athlete 09,Defenders,a0009@example.edu
A0009,2026-09-25,240.0,1,full,457.1429,409.0714,1.1175,166.0,4078.0,19.0,0.7663,ok,22.0,1.2273,yes,,2026-09-22,31.5,0.1,1.6333,No flag,Within measurement error,0.0612,-0.0612,3.0,ACWR describes how recent load compares with longer-term load. It does not predict injury.,yes,Athlete 09,Defenders,a0009@example.edu
A0009,2026-09-26,553.0,1,full,427.5714,414.8214,1.0307,824.0,8682.0,19.0,0.7663,ok,22.0,1.2273,yes,,2026-09-22,31.5,0.1,1.6333,No flag,Within measurement error,0.0612,-0.0612,4.0,ACWR describes how recent load compares with longer-term load. It does not predict injury.,yes,Athlete 09,Defenders,a0009@example.edu
A0009,2026-09-27,0.0,0,full,427.5714,414.8214,1.0307,0.0,0.0,,,no form,,,not expected,,2026-09-22,31.5,0.1,1.6333,No flag,Within measurement error,0.0612,-0.0612,5.0,ACWR describes how recent load compares with longer-term load. It does not predict injury.,yes,Athlete 09,Defenders,a0009@example.edu
A0009,2026-09-28,790.0,2,full,447.5714,418.0357,1.0707,325.0,5856.0,17.0,-0.5356,ok,22.0,-0.8636,yes,,2026-09-22,31.5,0.1,1.6333,No flag,Within measurement error,0.0612,-0.0612,6.0,ACWR describes how recent load compares with longer-term load. It does not predict injury.,yes,Athlete 09,Defenders,a0009@example.edu
A0009,2026-09-29,450.0,1,full,434.7143,414.8214,1.048,363.0,5333.0,16.0,-1.3071,ok,22.0,-1.9545,yes,,2026-09-29,32.5,1.1,1.6333,No flag,Within measurement error,0.6735,-0.6735,0.0,ACWR describes how recent load compares with longer-term load. It does not predict injury.,yes,Athlete 09,Defenders,a0009@example.edu
A0009,2026-09-30,540.0,1,full,460.4286,418.0357,1.1014,357.0,5550.0,19.0,0.7715,ok,22.0,1.1818,yes,,2026-09-29,32.5,1.1,1.6333,No flag,Within measurement error,0.6735,-0.6735,1.0,ACWR describes how recent load compares with longer-term load. It does not predict injury.,yes,Athlete 09,Defenders,a0009@example.edu
A0009,2026-10-01,560.0,2,full,447.5714,419.8214,1.0661,405.0,6174.0,16.0,-1.187,ok,22.0,-1.8182,yes,,2026-09-29,32.5,1.1,1.6333,No flag,Within measurement error,0.6735,-0.6735,2.0,ACWR describes how recent load compares with longer-term load. It does not predict injury.,yes,Athlete 09,Defenders,a0009@example.edu
A0009,2026-10-02,240.0,1,full,447.5714,424.1071,1.0553,275.0,4002.0,18.0,0.1727,ok,22.0,0.2727,yes,,2026-09-29,32.5,1.1,1.6333,No flag,Within measurement error,0.6735,-0.6735,3.0,ACWR describes how recent load compares with longer-term load. It does not predict injury.,yes,Athlete 09,Defenders,a0009@example.edu
A0009,2026-10-03,497.0,1,full,439.5714,424.9286,1.0345,730.0,7712.0,19.0,0.7809,ok,22.0,1.2273,yes,,2026-09-29,32.5,1.1,1.6333,No flag,Within measurement error,0.6735,-0.6735,4.0,ACWR describes how recent load compares with longer-term load. It does not predict injury.,yes,Athlete 09,Defenders,a0009@example.edu
A0010,2026-07-06,560.0,2,full,,,,224.0,4521.0,17.0,,baseline too short,0.0,,yes,,,,,,,,,,,ACWR describes how recent load compares with longer-term load. It does not predict injury.,no,Athlete 10,Midfielders,a0010@example.edu
A0010,2026-07-07,540.0,1,full,,,,230.0,3896.0,17.0,,baseline too short,1.0,,yes,,2026-07-07,30.6667,,,Baseline,Baseline test,,,0.0,ACWR describes how recent load compares with longer-term load. It does not predict injury.,no,Athlete 10,Midfielders,a0010@example.edu
A0010,2026-07-08,450.0,1,full,,,,283.0,4316.0,18.0,,baseline too short,2.0,,yes,,2026-07-07,30.6667,,,Baseline,Baseline test,,,1.0,ACWR describes how recent load compares with longer-term load. It does not predict injury.,no,Athlete 10,Midfielders,a0010@example.edu
A0010,2026-07-09,510.0,2,full,,,,243.0,5038.0,19.0,,baseline too short,3.0,,yes,,2026-07-09,31.6,,,Baseline,Baseline test,,,0.0,ACWR describes how recent load compares with longer-term load. It does not predict injury.,no,Athlete 10,Midfielders,a0010@example.edu
A0010,2026-07-10,120.0,1,full,,,,172.0,2819.0,20.0,,baseline too short,4.0,,yes,,2026-07-09,31.6,,,Baseline,Baseline test,,,1.0,ACWR describes how recent load compares with longer-term load. It does not predict injury.,no,Athlete 10,Midfielders,a0010@example.edu
A0010,2026-07-11,0.0,0,full,,,,0.0,0.0,19.0,,baseline too short,5.0,,yes,,2026-07-09,31.6,,,Baseline,Baseline test,,,2.0,ACWR describes how recent load compares with longer-term load. It does not predict injury.,no,Athlete 10,Midfielders,a0010@example.edu
A0010,2026-07-12,0.0,0,full,311.4286,,,0.0,0.0,,,no form,,,not expected,,2026-07-09,31.6,,,Baseline,Baseline test,,,3.0,ACWR describes how recent load compares with longer-term load. It does not predict injury.,no,Athlete 10,Midfielders,a0010@example.edu
A0010,2026-07-13,510.0,2,full,304.2857,,,296.0,4384.0,18.0,,baseline too short,6.0,,yes,,2026-07-09,31.6,,,Baseline,Baseline test,,,4.0,ACWR describes how recent load compares with longer-term load. It does not predict injury.,no,Athlete 10,Midfielders,a0010@example.edu
A0010,2026-07-14,360.0,1,full,278.5714,,,261.0,4452.0,18.0,,baseline too short,7.0,,yes,,2026-07-14,32.3667,,,Baseline,Baseline test,,,0.0,ACWR describes how recent load compares with longer-term load. It does not predict injury.,no,Athlete 10,Midfielders,a0010@example.edu
A0010,2026-07-15,450.0,1,full,278.5714,,,284.0,4691.0,,,no form,,,no,,2026-07-14,32.3667,,,Baseline,Baseline test,,,1.0,ACWR describes how recent load compares with longer-term load. It does not predict injury.,no,Athlete 10,Midfielders,a0010@example.edu
A0010,2026-07-16,520.0,2,full,280.0,,,300.0,4783.0,19.0,,baseline too short,8.0,,yes,,2026-07-14,32.3667,,,Baseline,Baseline test,,,2.0,ACWR describes how recent load compares with longer-term load. It does not predict injury.,no,Athlete 10,Midfielders,a0010@example.edu
A0010,2026-07-17,120.0,1,full,280.0,,,147.0,3021.0,18.0,,baseline too short,9.0,,yes,,2026-07-14,32.3667,,,Baseline,Baseline test,,,3.0,ACWR describes how recent load compares with longer-term load. It does not predict injury.,no,Athlete 10,Midfielders,a0010@example.edu
A0010,2026-07-18,0.0,0,full,280.0,,,0.0,0.0,17.0,,baseline too short,10.0,,yes,,2026-07-14,32.3667,,,Baseline,Baseline test,,,4.0,ACWR describes how recent load compares with longer-term load. It does not predict injury.,no,Athlete 10,Midfielders,a0010@example.edu
A0010,2026-07-19,0.0,0,full,280.0,,,0.0,0.0,,,no form,,,not expected,,2026-07-14,32.3667,,,Baseline,Baseline test,,,5.0,ACWR describes how recent load compares with longer-term load. It does not predict injury.,no,Athlete 10,Midfielders,a0010@example.edu
A0010,2026-07-20,790.0,2,full,320.0,,,482.0,7341.0,18.0,,baseline too short,11.0,,yes,,2026-07-14,32.3667,,,Baseline,Baseline test,,,6.0,ACWR describes how recent load compares with longer-term load. It does not predict injury.,no,Athlete 10,Midfielders,a0010@example.edu
A0010,2026-07-21,630.0,1,full,358.5714,,,466.0,6994.0,19.0,,baseline too short,12.0,,yes,,2026-07-21,31.7,,,Baseline,Baseline test,,,0.0,ACWR describes how recent load compares with longer-term load. It does not predict injury.,no,Athlete 10,Midfielders,a0010@example.edu
A0010,2026-07-22,540.0,1,full,371.4286,,,461.0,6875.0,16.0,,baseline too short,13.0,,yes,,2026-07-21,31.7,,,Baseline,Baseline test,,,1.0,ACWR describes how recent load compares with longer-term load. It does not predict injury.,no,Athlete 10,Midfielders,a0010@example.edu
A0010,2026-07-23,790.0,2,full,410.0,,,401.0,7628.0,20.0,1.7997,ok,14.0,1.9286,yes,,2026-07-21,31.7,,,Baseline,Baseline test,,,2.0,ACWR describes how recent load compares with longer-term load. It does not predict injury.,no,Athlete 10,Midfielders,a0010@example.edu
A0010,2026-07-24,240.0,1,full,427.1429,,,292.0,4554.0,20.0,1.5701,ok,15.0,1.8,yes,,2026-07-21,31.7,,,Baseline,Baseline test,,,3.0,ACWR describes how recent load compares with longer-term load. It does not predict injury.,no,Athlete 10,Midfielders,a0010@example.edu
A0010,2026-07-25,0.0,0,full,427.1429,,,0.0,0.0,17.0,-1.0979,ok,16.0,-1.3125,yes,,2026-07-21,31.7,,,Baseline,Baseline test,,,4.0,ACWR describes how recent load compares with longer-term load. It does not predict injury.,no,Athlete 10,Midfielders,a0010@example.edu
A0010,2026-07-26,0.0,0,full,427.1429,,,0.0,0.0,,,no form,,,not expected,,2026-07-21,31.7,,,Baseline,Baseline test,,,5.0,ACWR describes how recent load compares with longer-term load. It does not predict injury.,no,Athlete 10,Midfielders,a0010@example.edu
A0010,2026-07-27,650.0,2,full,407.1429,,,318.0,6405.0,18.0,-0.196,ok,17.0,-0.2353,yes,,2026-07-21,31.7,,,Baseline,Baseline test,,,6.0,ACWR describes how recent load compares with longer-term load. It does not predict injury.,no,Athlete 10,Midfielders,a0010@example.edu
A0010,2026-07-28,720.0,1,full,420.0,,,336.0,6269.0,18.0,-0.1906,ok,18.0,-0.2222,yes,,2026-07-28,31.7,,,Baseline,Baseline test,,,0.0,ACWR describes how recent load compares with longer-term load. It does not predict injury.,no,Athlete 10,Midfielders,a0010@example.edu
A0010,2026-07-29,540.0,1,full,420.0,,,377.0,6288.0,20.0,1.5777,ok,19.0,1.7895,yes,,2026-07-28,31.7,,,Baseline,Baseline test,,,1.0,ACWR describes how recent load compares with longer-term load. It does not predict injury.,no,Athlete 10,Midfielders,a0010@example.edu
A0010,2026-07-30,750.0,2,full,414.2857,,,241.0,6121.0,19.0,0.5961,ok,20.0,0.7,yes,,2026-07-28,31.7,,,Baseline,Baseline test,,,2.0,ACWR describes how recent load compares with longer-term load. It does not predict injury.,no,Athlete 10,Midfielders,a0010@example.edu
A0010,2026-07-31,120.0,1,full,397.1429,,,322.0,4137.0,19.0,0.5774,ok,21.0,0.6667,yes,,2026-07-28,31.7,,,Baseline,Baseline test,,,3.0,ACWR describes how recent load compares with longer-term load. It does not predict injury.,no,Athlete 10,Midfielders,a0010@example.edu
A0010,2026-08-01,0.0,0,full,397.1429,,,0.0,0.0,18.0,-0.3202,ok,22.0,-0.3636,yes,,2026-07-28,31.7,,,Baseline,Baseline test,,,4.0,ACWR describes how recent load compares with longer-term load. It does not predict injury.,no,Athlete 10,Midfielders,a0010@example.edu
A0010,2026-08-02,0.0,0,full,397.1429,353.9286,1.1221,0.0,0.0,,,no form,,,not expected,,2026-07-28,31.7,,,Baseline,Baseline test,,,5.0,ACWR describes how recent load compares with longer-term load. It does not predict injury.,no,Athlete 10,Midfielders,a0010@example.edu
A0010,2026-08-03,650.0,2,full,397.1429,357.1429,1.112,299.0,6157.0,20.0,1.4854,ok,23.0,1.6522,yes,,2026-07-28,31.7,,,Baseline,Baseline test,,,6.0,ACWR describes how recent load compares with longer-term load. It does not predict injury.,no,Athlete 10,Midfielders,a0010@example.edu
A0010,2026-08-04,450.0,1,full,358.5714,353.9286,1.0131,429.0,6544.0,,,no form,,,no,,2026-08-04,31.7333,0.1267,1.6333,No flag,Within measurement error,0.0776,-0.0776,0.0,ACWR describes how recent load compares with longer-term load. It does not predict injury.,no,Athlete 10,Midfielders,a0010@example.edu
A0010,2026-08-05,360.0,1,full,332.8571,350.7143,0.9491,325.0,5835.0,17.0,-1.4037,ok,22.0,-1.5455,yes,,2026-08-04,31.7333,0.1267,1.6333,No flag,Within measurement error,0.0776,-0.0776,1.0,ACWR describes how recent load compares with longer-term load. It does not predict injury.,no,Athlete 10,Midfielders,a0010@example.edu
A0010,2026-08-06,740.0,2,full,331.4286,358.9286,0.9234,310.0,5622.0,17.0,-1.3108,ok,22.0,-1.5,yes,,2026-08-04,31.7333,0.1267,1.6333,No flag,Within measurement error,0.0776,-0.0776,2.0,ACWR describes how recent load compares with longer-term load. It does not predict injury.,no,Athlete 10,Midfielders,a0010@example.edu
A0010,2026-08-07,45.0,1,modified,320.7143,356.25,0.9003,196.0,3201.0,17.0,-1.1926,ok,22.0,-1.4091,yes,,2026-08-04,31.7333,0.1267,1.6333,No flag,Within measurement error,0.0776,-0.0776,3.0,ACWR describes how recent load compares with longer-term load. It does not predict injury.,no,Athlete 10,Midfielders,a0010@example.edu
A0010,2026-08-08,0.0,0,full,320.7143,356.25,0.9003,0.0,0.0,17.0,-1.0951,ok,22.0,-1.2727,yes,,2026-08-04,31.7333,0.1267,1.6333,No flag,Within measurement error,0.0776,-0.0776,4.0,ACWR describes how recent load compares with longer-term load. It does not predict injury.,no,Athlete 10,Midfielders,a0010@example.edu
A0010,2026-08-09,0.0,0,full,320.7143,356.25,0.9003,0.0,0.0,,,no form,,,not expected,,2026-08-04,31.7333,0.1267,1.6333,No flag,Within measurement error,0.0776,-0.0776,5.0,ACWR describes how recent load compares with longer-term load. It does not predict injury.,no,Athlete 10,Midfielders,a0010@example.edu
A0010,2026-08-10,560.0,2,full,307.8571,358.0357,0.8599,355.0,6520.0,18.0,-0.154,ok,22.0,-0.1818,yes,,2026-08-04,31.7333,0.1267,1.6333,No flag,Within measurement error,0.0776,-0.0776,6.0,ACWR describes how recent load compares with longer-term load. It does not predict injury.,no,Athlete 10,Midfielders,a0010@example.edu
A0010,2026-08-11,540.0,1,full,320.7143,364.4643,0.88,394.0,5527.0,17.0,-1.001,ok,22.0,-1.1818,yes,,2026-08-11,30.7333,-0.8733,1.6333,No flag,Within measurement error,-0.5347,0.5347,0.0,ACWR describes how recent load compares with longer-term load. It does not predict injury.,no,Athlete 10,Midfielders,a0010@example.edu
A0010,2026-08-12,450.0,1,full,333.5714,364.4643,0.9152,405.0,5820.0,17.0,-0.9415,ok,22.0,-1.1364,yes,,2026-08-11,30.7333,-0.8733,1.6333,No flag,Within measurement error,-0.5347,0.5347,1.0,ACWR describes how recent load compares with longer-term load. It does not predict injury.,no,Athlete 10,Midfielders,a0010@example.edu
A0010,2026-08-13,740.0,2,full,333.5714,372.3214,0.8959,222.0,6737.0,18.0,-0.0723,ok,23.0,-0.087,yes,,2026-08-11,30.7333,-0.8733,1.6333,No flag,Within measurement error,-0.5347,0.5347,2.0,ACWR describes how recent load compares with longer-term load. It does not predict injury.,no,Athlete 10,Midfielders,a0010@example.edu
A0010,2026-08-14,300.0,1,full,370.0,378.75,0.9769,255.0,4082.0,16.0,-1.7227,ok,23.0,-2.0435,yes,,2026-08-11,30.7333,-0.8733,1.6333,No flag,Within measurement error,-0.5347,0.5347,3.0,ACWR describes how recent load compares with longer-term load. It does not predict injury.,no,Athlete 10,Midfielders,a0010@example.edu
A0010,2026-08-15,0.0,0,full,370.0,378.75,0.9769,0.0,0.0,20.0,1.6211,ok,23.0,2.0435,yes,,2026-08-11,30.7333,-0.8733,1.6333,No flag,Within measurement error,-0.5347,0.5347,4.0,ACWR describes how recent load compares with longer-term load. It does not predict injury.,no,Athlete 10,Midfielders,a0010@example.edu
A0010,2026-08-16,0.0,0,full,370.0,378.75,0.9769,0.0,0.0,,,no form,,,not expected,,2026-08-11,30.7333,-0.8733,1.6333,No flag,Within measurement error,-0.5347,0.5347,5.0,ACWR describes how recent load compares with longer-term load. It does not predict injury.,no,Athlete 10,Midfielders,a0010@example.edu
A0010,2026-08-17,790.0,2,full,402.8571,378.75,1.0636,273.0,5150.0,,,no form,,,no,,2026-08-11,30.7333,-0.8733,1.6333,No flag,Within measurement error,-0.5347,0.5347,6.0,ACWR describes how recent load compares with longer-term load. It does not predict injury.,no,Athlete 10,Midfielders,a0010@example.edu
A0010,2026-08-18,540.0,1,full,402.8571,375.5357,1.0728,348.0,5959.0,18.0,-0.0677,ok,22.0,-0.0909,yes,,2026-08-18,31.4667,-0.14,1.6333,No flag,Within measurement error,-0.0857,0.0857,0.0,ACWR describes how recent load compares with longer-term load. It does not predict injury.,no,Athlete 10,Midfielders,a0010@example.edu
A0010,2026-08-19,540.0,1,full,415.7143,375.5357,1.107,379.0,5951.0,18.0,-0.0343,ok,22.0,-0.0455,yes,,2026-08-18,31.4667,-0.14,1.6333,No flag,Within measurement error,-0.0857,0.0857,1.0,ACWR describes how recent load compares with longer-term load. It does not predict injury.,no,Athlete 10,Midfielders,a0010@example.edu
A0010,2026-08-20,650.0,2,full,402.8571,370.5357,1.0872,390.0,5962.0,17.0,-0.9122,ok,22.0,-1.1364,yes,,2026-08-18,31.4667,-0.14,1.6333,No flag,Within measurement error,-0.0857,0.0857,2.0,ACWR describes how recent load compares with longer-term load. It does not predict injury.,no,Athlete 10,Midfielders,a0010@example.edu
A0010,2026-08-21,240.0,1,full,394.2857,370.5357,1.0641,243.0,3898.0,18.0,0.0,ok,22.0,0.0,yes,,2026-08-18,31.4667,-0.14,1.6333,No flag,Within measurement error,-0.0857,0.0857,3.0,ACWR describes how recent load compares with longer-term load. It does not predict injury.,no,Athlete 10,Midfielders,a0010@example.edu
A0010,2026-08-22,0.0,0,modified,394.2857,370.5357,1.0641,0.0,0.0,17.0,-0.8199,ok,22.0,-0.9091,yes,,2026-08-18,31.4667,-0.14,1.6333,No flag,Within measurement error,-0.0857,0.0857,4.0,ACWR describes how recent load compares with longer-term load. It does not predict injury.,no,Athlete 10,Midfielders,a0010@example.edu
A0010,2026-08-23,0.0,0,full,394.2857,370.5357,1.0641,0.0,0.0,,,no form,,,not expected,,2026-08-18,31.4667,-0.14,1.6333,No flag,Within measurement error,-0.0857,0.0857,5.0,ACWR describes how recent load compares with longer-term load. It does not predict injury.,no,Athlete 10,Midfielders,a0010@example.edu
A0010,2026-08-24,560.0,2,full,361.4286,367.3214,0.984,311.0,5523.0,17.0,-0.8199,ok,22.0,-0.9091,yes,,2026-08-18,31.4667,-0.14,1.6333,No flag,Within measurement error,-0.0857,0.0857,6.0,ACWR describes how recent load compares with longer-term load. It does not predict injury.,no,Athlete 10,Midfielders,a0010@example.edu
A0010,2026-08-25,540.0,1,full,361.4286,360.8929,1.0015,283.0,5795.0,18.0,0.1212,ok,22.0,0.1364,yes,,2026-08-25,31.4667,-0.14,1.6333,No flag,Within measurement error,-0.0857,0.0857,0.0,ACWR describes how recent load compares with longer-term load. It does not predict injury.,no,Athlete 10,Midfielders,a0010@example.edu
A0010,2026-08-26,450.0,1,full,348.5714,357.6786,0.9745,352.0,5655.0,18.0,0.1212,ok,22.0,0.1364,yes,,2026-08-25,31.4667,-0.14,1.6333,No flag,Within measurement error,-0.0857,0.0857,1.0,ACWR describes how recent load compares with longer-term load. It does not predict injury.,no,Athlete 10,Midfielders,a0010@example.edu
A0010,2026-08-27,560.0,2,full,335.7143,350.8929,0.9567,245.0,5103.0,18.0,0.2227,ok,22.0,0.2273,yes,,2026-08-25,31.4667,-0.14,1.6333,No flag,Within measurement error,-0.0857,0.0857,2.0,ACWR describes how recent load compares with longer-term load. It does not predict injury.,no,Athlete 10,Midfielders,a0010@example.edu
A0010,2026-08-28,180.0,1,full,327.1429,353.0357,0.9267,221.0,3842.0,16.0,-1.7541,ok,22.0,-1.7273,yes,,2026-08-25,31.4667,-0.14,1.6333,No flag,Within measurement error,-0.0857,0.0857,3.0,ACWR describes how recent load compares with longer-term load. It does not predict injury.,no,Athlete 10,Midfielders,a0010@example.edu
A0010,2026-08-29,581.0,1,full,410.1429,373.7857,1.0973,819.0,9625.0,19.0,1.3985,ok,22.0,1.4091,yes,,2026-08-25,31.4667,-0.14,1.6333,No flag,Within measurement error,-0.0857,0.0857,4.0,ACWR describes how recent load compares with longer-term load. It does not predict injury.,no,Athlete 10,Midfielders,a0010@example.edu
A0010,2026-08-30,0.0,0,full,410.1429,373.7857,1.0973,0.0,0.0,,,no form,,,not expected,,2026-08-25,31.4667,-0.14,1.6333,No flag,Within measurement error,-0.0857,0.0857,5.0,ACWR describes how recent load compares with longer-term load. It does not predict injury.,no,Athlete 10,Midfielders,a0010@example.edu
A0010,2026-08-31,700.0,2,full,430.1429,375.5714,1.1453,298.0,6011.0,16.0,-1.5605,ok,22.0,-1.6364,yes,,2026-08-25,31.4667,-0.14,1.6333,No flag,Within measurement error,-0.0857,0.0857,6.0,ACWR describes how recent load compares with longer-term load. It does not predict injury.,no,Athlete 10,Midfielders,a0010@example.edu
A0010,2026-09-01,450.0,1,full,417.2857,375.5714,1.1111,,,18.0,0.5667,ok,22.0,0.5455,yes,,2026-09-01,32.6,0.9933,1.6333,No flag,Within measurement error,0.6082,-0.6082,0.0,ACWR describes how recent load compares with longer-term load. It does not predict injury.,no,Athlete 10,Midfielders,a0010@example.edu
A0010,2026-09-02,360.0,1,full,404.4286,375.5714,1.0768,291.0,6009.0,19.0,1.6065,ok,23.0,1.5217,yes,,2026-09-01,32.6,0.9933,1.6333,No flag,Within measurement error,0.6082,-0.6082,1.0,ACWR describes how recent load compares with longer-term load. It does not predict injury.,no,Athlete 10,Midfielders,a0010@example.edu
A0010,2026-09-03,650.0,2,full,417.2857,372.3571,1.1207,452.0,5664.0,18.0,0.4383,ok,23.0,0.4348,yes,,2026-09-01,32.6,0.9933,1.6333,No flag,Within measurement error,0.6082,-0.6082,2.0,ACWR describes how recent load compares with longer-term load. It does not predict injury.,no,Athlete 10,Midfielders,a0010@example.edu
A0010,2026-09-04,180.0,1,full,417.2857,377.1786,1.1063,206.0,3575.0,19.0,1.4081,ok,23.0,1.3913,yes,,2026-09-01,32.6,0.9933,1.6333,No flag,Within measurement error,0.6082,-0.6082,3.0,ACWR describes how recent load compares with longer-term load. It does not predict injury.,no,Athlete 10,Midfielders,a0010@example.edu
A0010,2026-09-05,736.0,1,full,439.4286,403.4643,1.0891,1026.0,9787.0,18.0,0.2985,ok,23.0,0.3043,yes,,2026-09-01,32.6,0.9933,1.6333,No flag,Within measurement error,0.6082,-0.6082,4.0,ACWR describes how recent load compares with longer-term load. It does not predict injury.,no,Athlete 10,Midfielders,a0010@example.edu
A0010,2026-09-06,0.0,0,full,439.4286,403.4643,1.0891,0.0,0.0,,,no form,,,not expected,,2026-09-01,32.6,0.9933,1.6333,No flag,Within measurement error,0.6082,-0.6082,5.0,ACWR describes how recent load compares with longer-term load. It does not predict injury.,yes,Athlete 10,Midfielders,a0010@example.edu
A0010,2026-09-07,600.0,2,full,425.1429,404.8929,1.05,289.0,6258.0,17.0,-0.7319,ok,23.0,-0.7391,yes,,2026-09-01,32.6,0.9933,1.6333,No flag,Within measurement error,0.6082,-0.6082,6.0,ACWR describes how recent load compares with longer-term load. It does not predict injury.,yes,Athlete 10,Midfielders,a0010@example.edu
A0010,2026-09-08,630.0,1,full,450.8571,408.1071,1.1048,380.0,5630.0,18.0,0.2985,ok,23.0,0.3043,yes,,2026-09-08,31.6,-0.0067,1.6333,No flag,Within measurement error,-0.0041,0.0041,0.0,ACWR describes how recent load compares with longer-term load. It does not predict injury.,yes,Athlete 10,Midfielders,a0010@example.edu
A0010,2026-09-09,360.0,1,full,450.8571,404.8929,1.1135,347.0,5645.0,20.0,2.2389,ok,23.0,2.2609,yes,,2026-09-08,31.6,-0.0067,1.6333,No flag,Within measurement error,-0.0041,0.0041,1.0,ACWR describes how recent load compares with longer-term load. It does not predict injury.,yes,Athlete 10,Midfielders,a0010@example.edu
A0010,2026-09-10,560.0,2,full,438.0,398.4643,1.0992,420.0,6408.0,18.0,0.1186,ok,23.0,0.1304,yes,,2026-09-08,31.6,-0.0067,1.6333,No flag,Within measurement error,-0.0041,0.0041,2.0,ACWR describes how recent load compares with longer-term load. It does not predict injury.,yes,Athlete 10,Midfielders,a0010@example.edu
A0010,2026-09-11,180.0,1,full,438.0,394.1786,1.1112,249.0,3734.0,15.0,-2.6092,ok,23.0,-2.8696,yes,review,2026-09-08,31.6,-0.0067,1.6333,No flag,Within measurement error,-0.0041,0.0041,3.0,ACWR describes how recent load compares with longer-term load. It does not predict injury.,yes,Athlete 10,Midfielders,a0010@example.edu
A0010,2026-09-12,595.0,1,full,417.8571,415.4286,1.0058,1069.0,9758.0,20.0,1.8224,ok,23.0,2.1739,yes,,2026-09-08,31.6,-0.0067,1.6333,No flag,Within measurement error,-0.0041,0.0041,4.0,ACWR describes how recent load compares with longer-term load. It does not predict injury.,yes,Athlete 10,Midfielders,a0010@example.edu
A0010,2026-09-13,0.0,0,full,417.8571,415.4286,1.0058,0.0,0.0,,,no form,,,not expected,,2026-09-08,31.6,-0.0067,1.6333,No flag,Within measurement error,-0.0041,0.0041,5.0,ACWR describes how recent load compares with longer-term load. It does not predict injury.,yes,Athlete 10,Midfielders,a0010@example.edu
A0010,2026-09-14,610.0,2,full,419.2857,409.0,1.0251,270.0,5223.0,15.0,-2.3692,ok,23.0,-2.8261,yes,review,2026-09-08,31.6,-0.0067,1.6333,No flag,Within measurement error,-0.0041,0.0041,6.0,ACWR describes how recent load compares with longer-term load. It does not predict injury.,yes,Athlete 10,Midfielders,a0010@example.edu
A0010,2026-09-15,540.0,1,full,406.4286,409.0,0.9937,377.0,5807.0,17.0,-0.5443,ok,24.0,-0.7083,yes,,2026-09-15,32.9,1.2933,1.6333,No flag,Within measurement error,0.7919,-0.7919,0.0,ACWR describes how recent load compares with longer-term load. It does not predict injury.,yes,Athlete 10,Midfielders,a0010@example.edu
A0010,2026-09-16,540.0,1,full,432.1429,409.0,1.0566,322.0,5086.0,20.0,1.7843,ok,24.0,2.3333,yes,,2026-09-15,32.9,1.2933,1.6333,No flag,Within measurement error,0.7919,-0.7919,1.0,ACWR describes how recent load compares with longer-term load. It does not predict injury.,yes,Athlete 10,Midfielders,a0010@example.edu
A0010,2026-09-17,740.0,2,full,457.8571,412.2143,1.1107,303.0,6346.0,19.0,0.8987,ok,24.0,1.25,yes,,2026-09-15,32.9,1.2933,1.6333,No flag,Within measurement error,0.7919,-0.7919,2.0,ACWR describes how recent load compares with longer-term load. It does not predict injury.,yes,Athlete 10,Midfielders,a0010@example.edu
A0010,2026-09-18,180.0,1,full,457.8571,410.0714,1.1165,258.0,3631.0,,,no form,,,no,,2026-09-15,32.9,1.2933,1.6333,No flag,Within measurement error,0.7919,-0.7919,3.0,ACWR describes how recent load compares with longer-term load. It does not predict injury.,yes,Athlete 10,Midfielders,a0010@example.edu
A0010,2026-09-19,640.0,1,full,464.2857,432.9286,1.0724,718.0,9294.0,20.0,1.5149,ok,23.0,2.1739,yes,,2026-09-15,32.9,1.2933,1.6333,No flag,Within measurement error,0.7919,-0.7919,4.0,ACWR describes how recent load compares with longer-term load. It does not predict injury.,yes,Athlete 10,Midfielders,a0010@example.edu
A0010,2026-09-20,0.0,0,full,464.2857,432.9286,1.0724,0.0,0.0,,,no form,,,not expected,,2026-09-15,32.9,1.2933,1.6333,No flag,Within measurement error,0.7919,-0.7919,5.0,ACWR describes how recent load compares with longer-term load. It does not predict injury.,yes,Athlete 10,Midfielders,a0010@example.edu
A0010,2026-09-21,650.0,2,full,470.0,436.1429,1.0776,286.0,5126.0,,,no form,,,no,,2026-09-15,32.9,1.2933,1.6333,No flag,Within measurement error,0.7919,-0.7919,6.0,ACWR describes how recent load compares with longer-term load. It does not predict injury.,yes,Athlete 10,Midfielders,a0010@example.edu
A0010,2026-09-22,450.0,1,full,457.1429,432.9286,1.0559,377.0,5904.0,19.0,0.6614,ok,22.0,1.0,yes,,2026-09-22,31.0,-0.6067,1.6333,No flag,Within measurement error,-0.3714,0.3714,0.0,ACWR describes how recent load compares with longer-term load. It does not predict injury.,yes,Athlete 10,Midfielders,a0010@example.edu
A0010,2026-09-23,450.0,1,full,444.2857,432.9286,1.0262,375.0,6032.0,18.0,-0.0298,ok,22.0,-0.0455,yes,,2026-09-22,31.0,-0.6067,1.6333,No flag,Within measurement error,-0.3714,0.3714,1.0,ACWR describes how recent load compares with longer-term load. It does not predict injury.,yes,Athlete 10,Midfielders,a0010@example.edu
A0010,2026-09-24,700.0,2,full,438.5714,437.9286,1.0015,286.0,5562.0,17.0,-0.6847,ok,22.0,-1.0455,yes,,2026-09-22,31.0,-0.6067,1.6333,No flag,Within measurement error,-0.3714,0.3714,2.0,ACWR describes how recent load compares with longer-term load. It does not predict injury.,yes,Athlete 10,Midfielders,a0010@example.edu
A0010,2026-09-25,180.0,1,full,438.5714,437.9286,1.0015,259.0,3982.0,,,no form,,,no,,2026-09-22,31.0,-0.6067,1.6333,No flag,Within measurement error,-0.3714,0.3714,3.0,ACWR describes how recent load compares with longer-term load. It does not predict injury.,yes,Athlete 10,Midfielders,a0010@example.edu
A0010,2026-09-26,,1,full,,,,749.0,7714.0,18.0,-0.0629,ok,21.0,-0.0952,yes,,2026-09-22,31.0,-0.6067,1.6333,No flag,Within measurement error,-0.3714,0.3714,4.0,ACWR describes how recent load compares with longer-term load. It does not predict injury.,yes,Athlete 10,Midfielders,a0010@example.edu
A0010,2026-09-27,0.0,0,full,,,,0.0,0.0,,,no form,,,not expected,,2026-09-22,31.0,-0.6067,1.6333,No flag,Within measurement error,-0.3714,0.3714,5.0,ACWR describes how recent load compares with longer-term load. It does not predict injury.,yes,Athlete 10,Midfielders,a0010@example.edu
A0010,2026-09-28,560.0,2,full,,,,316.0,6148.0,14.0,-2.6998,ok,21.0,-4.0476,yes,review,2026-09-22,31.0,-0.6067,1.6333,No flag,Within measurement error,-0.3714,0.3714,6.0,ACWR describes how recent load compares with longer-term load. It does not predict injury.,yes,Athlete 10,Midfielders,a0010@example.edu
A0010,2026-09-29,450.0,1,full,,,,350.0,5281.0,19.0,0.6208,ok,21.0,1.0476,yes,,2026-09-29,31.8333,0.2267,1.6333,No flag,Within measurement error,0.1388,-0.1388,0.0,ACWR describes how recent load compares with longer-term load. It does not predict injury.,yes,Athlete 10,Midfielders,a0010@example.edu
A0010,2026-09-30,360.0,1,full,,,,351.0,5933.0,20.0,1.1744,ok,21.0,2.0,yes,,2026-09-29,31.8333,0.2267,1.6333,No flag,Within measurement error,0.1388,-0.1388,1.0,ACWR describes how recent load compares with longer-term load. It does not predict injury.,yes,Athlete 10,Midfielders,a0010@example.edu
A0010,2026-10-01,560.0,2,full,,,,299.0,5841.0,19.0,0.5455,ok,21.0,0.9524,yes,,2026-09-29,31.8333,0.2267,1.6333,No flag,Within measurement error,0.1388,-0.1388,2.0,ACWR describes how recent load compares with longer-term load. It does not predict injury.,yes,Athlete 10,Midfielders,a0010@example.edu
A0010,2026-10-02,60.0,1,full,,,,202.0,3851.0,,,no form,,,no,,2026-09-29,31.8333,0.2267,1.6333,No flag,Within measurement error,0.1388,-0.1388,3.0,ACWR describes how recent load compares with longer-term load. It does not predict injury.,yes,Athlete 10,Midfielders,a0010@example.edu
A0010,2026-10-03,553.0,1,full,363.2857,,,1004.0,8943.0,18.0,-0.0279,ok,20.0,-0.05,yes,,2026-09-29,31.8333,0.2267,1.6333,No flag,Within measurement error,0.1388,-0.1388,4.0,ACWR describes how recent load compares with longer-term load. It does not predict injury.,yes,Athlete 10,Midfielders,a0010@example.edu
A0011,2026-07-06,510.0,2,full,,,,260.0,3419.0,,,no form,,,no,,,,,,,,,,,ACWR describes how recent load compares with longer-term load. It does not predict injury.,no,Athlete 11,Midfielders,a0011@example.edu
A0011,2026-07-07,450.0,1,full,,,,249.0,3866.0,18.0,,baseline too short,0.0,,yes,,2026-07-07,30.2,,,Baseline,Baseline test,,,0.0,ACWR describes how recent load compares with longer-term load. It does not predict injury.,no,Athlete 11,Midfielders,a0011@example.edu
A0011,2026-07-08,360.0,1,full,,,,181.0,3342.0,20.0,,baseline too short,1.0,,yes,,2026-07-07,30.2,,,Baseline,Baseline test,,,1.0,ACWR describes how recent load compares with longer-term load. It does not predict injury.,no,Athlete 11,Midfielders,a0011@example.edu
A0011,2026-07-09,510.0,2,full,,,,257.0,3726.0,,,no form,,,no,,2026-07-09,30.8,,,Baseline,Baseline test,,,0.0,ACWR describes how recent load compares with longer-term load. It does not predict injury.,no,Athlete 11,Midfielders,a0011@example.edu
A0011,2026-07-10,120.0,1,full,,,,144.0,2791.0,19.0,,baseline too short,2.0,,yes,,2026-07-09,30.8,,,Baseline,Baseline test,,,1.0,ACWR describes how recent load compares with longer-term load. It does not predict injury.,no,Athlete 11,Midfielders,a0011@example.edu
A0011,2026-07-11,0.0,0,full,,,,0.0,0.0,,,no form,,,no,,2026-07-09,30.8,,,Baseline,Baseline test,,,2.0,ACWR describes how recent load compares with longer-term load. It does not predict injury.,no,Athlete 11,Midfielders,a0011@example.edu
A0011,2026-07-12,0.0,0,full,278.5714,,,0.0,0.0,,,no form,,,not expected,,2026-07-09,30.8,,,Baseline,Baseline test,,,3.0,ACWR describes how recent load compares with longer-term load. It does not predict injury.,no,Athlete 11,Midfielders,a0011@example.edu
A0011,2026-07-13,420.0,2,full,265.7143,,,172.0,3515.0,21.0,,baseline too short,3.0,,yes,,2026-07-09,30.8,,,Baseline,Baseline test,,,4.0,ACWR describes how recent load compares with longer-term load. It does not predict injury.,no,Athlete 11,Midfielders,a0011@example.edu
A0011,2026-07-14,450.0,1,full,265.7143,,,239.0,3635.0,18.0,,baseline too short,4.0,,yes,,2026-07-14,31.5667,,,Baseline,Baseline test,,,0.0,ACWR describes how recent load compares with longer-term load. It does not predict injury.,no,Athlete 11,Midfielders,a0011@example.edu
A0011,2026-07-15,450.0,1,full,278.5714,,,253.0,3770.0,23.0,,baseline too short,5.0,,yes,,2026-07-14,31.5667,,,Baseline,Baseline test,,,1.0,ACWR describes how recent load compares with longer-term load. It does not predict injury.,no,Athlete 11,Midfielders,a0011@example.edu
A0011,2026-07-16,410.0,2,full,264.2857,,,237.0,3922.0,18.0,,baseline too short,6.0,,yes,,2026-07-14,31.5667,,,Baseline,Baseline test,,,2.0,ACWR describes how recent load compares with longer-term load. It does not predict injury.,no,Athlete 11,Midfielders,a0011@example.edu
A0011,2026-07-17,60.0,1,full,255.7143,,,124.0,2675.0,19.0,,baseline too short,7.0,,yes,,2026-07-14,31.5667,,,Baseline,Baseline test,,,3.0,ACWR describes how recent load compares with longer-term load. It does not predict injury.,no,Athlete 11,Midfielders,a0011@example.edu
A0011,2026-07-18,0.0,0,full,255.7143,,,0.0,0.0,17.0,,baseline too short,8.0,,yes,,2026-07-14,31.5667,,,Baseline,Baseline test,,,4.0,ACWR describes how recent load compares with longer-term load. It does not predict injury.,no,Athlete 11,Midfielders,a0011@example.edu
A0011,2026-07-19,0.0,0,full,255.7143,,,0.0,0.0,,,no form,,,not expected,,2026-07-14,31.5667,,,Baseline,Baseline test,,,5.0,ACWR describes how recent load compares with longer-term load. It does not predict injury.,no,Athlete 11,Midfielders,a0011@example.edu
A0011,2026-07-20,840.0,2,full,315.7143,,,390.0,6208.0,20.0,,baseline too short,9.0,,yes,,2026-07-14,31.5667,,,Baseline,Baseline test,,,6.0,ACWR describes how recent load compares with longer-term load. It does not predict injury.,no,Athlete 11,Midfielders,a0011@example.edu
A0011,2026-07-21,630.0,1,full,341.4286,,,439.0,6232.0,18.0,,baseline too short,10.0,,yes,,2026-07-21,31.0333,,,Baseline,Baseline test,,,0.0,ACWR describes how recent load compares with longer-term load. It does not predict injury.,no,Athlete 11,Midfielders,a0011@example.edu
A0011,2026-07-22,540.0,1,full,354.2857,,,318.0,5770.0,20.0,,baseline too short,11.0,,yes,,2026-07-21,31.0333,,,Baseline,Baseline test,,,1.0,ACWR describes how recent load compares with longer-term load. It does not predict injury.,no,Athlete 11,Midfielders,a0011@example.edu
A0011,2026-07-23,930.0,2,full,428.5714,,,325.0,6166.0,,,no form,,,no,,2026-07-21,31.0333,,,Baseline,Baseline test,,,2.0,ACWR describes how recent load compares with longer-term load. It does not predict injury.,no,Athlete 11,Midfielders,a0011@example.edu
A0011,2026-07-24,300.0,1,full,462.8571,,,341.0,4478.0,,,no form,,,no,,2026-07-21,31.0333,,,Baseline,Baseline test,,,3.0,ACWR describes how recent load compares with longer-term load. It does not predict injury.,no,Athlete 11,Midfielders,a0011@example.edu
A0011,2026-07-25,0.0,0,full,462.8571,,,0.0,0.0,19.0,,baseline too short,12.0,,yes,,2026-07-21,31.0333,,,Baseline,Baseline test,,,4.0,ACWR describes how recent load compares with longer-term load. It does not predict injury.,no,Athlete 11,Midfielders,a0011@example.edu
A0011,2026-07-26,0.0,0,full,462.8571,,,0.0,0.0,,,no form,,,not expected,,2026-07-21,31.0333,,,Baseline,Baseline test,,,5.0,ACWR describes how recent load compares with longer-term load. It does not predict injury.,no,Athlete 11,Midfielders,a0011@example.edu
A0011,2026-07-27,560.0,2,full,422.8571,,,361.0,5046.0,19.0,,baseline too short,13.0,,yes,,2026-07-21,31.0333,,,Baseline,Baseline test,,,6.0,ACWR describes how recent load compares with longer-term load. It does not predict injury.,no,Athlete 11,Midfielders,a0011@example.edu
A0011,2026-07-28,540.0,1,full,410.0,,,264.0,4994.0,21.0,1.1686,ok,14.0,1.7857,yes,,2026-07-28,29.7333,,,Baseline,Baseline test,,,0.0,ACWR describes how recent load compares with longer-term load. It does not predict injury.,no,Athlete 11,Midfielders,a0011@example.edu
A0011,2026-07-29,630.0,1,full,422.8571,,,326.0,5047.0,21.0,1.0801,ok,15.0,1.6667,yes,,2026-07-28,29.7333,,,Baseline,Baseline test,,,1.0,ACWR describes how recent load compares with longer-term load. It does not predict injury.,no,Athlete 11,Midfielders,a0011@example.edu
A0011,2026-07-30,740.0,2,full,395.7143,,,422.0,5071.0,18.0,-0.9287,ok,16.0,-1.4375,yes,,2026-07-28,29.7333,,,Baseline,Baseline test,,,2.0,ACWR describes how recent load compares with longer-term load. It does not predict injury.,no,Athlete 11,Midfielders,a0011@example.edu
A0011,2026-07-31,180.0,1,full,378.5714,,,165.0,2799.0,20.0,0.4205,ok,17.0,0.6471,yes,,2026-07-28,29.7333,,,Baseline,Baseline test,,,3.0,ACWR describes how recent load compares with longer-term load. It does not predict injury.,no,Athlete 11,Midfielders,a0011@example.edu
A0011,2026-08-01,0.0,0,full,378.5714,,,0.0,0.0,18.0,-0.9256,ok,18.0,-1.3889,yes,,2026-07-28,29.7333,,,Baseline,Baseline test,,,4.0,ACWR describes how recent load compares with longer-term load. It does not predict injury.,no,Athlete 11,Midfielders,a0011@example.edu
A0011,2026-08-02,0.0,0,full,378.5714,343.9286,1.1007,0.0,0.0,,,no form,,,not expected,,2026-07-28,29.7333,,,Baseline,Baseline test,,,5.0,ACWR describes how recent load compares with longer-term load. It does not predict injury.,no,Athlete 11,Midfielders,a0011@example.edu
A0011,2026-08-03,610.0,2,full,385.7143,347.5,1.11,296.0,5106.0,22.0,1.7983,ok,19.0,2.6842,yes,,2026-07-28,29.7333,,,Baseline,Baseline test,,,6.0,ACWR describes how recent load compares with longer-term load. It does not predict injury.,no,Athlete 11,Midfielders,a0011@example.edu
A0011,2026-08-04,450.0,1,full,372.8571,347.5,1.073,300.0,5388.0,18.0,-0.9224,ok,20.0,-1.45,yes,,2026-08-04,30.4,-0.2667,1.6333,No flag,Within measurement error,-0.1633,0.1633,0.0,ACWR describes how recent load compares with longer-term load. It does not predict injury.,no,Athlete 11,Midfielders,a0011@example.edu
A0011,2026-08-05,540.0,1,full,360.0,353.9286,1.0172,271.0,4714.0,18.0,-0.9224,ok,20.0,-1.45,yes,,2026-08-04,30.4,-0.2667,1.6333,No flag,Within measurement error,-0.1633,0.1633,1.0,ACWR describes how recent load compares with longer-term load. It does not predict injury.,no,Athlete 11,Midfielders,a0011@example.edu
A0011,2026-08-06,700.0,2,full,354.2857,360.7143,0.9822,301.0,5190.0,21.0,1.0322,ok,20.0,1.65,yes,,2026-08-04,30.4,-0.2667,1.6333,No flag,Within measurement error,-0.1633,0.1633,2.0,ACWR describes how recent load compares with longer-term load. It does not predict injury.,no,Athlete 11,Midfielders,a0011@example.edu
A0011,2026-08-07,240.0,1,full,362.8571,365.0,0.9941,201.0,3415.0,21.0,0.9827,ok,21.0,1.5714,yes,,2026-08-04,30.4,-0.2667,1.6333,No flag,Within measurement error,-0.1633,0.1633,3.0,ACWR describes how recent load compares with longer-term load. It does not predict injury.,no,Athlete 11,Midfielders,a0011@example.edu
A0011,2026-08-08,0.0,0,modified,362.8571,365.0,0.9941,0.0,0.0,20.0,0.2919,ok,21.0,0.4762,yes,,2026-08-04,30.4,-0.2667,1.6333,No flag,Within measurement error,-0.1633,0.1633,4.0,ACWR describes how recent load compares with longer-term load. It does not predict injury.,no,Athlete 11,Midfielders,a0011@example.edu
A0011,2026-08-09,0.0,0,full,362.8571,365.0,0.9941,0.0,0.0,,,no form,,,not expected,,2026-08-04,30.4,-0.2667,1.6333,No flag,Within measurement error,-0.1633,0.1633,5.0,ACWR describes how recent load compares with longer-term load. It does not predict injury.,no,Athlete 11,Midfielders,a0011@example.edu
A0011,2026-08-10,740.0,2,full,381.4286,376.4286,1.0133,258.0,4798.0,,,no form,,,no,,2026-08-04,30.4,-0.2667,1.6333,No flag,Within measurement error,-0.1633,0.1633,6.0,ACWR describes how recent load compares with longer-term load. It does not predict injury.,no,Athlete 11,Midfielders,a0011@example.edu
A0011,2026-08-11,630.0,1,full,407.1429,382.8571,1.0634,314.0,5178.0,,,no form,,,no,,2026-08-11,29.7333,-0.9333,1.6333,No flag,Within measurement error,-0.5714,0.5714,0.0,ACWR describes how recent load compares with longer-term load. It does not predict injury.,no,Athlete 11,Midfielders,a0011@example.edu
A0011,2026-08-12,450.0,1,full,394.2857,382.8571,1.0299,242.0,4629.0,20.0,0.2804,ok,20.0,0.45,yes,,2026-08-11,29.7333,-0.9333,1.6333,No flag,Within measurement error,-0.5714,0.5714,1.0,ACWR describes how recent load compares with longer-term load. It does not predict injury.,no,Athlete 11,Midfielders,a0011@example.edu
A0011,2026-08-13,700.0,2,full,394.2857,393.2143,1.0027,298.0,4951.0,,,no form,,,no,,2026-08-11,29.7333,-0.9333,1.6333,No flag,Within measurement error,-0.5714,0.5714,2.0,ACWR describes how recent load compares with longer-term load. It does not predict injury.,no,Athlete 11,Midfielders,a0011@example.edu
A0011,2026-08-14,180.0,1,full,385.7143,397.5,0.9704,228.0,3426.0,21.0,1.0987,ok,19.0,1.5263,yes,,2026-08-11,29.7333,-0.9333,1.6333,No flag,Within measurement error,-0.5714,0.5714,3.0,ACWR describes how recent load compares with longer-term load. It does not predict injury.,no,Athlete 11,Midfielders,a0011@example.edu
A0011,2026-08-15,0.0,0,full,385.7143,397.5,0.9704,0.0,0.0,21.0,0.9961,ok,19.0,1.4211,yes,,2026-08-11,29.7333,-0.9333,1.6333,No flag,Within measurement error,-0.5714,0.5714,4.0,ACWR describes how recent load compares with longer-term load. It does not predict injury.,no,Athlete 11,Midfielders,a0011@example.edu
A0011,2026-08-16,0.0,0,full,385.7143,397.5,0.9704,0.0,0.0,,,no form,,,not expected,,2026-08-11,29.7333,-0.9333,1.6333,No flag,Within measurement error,-0.5714,0.5714,5.0,ACWR describes how recent load compares with longer-term load. It does not predict injury.,no,Athlete 11,Midfielders,a0011@example.edu
A0011,2026-08-17,360.0,2,modified,331.4286,380.3571,0.8714,120.0,2062.0,20.0,0.16,ok,19.0,0.2105,yes,,2026-08-11,29.7333,-0.9333,1.6333,No flag,Within measurement error,-0.5714,0.5714,6.0,ACWR describes how recent load compares with longer-term load. It does not predict injury.,no,Athlete 11,Midfielders,a0011@example.edu
A0011,2026-08-18,630.0,1,full,331.4286,380.3571,0.8714,286.0,4209.0,19.0,-0.6001,ok,19.0,-0.7895,yes,,2026-08-18,32.2,1.5333,1.6333,No flag,Within measurement error,0.9388,-0.9388,0.0,ACWR describes how recent load compares with longer-term load. It does not predict injury.,no,Athlete 11,Midfielders,a0011@example.edu
A0011,2026-08-19,450.0,1,full,331.4286,377.1429,0.8788,341.0,4605.0,19.0,-0.6689,ok,19.0,-0.8421,yes,,2026-08-18,32.2,1.5333,1.6333,No flag,Within measurement error,0.9388,-0.9388,1.0,ACWR describes how recent load compares with longer-term load. It does not predict injury.,no,Athlete 11,Midfielders,a0011@example.edu
A0011,2026-08-20,560.0,2,full,311.4286,363.9286,0.8557,312.0,4600.0,19.0,-0.6203,ok,19.0,-0.7895,yes,,2026-08-18,32.2,1.5333,1.6333,No flag,Within measurement error,0.9388,-0.9388,2.0,ACWR describes how recent load compares with longer-term load. It does not predict injury.,no,Athlete 11,Midfielders,a0011@example.edu
A0011,2026-08-21,240.0,1,full,320.0,361.7857,0.8845,167.0,3268.0,18.0,-1.3985,ok,20.0,-1.75,yes,,2026-08-18,32.2,1.5333,1.6333,No flag,Within measurement error,0.9388,-0.9388,3.0,ACWR describes how recent load compares with longer-term load. It does not predict injury.,no,Athlete 11,Midfielders,a0011@example.edu
A0011,2026-08-22,456.0,1,full,385.1429,378.0714,1.0187,569.0,6820.0,19.0,-0.5216,ok,21.0,-0.6667,yes,,2026-08-18,32.2,1.5333,1.6333,No flag,Within measurement error,0.9388,-0.9388,4.0,ACWR describes how recent load compares with longer-term load. It does not predict injury.,no,Athlete 11,Midfielders,a0011@example.edu
A0011,2026-08-23,0.0,0,full,385.1429,378.0714,1.0187,0.0,0.0,,,no form,,,not expected,,2026-08-18,32.2,1.5333,1.6333,No flag,Within measurement error,0.9388,-0.9388,5.0,ACWR describes how recent load compares with longer-term load. It does not predict injury.,no,Athlete 11,Midfielders,a0011@example.edu
A0011,2026-08-24,650.0,2,full,426.5714,381.2857,1.1188,275.0,4602.0,17.0,-2.0866,ok,21.0,-2.6667,yes,review,2026-08-18,32.2,1.5333,1.6333,No flag,Within measurement error,0.9388,-0.9388,6.0,ACWR describes how recent load compares with longer-term load. It does not predict injury.,no,Athlete 11,Midfielders,a0011@example.edu
A0011,2026-08-25,540.0,1,full,413.7143,381.2857,1.0851,351.0,4759.0,18.0,-1.1233,ok,21.0,-1.5714,yes,,2026-08-25,30.3333,-0.3333,1.6333,No flag,Within measurement error,-0.2041,0.2041,0.0,ACWR describes how recent load compares with longer-term load. It does not predict injury.,no,Athlete 11,Midfielders,a0011@example.edu
A0011,2026-08-26,450.0,1,full,413.7143,374.8571,1.1037,291.0,4355.0,20.0,0.4085,ok,21.0,0.5714,yes,,2026-08-25,30.3333,-0.3333,1.6333,No flag,Within measurement error,-0.2041,0.2041,1.0,ACWR describes how recent load compares with longer-term load. It does not predict injury.,no,Athlete 11,Midfielders,a0011@example.edu
A0011,2026-08-27,610.0,2,full,420.8571,370.2143,1.1368,299.0,4903.0,21.0,1.1911,ok,21.0,1.619,yes,,2026-08-25,30.3333,-0.3333,1.6333,No flag,Within measurement error,-0.2041,0.2041,2.0,ACWR describes how recent load compares with longer-term load. It does not predict injury.,no,Athlete 11,Midfielders,a0011@example.edu
A0011,2026-08-28,240.0,1,full,420.8571,372.3571,1.1303,161.0,3071.0,20.0,0.349,ok,21.0,0.4762,yes,,2026-08-25,30.3333,-0.3333,1.6333,No flag,Within measurement error,-0.2041,0.2041,3.0,ACWR describes how recent load compares with longer-term load. It does not predict injury.,no,Athlete 11,Midfielders,a0011@example.edu
A0011,2026-08-29,760.0,1,full,464.2857,399.5,1.1622,674.0,8156.0,22.0,1.8147,ok,21.0,2.4762,yes,,2026-08-25,30.3333,-0.3333,1.6333,No flag,Within measurement error,-0.2041,0.2041,4.0,ACWR describes how recent load compares with longer-term load. It does not predict injury.,no,Athlete 11,Midfielders,a0011@example.edu
A0011,2026-08-30,0.0,0,full,464.2857,399.5,1.1622,0.0,0.0,,,no form,,,not expected,,2026-08-25,30.3333,-0.3333,1.6333,No flag,Within measurement error,-0.2041,0.2041,5.0,ACWR describes how recent load compares with longer-term load. It does not predict injury.,no,Athlete 11,Midfielders,a0011@example.edu
A0011,2026-08-31,740.0,2,full,477.1429,404.1429,1.1806,376.0,4840.0,18.0,-1.2079,ok,21.0,-1.7143,yes,,2026-08-25,30.3333,-0.3333,1.6333,No flag,Within measurement error,-0.2041,0.2041,6.0,ACWR describes how recent load compares with longer-term load. It does not predict injury.,no,Athlete 11,Midfielders,a0011@example.edu
A0011,2026-09-01,540.0,1,full,477.1429,407.3571,1.1713,266.0,4836.0,20.0,0.349,ok,21.0,0.4762,yes,,2026-09-01,30.6667,0.0,1.6333,No flag,Within measurement error,0.0,-0.0,0.0,ACWR describes how recent load compares with longer-term load. It does not predict injury.,no,Athlete 11,Midfielders,a0011@example.edu
A0011,2026-09-02,450.0,1,full,477.1429,404.1429,1.1806,307.0,4716.0,18.0,-1.2247,ok,21.0,-1.619,yes,,2026-09-01,30.6667,0.0,1.6333,No flag,Within measurement error,0.0,-0.0,1.0,ACWR describes how recent load compares with longer-term load. It does not predict injury.,no,Athlete 11,Midfielders,a0011@example.edu
A0011,2026-09-03,700.0,2,full,490.0,404.1429,1.2124,317.0,5152.0,21.0,1.0446,ok,21.0,1.381,yes,,2026-09-01,30.6667,0.0,1.6333,No flag,Within measurement error,0.0,-0.0,2.0,ACWR describes how recent load compares with longer-term load. It does not predict injury.,no,Athlete 11,Midfielders,a0011@example.edu
A0011,2026-09-04,120.0,1,full,472.8571,399.8571,1.1826,211.0,3343.0,,,no form,,,no,,2026-09-01,30.6667,0.0,1.6333,No flag,Within measurement error,0.0,-0.0,3.0,ACWR describes how recent load compares with longer-term load. It does not predict injury.,no,Athlete 11,Midfielders,a0011@example.edu
A0011,2026-09-05,595.0,1,full,449.2857,421.1071,1.0669,609.0,8221.0,19.0,-0.4176,ok,20.0,-0.55,yes,,2026-09-01,30.6667,0.0,1.6333,No flag,Within measurement error,0.0,-0.0,4.0,ACWR describes how recent load compares with longer-term load. It does not predict injury.,no,Athlete 11,Midfielders,a0011@example.edu
A0011,2026-09-06,0.0,0,full,449.2857,421.1071,1.0669,0.0,0.0,,,no form,,,not expected,,2026-09-01,30.6667,0.0,1.6333,No flag,Within measurement error,0.0,-0.0,5.0,ACWR describes how recent load compares with longer-term load. It does not predict injury.,yes,Athlete 11,Midfielders,a0011@example.edu
A0011,2026-09-07,560.0,2,full,423.5714,414.6786,1.0214,219.0,4286.0,,,no form,,,no,,2026-09-01,30.6667,0.0,1.6333,No flag,Within measurement error,0.0,-0.0,6.0,ACWR describes how recent load compares with longer-term load. It does not predict injury.,yes,Athlete 11,Midfielders,a0011@example.edu
A0011,2026-09-08,540.0,1,full,423.5714,411.4643,1.0294,291.0,5157.0,19.0,-0.3794,ok,20.0,-0.5,yes,,2026-09-08,32.0333,1.3667,1.6333,No flag,Within measurement error,0.8368,-0.8368,0.0,ACWR describes how recent load compares with longer-term load. It does not predict injury.,yes,Athlete 11,Midfielders,a0011@example.edu
A0011,2026-09-09,540.0,1,full,436.4286,414.6786,1.0525,377.0,4822.0,20.0,0.4063,ok,21.0,0.5238,yes,,2026-09-08,32.0333,1.3667,1.6333,No flag,Within measurement error,0.8368,-0.8368,1.0,ACWR describes how recent load compares with longer-term load. It does not predict injury.,yes,Athlete 11,Midfielders,a0011@example.edu
A0011,2026-09-10,550.0,2,full,415.0,409.3214,1.0139,265.0,4388.0,21.0,1.182,ok,21.0,1.5238,yes,,2026-09-08,32.0333,1.3667,1.6333,No flag,Within measurement error,0.8368,-0.8368,2.0,ACWR describes how recent load compares with longer-term load. It does not predict injury.,yes,Athlete 11,Midfielders,a0011@example.edu
A0011,2026-09-11,180.0,1,full,423.5714,409.3214,1.0348,209.0,3359.0,20.0,0.3498,ok,22.0,0.4545,yes,,2026-09-08,32.0333,1.3667,1.6333,No flag,Within measurement error,0.8368,-0.8368,3.0,ACWR describes how recent load compares with longer-term load. It does not predict injury.,yes,Athlete 11,Midfielders,a0011@example.edu
A0011,2026-09-12,240.0,1,full,372.8571,417.8929,0.8922,,,19.0,-0.3959,ok,22.0,-0.5,yes,,2026-09-08,32.0333,1.3667,1.6333,No flag,Within measurement error,0.8368,-0.8368,4.0,ACWR describes how recent load compares with longer-term load. It does not predict injury.,yes,Athlete 11,Midfielders,a0011@example.edu
A0011,2026-09-13,0.0,0,full,372.8571,417.8929,0.8922,0.0,0.0,,,no form,,,not expected,,2026-09-08,32.0333,1.3667,1.6333,No flag,Within measurement error,0.8368,-0.8368,5.0,ACWR describes how recent load compares with longer-term load. It does not predict injury.,yes,Athlete 11,Midfielders,a0011@example.edu
A0011,2026-09-14,650.0,2,full,385.7143,428.25,0.9007,402.0,5169.0,18.0,-1.1539,ok,22.0,-1.4091,yes,,2026-09-08,32.0333,1.3667,1.6333,No flag,Within measurement error,0.8368,-0.8368,6.0,ACWR describes how recent load compares with longer-term load. It does not predict injury.,yes,Athlete 11,Midfielders,a0011@example.edu
A0011,2026-09-15,630.0,1,full,398.5714,428.25,0.9307,281.0,4205.0,17.0,-1.8557,ok,22.0,-2.3182,yes,,2026-09-15,31.7,1.0333,1.6333,No flag,Within measurement error,0.6327,-0.6327,0.0,ACWR describes how recent load compares with longer-term load. It does not predict injury.,yes,Athlete 11,Midfielders,a0011@example.edu
A0011,2026-09-16,450.0,1,full,385.7143,428.25,0.9007,176.0,4763.0,19.0,-0.1693,ok,22.0,-0.2273,yes,,2026-09-15,31.7,1.0333,1.6333,No flag,Within measurement error,0.6327,-0.6327,1.0,ACWR describes how recent load compares with longer-term load. It does not predict injury.,yes,Athlete 11,Midfielders,a0011@example.edu
A0011,2026-09-17,560.0,2,full,387.1429,428.25,0.904,274.0,4257.0,21.0,1.3202,ok,22.0,1.7727,yes,,2026-09-15,31.7,1.0333,1.6333,No flag,Within measurement error,0.6327,-0.6327,2.0,ACWR describes how recent load compares with longer-term load. It does not predict injury.,yes,Athlete 11,Midfielders,a0011@example.edu
A0011,2026-09-18,240.0,1,full,395.7143,428.25,0.924,229.0,2792.0,18.0,-0.946,ok,22.0,-1.3182,yes,,2026-09-15,31.7,1.0333,1.6333,No flag,Within measurement error,0.6327,-0.6327,3.0,ACWR describes how recent load compares with longer-term load. It does not predict injury.,yes,Athlete 11,Midfielders,a0011@example.edu
A0011,2026-09-19,480.0,1,full,430.0,429.1071,1.0021,344.0,5119.0,,,no form,,,no,,2026-09-15,31.7,1.0333,1.6333,No flag,Within measurement error,0.6327,-0.6327,4.0,ACWR describes how recent load compares with longer-term load. It does not predict injury.,yes,Athlete 11,Midfielders,a0011@example.edu
A0011,2026-09-20,0.0,0,full,430.0,429.1071,1.0021,0.0,0.0,,,no form,,,not expected,,2026-09-15,31.7,1.0333,1.6333,No flag,Within measurement error,0.6327,-0.6327,5.0,ACWR describes how recent load compares with longer-term load. It does not predict injury.,yes,Athlete 11,Midfielders,a0011@example.edu
A0011,2026-09-21,700.0,2,full,437.1429,430.8929,1.0145,224.0,4686.0,16.0,-2.3376,ok,21.0,-3.3333,yes,review,2026-09-15,31.7,1.0333,1.6333,No flag,Within measurement error,0.6327,-0.6327,6.0,ACWR describes how recent load compares with longer-term load. It does not predict injury.,yes,Athlete 11,Midfielders,a0011@example.edu
A0011,2026-09-22,630.0,1,full,437.1429,434.1071,1.007,363.0,4937.0,19.0,-0.1878,ok,21.0,-0.2857,yes,,2026-09-22,31.1333,0.4667,1.6333,No flag,Within measurement error,0.2857,-0.2857,0.0,ACWR describes how recent load compares with longer-term load. It does not predict injury.,yes,Athlete 11,Midfielders,a0011@example.edu
A0011,2026-09-23,450.0,1,full,437.1429,434.1071,1.007,392.0,4937.0,19.0,-0.223,ok,21.0,-0.3333,yes,,2026-09-22,31.1333,0.4667,1.6333,No flag,Within measurement error,0.2857,-0.2857,1.0,ACWR describes how recent load compares with longer-term load. It does not predict injury.,yes,Athlete 11,Midfielders,a0011@example.edu
A0011,2026-09-24,560.0,2,full,437.1429,432.3214,1.0112,315.0,4295.0,,,no form,,,no,,2026-09-22,31.1333,0.4667,1.6333,No flag,Within measurement error,0.2857,-0.2857,2.0,ACWR describes how recent load compares with longer-term load. It does not predict injury.,yes,Athlete 11,Midfielders,a0011@example.edu
A0011,2026-09-25,180.0,1,full,428.5714,430.1786,0.9963,227.0,3287.0,19.0,-0.1358,ok,20.0,-0.2,yes,,2026-09-22,31.1333,0.4667,1.6333,No flag,Within measurement error,0.2857,-0.2857,3.0,ACWR describes how recent load compares with longer-term load. It does not predict injury.,yes,Athlete 11,Midfielders,a0011@example.edu
A0011,2026-09-26,539.0,1,full,437.0,422.2857,1.0348,700.0,7279.0,19.0,-0.1027,ok,20.0,-0.15,yes,,2026-09-22,31.1333,0.4667,1.6333,No flag,Within measurement error,0.2857,-0.2857,4.0,ACWR describes how recent load compares with longer-term load. It does not predict injury.,yes,Athlete 11,Midfielders,a0011@example.edu
A0011,2026-09-27,0.0,0,full,437.0,422.2857,1.0348,0.0,0.0,,,no form,,,not expected,,2026-09-22,31.1333,0.4667,1.6333,No flag,Within measurement error,0.2857,-0.2857,5.0,ACWR describes how recent load compares with longer-term load. It does not predict injury.,yes,Athlete 11,Midfielders,a0011@example.edu
A0011,2026-09-28,610.0,2,full,424.1429,417.6429,1.0156,241.0,4445.0,16.0,-2.3117,ok,20.0,-3.0,yes,review,2026-09-22,31.1333,0.4667,1.6333,No flag,Within measurement error,0.2857,-0.2857,6.0,ACWR describes how recent load compares with longer-term load. It does not predict injury.,yes,Athlete 11,Midfielders,a0011@example.edu
A0011,2026-09-29,630.0,1,full,424.1429,420.8571,1.0078,231.0,4333.0,21.0,1.451,ok,20.0,2.1,yes,,2026-09-29,30.2,-0.4667,1.6333,No flag,Within measurement error,-0.2857,0.2857,0.0,ACWR describes how recent load compares with longer-term load. It does not predict injury.,yes,Athlete 11,Midfielders,a0011@example.edu
A0011,2026-09-30,450.0,1,full,424.1429,420.8571,1.0078,178.0,4838.0,20.0,0.6984,ok,20.0,1.05,yes,,2026-09-29,30.2,-0.4667,1.6333,No flag,Within measurement error,-0.2857,0.2857,1.0,ACWR describes how recent load compares with longer-term load. It does not predict injury.,yes,Athlete 11,Midfielders,a0011@example.edu
A0011,2026-10-01,560.0,2,full,424.1429,415.8571,1.0199,261.0,4598.0,17.0,-1.3635,ok,20.0,-2.05,yes,,2026-09-29,30.2,-0.4667,1.6333,No flag,Within measurement error,-0.2857,0.2857,2.0,ACWR describes how recent load compares with longer-term load. It does not predict injury.,yes,Athlete 11,Midfielders,a0011@example.edu
A0011,2026-10-02,180.0,1,full,424.1429,418.0,1.0147,191.0,3170.0,22.0,2.1049,ok,20.0,3.15,yes,,2026-09-29,30.2,-0.4667,1.6333,No flag,Within measurement error,-0.2857,0.2857,3.0,ACWR describes how recent load compares with longer-term load. It does not predict injury.,yes,Athlete 11,Midfielders,a0011@example.edu
A0011,2026-10-03,665.0,1,full,442.1429,420.5,1.0515,723.0,8472.0,18.0,-0.6202,ok,21.0,-1.0,yes,,2026-09-29,30.2,-0.4667,1.6333,No flag,Within measurement error,-0.2857,0.2857,4.0,ACWR describes how recent load compares with longer-term load. It does not predict injury.,yes,Athlete 11,Midfielders,a0011@example.edu
A0012,2026-07-06,470.0,2,full,,,,239.0,4817.0,19.0,,baseline too short,0.0,,yes,,,,,,,,,,,ACWR describes how recent load compares with longer-term load. It does not predict injury.,no,Athlete 12,Midfielders,a0012@example.edu
A0012,2026-07-07,360.0,1,full,,,,199.0,4644.0,21.0,,baseline too short,1.0,,yes,,2026-07-07,36.4333,,,Baseline,Baseline test,,,0.0,ACWR describes how recent load compares with longer-term load. It does not predict injury.,no,Athlete 12,Midfielders,a0012@example.edu
A0012,2026-07-08,270.0,1,full,,,,429.0,5003.0,19.0,,baseline too short,2.0,,yes,,2026-07-07,36.4333,,,Baseline,Baseline test,,,1.0,ACWR describes how recent load compares with longer-term load. It does not predict injury.,no,Athlete 12,Midfielders,a0012@example.edu
A0012,2026-07-09,420.0,2,full,,,,,,18.0,,baseline too short,3.0,,yes,,2026-07-09,36.5667,,,Baseline,Baseline test,,,0.0,ACWR describes how recent load compares with longer-term load. It does not predict injury.,no,Athlete 12,Midfielders,a0012@example.edu
A0012,2026-07-10,120.0,1,full,,,,194.0,3339.0,17.0,,baseline too short,4.0,,yes,,2026-07-09,36.5667,,,Baseline,Baseline test,,,1.0,ACWR describes how recent load compares with longer-term load. It does not predict injury.,no,Athlete 12,Midfielders,a0012@example.edu
A0012,2026-07-11,0.0,0,full,,,,0.0,0.0,23.0,,baseline too short,5.0,,yes,,2026-07-09,36.5667,,,Baseline,Baseline test,,,2.0,ACWR describes how recent load compares with longer-term load. It does not predict injury.,no,Athlete 12,Midfielders,a0012@example.edu
A0012,2026-07-12,0.0,0,full,234.2857,,,0.0,0.0,,,no form,,,not expected,,2026-07-09,36.5667,,,Baseline,Baseline test,,,3.0,ACWR describes how recent load compares with longer-term load. It does not predict injury.,no,Athlete 12,Midfielders,a0012@example.edu
A0012,2026-07-13,560.0,2,full,247.1429,,,304.0,4553.0,21.0,,baseline too short,6.0,,yes,,2026-07-09,36.5667,,,Baseline,Baseline test,,,4.0,ACWR describes how recent load compares with longer-term load. It does not predict injury.,no,Athlete 12,Midfielders,a0012@example.edu
A0012,2026-07-14,540.0,1,full,272.8571,,,328.0,4968.0,21.0,,baseline too short,7.0,,yes,,2026-07-14,37.1,,,Baseline,Baseline test,,,0.0,ACWR describes how recent load compares with longer-term load. It does not predict injury.,no,Athlete 12,Midfielders,a0012@example.edu
A0012,2026-07-15,180.0,1,full,260.0,,,264.0,4525.0,21.0,,baseline too short,8.0,,yes,,2026-07-14,37.1,,,Baseline,Baseline test,,,1.0,ACWR describes how recent load compares with longer-term load. It does not predict injury.,no,Athlete 12,Midfielders,a0012@example.edu
A0012,2026-07-16,370.0,2,full,252.8571,,,293.0,5208.0,20.0,,baseline too short,9.0,,yes,,2026-07-14,37.1,,,Baseline,Baseline test,,,2.0,ACWR describes how recent load compares with longer-term load. It does not predict injury.,no,Athlete 12,Midfielders,a0012@example.edu
A0012,2026-07-17,60.0,1,full,244.2857,,,176.0,3229.0,18.0,,baseline too short,10.0,,yes,,2026-07-14,37.1,,,Baseline,Baseline test,,,3.0,ACWR describes how recent load compares with longer-term load. It does not predict injury.,no,Athlete 12,Midfielders,a0012@example.edu
A0012,2026-07-18,0.0,0,full,244.2857,,,0.0,0.0,20.0,,baseline too short,11.0,,yes,,2026-07-14,37.1,,,Baseline,Baseline test,,,4.0,ACWR describes how recent load compares with longer-term load. It does not predict injury.,no,Athlete 12,Midfielders,a0012@example.edu
A0012,2026-07-19,0.0,0,full,244.2857,,,0.0,0.0,,,no form,,,not expected,,2026-07-14,37.1,,,Baseline,Baseline test,,,5.0,ACWR describes how recent load compares with longer-term load. It does not predict injury.,no,Athlete 12,Midfielders,a0012@example.edu
A0012,2026-07-20,,2,full,,,,386.0,7830.0,21.0,,baseline too short,12.0,,yes,,2026-07-14,37.1,,,Baseline,Baseline test,,,6.0,ACWR describes how recent load compares with longer-term load. It does not predict injury.,no,Athlete 12,Midfielders,a0012@example.edu
A0012,2026-07-21,720.0,1,full,,,,411.0,8142.0,19.0,,baseline too short,13.0,,yes,,2026-07-21,35.1333,,,Baseline,Baseline test,,,0.0,ACWR describes how recent load compares with longer-term load. It does not predict injury.,no,Athlete 12,Midfielders,a0012@example.edu
A0012,2026-07-22,630.0,1,full,,,,630.0,8523.0,20.0,0.0887,ok,14.0,0.1429,yes,,2026-07-21,35.1333,,,Baseline,Baseline test,,,1.0,ACWR describes how recent load compares with longer-term load. It does not predict injury.,no,Athlete 12,Midfielders,a0012@example.edu
A0012,2026-07-23,790.0,2,full,,,,384.0,8065.0,19.0,-0.5583,ok,15.0,-0.8667,yes,,2026-07-21,35.1333,,,Baseline,Baseline test,,,2.0,ACWR describes how recent load compares with longer-term load. It does not predict injury.,no,Athlete 12,Midfielders,a0012@example.edu
A0012,2026-07-24,300.0,1,full,,,,370.0,5679.0,20.0,0.1237,ok,16.0,0.1875,yes,,2026-07-21,35.1333,,,Baseline,Baseline test,,,3.0,ACWR describes how recent load compares with longer-term load. It does not predict injury.,no,Athlete 12,Midfielders,a0012@example.edu
A0012,2026-07-25,0.0,0,full,,,,0.0,0.0,19.0,-0.5611,ok,17.0,-0.8235,yes,,2026-07-21,35.1333,,,Baseline,Baseline test,,,4.0,ACWR describes how recent load compares with longer-term load. It does not predict injury.,no,Athlete 12,Midfielders,a0012@example.edu
A0012,2026-07-26,0.0,0,full,,,,0.0,0.0,,,no form,,,not expected,,2026-07-21,35.1333,,,Baseline,Baseline test,,,5.0,ACWR describes how recent load compares with longer-term load. It does not predict injury.,no,Athlete 12,Midfielders,a0012@example.edu
A0012,2026-07-27,750.0,2,full,455.7143,,,255.0,6569.0,20.0,0.1546,ok,18.0,0.2222,yes,,2026-07-21,35.1333,,,Baseline,Baseline test,,,6.0,ACWR describes how recent load compares with longer-term load. It does not predict injury.,no,Athlete 12,Midfielders,a0012@example.edu
A0012,2026-07-28,450.0,1,full,417.1429,,,550.0,6854.0,20.0,0.1506,ok,19.0,0.2105,yes,,2026-07-28,36.5667,,,Baseline,Baseline test,,,0.0,ACWR describes how recent load compares with longer-term load. It does not predict injury.,no,Athlete 12,Midfielders,a0012@example.edu
A0012,2026-07-29,360.0,1,full,378.5714,,,314.0,6565.0,22.0,1.6163,ok,20.0,2.2,yes,,2026-07-28,36.5667,,,Baseline,Baseline test,,,1.0,ACWR describes how recent load compares with longer-term load. It does not predict injury.,no,Athlete 12,Midfielders,a0012@example.edu
A0012,2026-07-30,650.0,2,full,358.5714,,,542.0,6513.0,21.0,0.7763,ok,21.0,1.0952,yes,,2026-07-28,36.5667,,,Baseline,Baseline test,,,2.0,ACWR describes how recent load compares with longer-term load. It does not predict injury.,no,Athlete 12,Midfielders,a0012@example.edu
A0012,2026-07-31,180.0,1,full,341.4286,,,278.0,4621.0,23.0,2.1808,ok,22.0,3.0455,yes,,2026-07-28,36.5667,,,Baseline,Baseline test,,,3.0,ACWR describes how recent load compares with longer-term load. It does not predict injury.,no,Athlete 12,Midfielders,a0012@example.edu
A0012,2026-08-01,0.0,0,full,341.4286,,,0.0,0.0,19.0,-0.7223,ok,23.0,-1.087,yes,,2026-07-28,36.5667,,,Baseline,Baseline test,,,4.0,ACWR describes how recent load compares with longer-term load. It does not predict injury.,no,Athlete 12,Midfielders,a0012@example.edu
A0012,2026-08-02,0.0,0,modified,341.4286,,,0.0,0.0,,,no form,,,not expected,,2026-07-28,36.5667,,,Baseline,Baseline test,,,5.0,ACWR describes how recent load compares with longer-term load. It does not predict injury.,no,Athlete 12,Midfielders,a0012@example.edu
A0012,2026-08-03,650.0,2,full,327.1429,,,371.0,6513.0,21.0,0.6438,ok,24.0,0.9583,yes,,2026-07-28,36.5667,,,Baseline,Baseline test,,,6.0,ACWR describes how recent load compares with longer-term load. It does not predict injury.,no,Athlete 12,Midfielders,a0012@example.edu
A0012,2026-08-04,450.0,1,full,327.1429,,,405.0,6727.0,18.0,-1.4323,ok,24.0,-2.125,yes,,2026-08-04,35.7333,-0.6267,1.6333,No flag,Within measurement error,-0.3837,0.3837,0.0,ACWR describes how recent load compares with longer-term load. It does not predict injury.,no,Athlete 12,Midfielders,a0012@example.edu
A0012,2026-08-05,540.0,1,full,352.8571,,,430.0,5861.0,18.0,-1.3053,ok,24.0,-2.0,yes,,2026-08-04,35.7333,-0.6267,1.6333,No flag,Within measurement error,-0.3837,0.3837,1.0,ACWR describes how recent load compares with longer-term load. It does not predict injury.,no,Athlete 12,Midfielders,a0012@example.edu
A0012,2026-08-06,750.0,2,full,367.1429,,,320.0,6053.0,22.0,1.2974,ok,24.0,2.0417,yes,,2026-08-04,35.7333,-0.6267,1.6333,No flag,Within measurement error,-0.3837,0.3837,2.0,ACWR describes how recent load compares with longer-term load. It does not predict injury.,no,Athlete 12,Midfielders,a0012@example.edu
A0012,2026-08-07,240.0,1,full,375.7143,,,204.0,3954.0,20.0,-0.0797,ok,24.0,-0.125,yes,,2026-08-04,35.7333,-0.6267,1.6333,No flag,Within measurement error,-0.3837,0.3837,3.0,ACWR describes how recent load compares with longer-term load. It does not predict injury.,no,Athlete 12,Midfielders,a0012@example.edu
A0012,2026-08-08,0.0,0,full,375.7143,,,0.0,0.0,19.0,-0.8791,ok,24.0,-1.25,yes,,2026-08-04,35.7333,-0.6267,1.6333,No flag,Within measurement error,-0.3837,0.3837,4.0,ACWR describes how recent load compares with longer-term load. It does not predict injury.,no,Athlete 12,Midfielders,a0012@example.edu
A0012,2026-08-09,0.0,0,full,375.7143,,,0.0,0.0,,,no form,,,not expected,,2026-08-04,35.7333,-0.6267,1.6333,No flag,Within measurement error,-0.3837,0.3837,5.0,ACWR describes how recent load compares with longer-term load. It does not predict injury.,no,Athlete 12,Midfielders,a0012@example.edu
A0012,2026-08-10,650.0,2,full,375.7143,,,480.0,7046.0,22.0,1.4564,ok,24.0,1.9167,yes,,2026-08-04,35.7333,-0.6267,1.6333,No flag,Within measurement error,-0.3837,0.3837,6.0,ACWR describes how recent load compares with longer-term load. It does not predict injury.,no,Athlete 12,Midfielders,a0012@example.edu
A0012,2026-08-11,720.0,1,full,414.2857,,,429.0,6789.0,19.0,-0.8264,ok,24.0,-1.125,yes,,2026-08-11,36.2667,-0.0933,1.6333,No flag,Within measurement error,-0.0571,0.0571,0.0,ACWR describes how recent load compares with longer-term load. It does not predict injury.,no,Athlete 12,Midfielders,a0012@example.edu
A0012,2026-08-12,450.0,1,full,401.4286,,,379.0,6570.0,22.0,1.4329,ok,24.0,1.9583,yes,,2026-08-11,36.2667,-0.0933,1.6333,No flag,Within measurement error,-0.0571,0.0571,1.0,ACWR describes how recent load compares with longer-term load. It does not predict injury.,no,Athlete 12,Midfielders,a0012@example.edu
A0012,2026-08-13,650.0,2,full,387.1429,,,396.0,6712.0,20.0,-0.059,ok,24.0,-0.0833,yes,,2026-08-11,36.2667,-0.0933,1.6333,No flag,Within measurement error,-0.0571,0.0571,2.0,ACWR describes how recent load compares with longer-term load. It does not predict injury.,no,Athlete 12,Midfielders,a0012@example.edu
A0012,2026-08-14,240.0,1,full,387.1429,,,286.0,4357.0,22.0,1.3577,ok,24.0,1.9167,yes,,2026-08-11,36.2667,-0.0933,1.6333,No flag,Within measurement error,-0.0571,0.0571,3.0,ACWR describes how recent load compares with longer-term load. It does not predict injury.,no,Athlete 12,Midfielders,a0012@example.edu
A0012,2026-08-15,0.0,0,modified,387.1429,,,0.0,0.0,19.0,-0.8987,ok,24.0,-1.25,yes,,2026-08-11,36.2667,-0.0933,1.6333,No flag,Within measurement error,-0.0571,0.0571,4.0,ACWR describes how recent load compares with longer-term load. It does not predict injury.,no,Athlete 12,Midfielders,a0012@example.edu
A0012,2026-08-16,0.0,0,full,387.1429,,,0.0,0.0,,,no form,,,not expected,,2026-08-11,36.2667,-0.0933,1.6333,No flag,Within measurement error,-0.0571,0.0571,5.0,ACWR describes how recent load compares with longer-term load. It does not predict injury.,no,Athlete 12,Midfielders,a0012@example.edu
A0012,2026-08-17,700.0,2,full,394.2857,388.2143,1.0156,400.0,6279.0,17.0,-2.2697,ok,24.0,-3.2083,yes,review,2026-08-11,36.2667,-0.0933,1.6333,No flag,Within measurement error,-0.0571,0.0571,6.0,ACWR describes how recent load compares with longer-term load. It does not predict injury.,no,Athlete 12,Midfielders,a0012@example.edu
A0012,2026-08-18,360.0,1,full,342.8571,375.3571,0.9134,419.0,6310.0,22.0,1.2669,ok,24.0,1.9583,yes,,2026-08-18,36.8,0.44,1.6333,No flag,Within measurement error,0.2694,-0.2694,0.0,ACWR describes how recent load compares with longer-term load. It does not predict injury.,no,Athlete 12,Midfielders,a0012@example.edu
A0012,2026-08-19,450.0,1,full,342.8571,368.9286,0.9293,364.0,6879.0,16.0,-2.6391,ok,24.0,-4.1667,yes,review,2026-08-18,36.8,0.44,1.6333,No flag,Within measurement error,0.2694,-0.2694,1.0,ACWR describes how recent load compares with longer-term load. It does not predict injury.,no,Athlete 12,Midfielders,a0012@example.edu
A0012,2026-08-20,650.0,2,full,342.8571,363.9286,0.9421,347.0,6027.0,21.0,0.5575,ok,24.0,1.0,yes,,2026-08-18,36.8,0.44,1.6333,No flag,Within measurement error,0.2694,-0.2694,2.0,ACWR describes how recent load compares with longer-term load. It does not predict injury.,no,Athlete 12,Midfielders,a0012@example.edu
A0012,2026-08-21,180.0,1,full,334.2857,359.6429,0.9295,254.0,4561.0,19.0,-0.6046,ok,24.0,-1.0833,yes,,2026-08-18,36.8,0.44,1.6333,No flag,Within measurement error,0.2694,-0.2694,3.0,ACWR describes how recent load compares with longer-term load. It does not predict injury.,no,Athlete 12,Midfielders,a0012@example.edu
A0012,2026-08-22,536.0,1,full,410.8571,378.7857,1.0847,896.0,8914.0,20.0,-0.0231,ok,24.0,-0.0417,yes,,2026-08-18,36.8,0.44,1.6333,No flag,Within measurement error,0.2694,-0.2694,4.0,ACWR describes how recent load compares with longer-term load. It does not predict injury.,no,Athlete 12,Midfielders,a0012@example.edu
A0012,2026-08-23,0.0,0,full,410.8571,378.7857,1.0847,0.0,0.0,,,no form,,,not expected,,2026-08-18,36.8,0.44,1.6333,No flag,Within measurement error,0.2694,-0.2694,5.0,ACWR describes how recent load compares with longer-term load. It does not predict injury.,no,Athlete 12,Midfielders,a0012@example.edu
A0012,2026-08-24,600.0,2,full,396.5714,373.4286,1.062,386.0,6275.0,18.0,-1.1628,ok,24.0,-2.0833,yes,,2026-08-18,36.8,0.44,1.6333,No flag,Within measurement error,0.2694,-0.2694,6.0,ACWR describes how recent load compares with longer-term load. It does not predict injury.,no,Athlete 12,Midfielders,a0012@example.edu
A0012,2026-08-25,450.0,1,full,409.4286,373.4286,1.0964,471.0,6041.0,18.0,-1.086,ok,24.0,-2.0,yes,,2026-08-25,35.9333,-0.4267,1.6333,No flag,Within measurement error,-0.2612,0.2612,0.0,ACWR describes how recent load compares with longer-term load. It does not predict injury.,no,Athlete 12,Midfielders,a0012@example.edu
A0012,2026-08-26,540.0,1,full,422.2857,379.8571,1.1117,298.0,6044.0,23.0,1.6346,ok,24.0,3.0833,yes,,2026-08-25,35.9333,-0.4267,1.6333,No flag,Within measurement error,-0.2612,0.2612,1.0,ACWR describes how recent load compares with longer-term load. It does not predict injury.,no,Athlete 12,Midfielders,a0012@example.edu
A0012,2026-08-27,700.0,2,full,429.4286,381.6429,1.1252,538.0,6177.0,20.0,0.0214,ok,24.0,0.0417,yes,,2026-08-25,35.9333,-0.4267,1.6333,No flag,Within measurement error,-0.2612,0.2612,2.0,ACWR describes how recent load compares with longer-term load. It does not predict injury.,no,Athlete 12,Midfielders,a0012@example.edu
A0012,2026-08-28,90.0,1,modified,416.5714,378.4286,1.1008,198.0,3170.0,21.0,0.5608,ok,24.0,1.0833,yes,,2026-08-25,35.9333,-0.4267,1.6333,No flag,Within measurement error,-0.2612,0.2612,3.0,ACWR describes how recent load compares with longer-term load. It does not predict injury.,no,Athlete 12,Midfielders,a0012@example.edu
A0012,2026-08-29,640.0,1,full,431.4286,401.2857,1.0751,875.0,9050.0,22.0,1.1816,ok,24.0,2.1667,yes,,2026-08-25,35.9333,-0.4267,1.6333,No flag,Within measurement error,-0.2612,0.2612,4.0,ACWR describes how recent load compares with longer-term load. It does not predict injury.,no,Athlete 12,Midfielders,a0012@example.edu
A0012,2026-08-30,0.0,0,full,431.4286,401.2857,1.0751,0.0,0.0,,,no form,,,not expected,,2026-08-25,35.9333,-0.4267,1.6333,No flag,Within measurement error,-0.2612,0.2612,5.0,ACWR describes how recent load compares with longer-term load. It does not predict injury.,no,Athlete 12,Midfielders,a0012@example.edu
A0012,2026-08-31,650.0,2,full,438.5714,401.2857,1.0929,330.0,6027.0,20.0,0.0222,ok,24.0,0.0417,yes,,2026-08-25,35.9333,-0.4267,1.6333,No flag,Within measurement error,-0.2612,0.2612,6.0,ACWR describes how recent load compares with longer-term load. It does not predict injury.,no,Athlete 12,Midfielders,a0012@example.edu
A0012,2026-09-01,450.0,1,full,438.5714,401.2857,1.0929,345.0,6091.0,19.0,-0.492,ok,24.0,-0.9167,yes,,2026-09-01,35.2333,-1.1267,1.6333,No flag,Within measurement error,-0.6898,0.6898,0.0,ACWR describes how recent load compares with longer-term load. It does not predict injury.,no,Athlete 12,Midfielders,a0012@example.edu
A0012,2026-09-02,360.0,1,full,412.8571,394.8571,1.0456,427.0,6363.0,21.0,0.5695,ok,24.0,1.0417,yes,,2026-09-01,35.2333,-1.1267,1.6333,No flag,Within measurement error,-0.6898,0.6898,1.0,ACWR describes how recent load compares with longer-term load. It does not predict injury.,no,Athlete 12,Midfielders,a0012@example.edu
A0012,2026-09-03,600.0,2,full,398.5714,389.5,1.0233,359.0,5841.0,18.0,-1.1628,ok,24.0,-2.0833,yes,,2026-09-01,35.2333,-1.1267,1.6333,No flag,Within measurement error,-0.6898,0.6898,2.0,ACWR describes how recent load compares with longer-term load. It does not predict injury.,no,Athlete 12,Midfielders,a0012@example.edu
A0012,2026-09-04,180.0,1,full,411.4286,387.3571,1.0621,224.0,3904.0,22.0,1.1628,ok,24.0,2.0833,yes,,2026-09-01,35.2333,-1.1267,1.6333,No flag,Within measurement error,-0.6898,0.6898,3.0,ACWR describes how recent load compares with longer-term load. It does not predict injury.,no,Athlete 12,Midfielders,a0012@example.edu
A0012,2026-09-05,792.0,1,full,433.1429,415.6429,1.0421,568.0,10601.0,19.0,-0.543,ok,24.0,-1.0,yes,,2026-09-01,35.2333,-1.1267,1.6333,No flag,Within measurement error,-0.6898,0.6898,4.0,ACWR describes how recent load compares with longer-term load. It does not predict injury.,no,Athlete 12,Midfielders,a0012@example.edu
A0012,2026-09-06,0.0,0,full,433.1429,415.6429,1.0421,0.0,0.0,,,no form,,,not expected,,2026-09-01,35.2333,-1.1267,1.6333,No flag,Within measurement error,-0.6898,0.6898,5.0,ACWR describes how recent load compares with longer-term load. It does not predict injury.,yes,Athlete 12,Midfielders,a0012@example.edu
A0012,2026-09-07,470.0,2,full,407.4286,409.2143,0.9956,500.0,6640.0,18.0,-1.086,ok,24.0,-2.0,yes,,2026-09-01,35.2333,-1.1267,1.6333,No flag,Within measurement error,-0.6898,0.6898,6.0,ACWR describes how recent load compares with longer-term load. It does not predict injury.,yes,Athlete 12,Midfielders,a0012@example.edu
A0012,2026-09-08,540.0,1,full,420.2857,402.7857,1.0434,491.0,6629.0,21.0,0.6362,ok,24.0,1.1667,yes,,2026-09-08,36.6,0.24,1.6333,No flag,Within measurement error,0.1469,-0.1469,0.0,ACWR describes how recent load compares with longer-term load. It does not predict injury.,yes,Athlete 12,Midfielders,a0012@example.edu
A0012,2026-09-09,360.0,1,full,420.2857,399.5714,1.0518,393.0,6651.0,20.0,0.0453,ok,24.0,0.0833,yes,,2026-09-08,36.6,0.24,1.6333,No flag,Within measurement error,0.1469,-0.1469,1.0,ACWR describes how recent load compares with longer-term load. It does not predict injury.,yes,Athlete 12,Midfielders,a0012@example.edu
A0012,2026-09-10,560.0,2,full,414.5714,396.3571,1.046,339.0,6928.0,19.0,-0.4667,ok,24.0,-0.8333,yes,,2026-09-08,36.6,0.24,1.6333,No flag,Within measurement error,0.1469,-0.1469,2.0,ACWR describes how recent load compares with longer-term load. It does not predict injury.,yes,Athlete 12,Midfielders,a0012@example.edu
A0012,2026-09-11,180.0,1,full,414.5714,394.2143,1.0516,265.0,4142.0,21.0,0.6738,ok,24.0,1.2083,yes,,2026-09-08,36.6,0.24,1.6333,No flag,Within measurement error,0.1469,-0.1469,3.0,ACWR describes how recent load compares with longer-term load. It does not predict injury.,yes,Athlete 12,Midfielders,a0012@example.edu
A0012,2026-09-12,616.0,1,full,389.4286,416.2143,0.9356,860.0,9609.0,19.0,-0.4284,ok,24.0,-0.75,yes,,2026-09-08,36.6,0.24,1.6333,No flag,Within measurement error,0.1469,-0.1469,4.0,ACWR describes how recent load compares with longer-term load. It does not predict injury.,yes,Athlete 12,Midfielders,a0012@example.edu
A0012,2026-09-13,0.0,0,full,389.4286,416.2143,0.9356,0.0,0.0,,,no form,,,not expected,,2026-09-08,36.6,0.24,1.6333,No flag,Within measurement error,0.1469,-0.1469,5.0,ACWR describes how recent load compares with longer-term load. It does not predict injury.,yes,Athlete 12,Midfielders,a0012@example.edu
A0012,2026-09-14,740.0,2,full,428.0,417.6429,1.0248,380.0,5954.0,16.0,-2.1419,ok,24.0,-3.75,yes,review,2026-09-08,36.6,0.24,1.6333,No flag,Within measurement error,0.1469,-0.1469,6.0,ACWR describes how recent load compares with longer-term load. It does not predict injury.,yes,Athlete 12,Midfielders,a0012@example.edu
A0012,2026-09-15,540.0,1,full,428.0,424.0714,1.0093,390.0,5906.0,19.0,-0.3872,ok,24.0,-0.7083,yes,,2026-09-15,36.3,-0.06,1.6333,No flag,Within measurement error,-0.0367,0.0367,0.0,ACWR describes how recent load compares with longer-term load. It does not predict injury.,yes,Athlete 12,Midfielders,a0012@example.edu
A0012,2026-09-16,450.0,1,full,440.8571,424.0714,1.0396,408.0,5590.0,19.0,-0.3301,ok,24.0,-0.5833,yes,,2026-09-15,36.3,-0.06,1.6333,No flag,Within measurement error,-0.0367,0.0367,1.0,ACWR describes how recent load compares with longer-term load. It does not predict injury.,yes,Athlete 12,Midfielders,a0012@example.edu
A0012,2026-09-17,550.0,2,full,439.4286,420.5,1.045,444.0,6419.0,23.0,2.0559,ok,24.0,3.2917,yes,,2026-09-15,36.3,-0.06,1.6333,No flag,Within measurement error,-0.0367,0.0367,2.0,ACWR describes how recent load compares with longer-term load. It does not predict injury.,yes,Athlete 12,Midfielders,a0012@example.edu
A0012,2026-09-18,240.0,1,full,448.0,422.6429,1.06,228.0,4093.0,20.0,0.1212,ok,24.0,0.2083,yes,,2026-09-15,36.3,-0.06,1.6333,No flag,Within measurement error,-0.0367,0.0367,3.0,ACWR describes how recent load compares with longer-term load. It does not predict injury.,yes,Athlete 12,Midfielders,a0012@example.edu
A0012,2026-09-19,623.0,1,full,449.0,425.75,1.0546,1012.0,10371.0,19.0,-0.487,ok,24.0,-0.8333,yes,,2026-09-15,36.3,-0.06,1.6333,No flag,Within measurement error,-0.0367,0.0367,4.0,ACWR describes how recent load compares with longer-term load. It does not predict injury.,yes,Athlete 12,Midfielders,a0012@example.edu
A0012,2026-09-20,0.0,0,full,449.0,425.75,1.0546,0.0,0.0,,,no form,,,not expected,,2026-09-15,36.3,-0.06,1.6333,No flag,Within measurement error,-0.0367,0.0367,5.0,ACWR describes how recent load compares with longer-term load. It does not predict injury.,yes,Athlete 12,Midfielders,a0012@example.edu
A0012,2026-09-21,710.0,2,full,444.7143,429.6786,1.035,445.0,6149.0,10.0,-5.6964,ok,24.0,-9.7917,yes,review,2026-09-15,36.3,-0.06,1.6333,No flag,Within measurement error,-0.0367,0.0367,6.0,ACWR describes how recent load compares with longer-term load. It does not predict injury.,yes,Athlete 12,Midfielders,a0012@example.edu
A0012,2026-09-22,450.0,1,full,431.8571,429.6786,1.0051,326.0,5742.0,11.0,-3.2276,ok,24.0,-8.4583,yes,review,2026-09-22,37.1,0.74,1.6333,No flag,Within measurement error,0.4531,-0.4531,0.0,ACWR describes how recent load compares with longer-term load. It does not predict injury.,yes,Athlete 12,Midfielders,a0012@example.edu
A0012,2026-09-23,540.0,1,full,444.7143,429.6786,1.035,402.0,6058.0,14.0,-1.6507,ok,24.0,-5.1667,yes,,2026-09-22,37.1,0.74,1.6333,No flag,Within measurement error,0.4531,-0.4531,1.0,ACWR describes how recent load compares with longer-term load. It does not predict injury.,yes,Athlete 12,Midfielders,a0012@example.edu
A0012,2026-09-24,610.0,2,full,453.2857,426.4643,1.0629,338.0,5680.0,12.0,-2.1295,ok,24.0,-6.7917,yes,review,2026-09-22,37.1,0.74,1.6333,No flag,Within measurement error,0.4531,-0.4531,2.0,ACWR describes how recent load compares with longer-term load. It does not predict injury.,yes,Athlete 12,Midfielders,a0012@example.edu
A0012,2026-09-25,120.0,1,full,436.1429,427.5357,1.0201,208.0,4203.0,10.0,-2.4419,ok,24.0,-8.4583,yes,review,2026-09-22,37.1,0.74,1.6333,No flag,Within measurement error,0.4531,-0.4531,3.0,ACWR describes how recent load compares with longer-term load. It does not predict injury.,yes,Athlete 12,Midfielders,a0012@example.edu
A0012,2026-09-26,504.0,1,full,419.1429,422.6786,0.9916,1277.0,10236.0,13.0,-1.3082,ok,24.0,-5.0,yes,,2026-09-22,37.1,0.74,1.6333,No flag,Within measurement error,0.4531,-0.4531,4.0,ACWR describes how recent load compares with longer-term load. It does not predict injury.,yes,Athlete 12,Midfielders,a0012@example.edu
A0012,2026-09-27,0.0,0,full,419.1429,422.6786,0.9916,0.0,0.0,,,no form,,,not expected,,2026-09-22,37.1,0.74,1.6333,No flag,Within measurement error,0.4531,-0.4531,5.0,ACWR describes how recent load compares with longer-term load. It does not predict injury.,yes,Athlete 12,Midfielders,a0012@example.edu
A0012,2026-09-28,750.0,2,full,424.8571,426.25,0.9967,419.0,7020.0,19.0,0.3568,ok,24.0,1.375,yes,,2026-09-22,37.1,0.74,1.6333,No flag,Within measurement error,0.4531,-0.4531,6.0,ACWR describes how recent load compares with longer-term load. It does not predict injury.,yes,Athlete 12,Midfielders,a0012@example.edu
A0012,2026-09-29,540.0,1,full,437.7143,429.4643,1.0192,359.0,5981.0,21.0,0.8915,ok,24.0,3.4167,yes,,2026-09-29,34.7667,-1.5933,1.6333,No flag,Within measurement error,-0.9755,0.9755,0.0,ACWR describes how recent load compares with longer-term load. It does not predict injury.,yes,Athlete 12,Midfielders,a0012@example.edu
A0012,2026-09-30,630.0,1,full,450.5714,439.1071,1.0261,340.0,6255.0,22.0,1.1151,ok,24.0,4.3333,yes,,2026-09-29,34.7667,-1.5933,1.6333,No flag,Within measurement error,-0.9755,0.9755,1.0,ACWR describes how recent load compares with longer-term load. It does not predict injury.,yes,Athlete 12,Midfielders,a0012@example.edu
A0012,2026-10-01,610.0,2,full,450.5714,439.4643,1.0253,500.0,7260.0,21.0,0.8379,ok,24.0,3.2917,yes,,2026-09-29,34.7667,-1.5933,1.6333,No flag,Within measurement error,-0.9755,0.9755,2.0,ACWR describes how recent load compares with longer-term load. It does not predict injury.,yes,Athlete 12,Midfielders,a0012@example.edu
A0012,2026-10-02,120.0,1,full,450.5714,437.3214,1.0303,263.0,4199.0,21.0,0.7946,ok,24.0,3.1667,yes,,2026-09-29,34.7667,-1.5933,1.6333,No flag,Within measurement error,-0.9755,0.9755,3.0,ACWR describes how recent load compares with longer-term load. It does not predict injury.,yes,Athlete 12,Midfielders,a0012@example.edu
A0012,2026-10-03,680.0,1,full,475.7143,433.3214,1.0978,1005.0,10027.0,18.0,0.0528,ok,24.0,0.2083,yes,,2026-09-29,34.7667,-1.5933,1.6333,No flag,Within measurement error,-0.9755,0.9755,4.0,ACWR describes how recent load compares with longer-term load. It does not predict injury.,yes,Athlete 12,Midfielders,a0012@example.edu
A0013,2026-07-06,460.0,2,full,,,,327.0,5264.0,18.0,,baseline too short,0.0,,yes,,,,,,,,,,,ACWR describes how recent load compares with longer-term load. It does not predict injury.,no,Athlete 13,Midfielders,a0013@example.edu
A0013,2026-07-07,450.0,1,full,,,,251.0,4581.0,19.0,,baseline too short,1.0,,yes,,2026-07-07,41.5333,,,Baseline,Baseline test,,,0.0,ACWR describes how recent load compares with longer-term load. It does not predict injury.,no,Athlete 13,Midfielders,a0013@example.edu
A0013,2026-07-08,450.0,1,full,,,,270.0,4404.0,18.0,,baseline too short,2.0,,yes,,2026-07-07,41.5333,,,Baseline,Baseline test,,,1.0,ACWR describes how recent load compares with longer-term load. It does not predict injury.,no,Athlete 13,Midfielders,a0013@example.edu
A0013,2026-07-09,460.0,2,full,,,,269.0,4816.0,20.0,,baseline too short,3.0,,yes,,2026-07-09,,,,Baseline,Baseline test,,,0.0,ACWR describes how recent load compares with longer-term load. It does not predict injury.,no,Athlete 13,Midfielders,a0013@example.edu
A0013,2026-07-10,240.0,1,full,,,,235.0,3203.0,19.0,,baseline too short,4.0,,yes,,2026-07-09,,,,Baseline,Baseline test,,,1.0,ACWR describes how recent load compares with longer-term load. It does not predict injury.,no,Athlete 13,Midfielders,a0013@example.edu
A0013,2026-07-11,0.0,0,full,,,,0.0,0.0,19.0,,baseline too short,5.0,,yes,,2026-07-09,,,,Baseline,Baseline test,,,2.0,ACWR describes how recent load compares with longer-term load. It does not predict injury.,no,Athlete 13,Midfielders,a0013@example.edu
A0013,2026-07-12,0.0,0,full,294.2857,,,0.0,0.0,,,no form,,,not expected,,2026-07-09,,,,Baseline,Baseline test,,,3.0,ACWR describes how recent load compares with longer-term load. It does not predict injury.,no,Athlete 13,Midfielders,a0013@example.edu
A0013,2026-07-13,650.0,2,full,321.4286,,,329.0,4799.0,22.0,,baseline too short,6.0,,yes,,2026-07-09,,,,Baseline,Baseline test,,,4.0,ACWR describes how recent load compares with longer-term load. It does not predict injury.,no,Athlete 13,Midfielders,a0013@example.edu
A0013,2026-07-14,360.0,1,full,308.5714,,,,,,,no form,,,no,,2026-07-14,41.0667,,,Baseline,Baseline test,,,0.0,ACWR describes how recent load compares with longer-term load. It does not predict injury.,no,Athlete 13,Midfielders,a0013@example.edu
A0013,2026-07-15,450.0,1,full,308.5714,,,250.0,4662.0,,,no form,,,no,,2026-07-14,41.0667,,,Baseline,Baseline test,,,1.0,ACWR describes how recent load compares with longer-term load. It does not predict injury.,no,Athlete 13,Midfielders,a0013@example.edu
A0013,2026-07-16,510.0,2,full,315.7143,,,366.0,5300.0,22.0,,baseline too short,7.0,,yes,,2026-07-14,41.0667,,,Baseline,Baseline test,,,2.0,ACWR describes how recent load compares with longer-term load. It does not predict injury.,no,Athlete 13,Midfielders,a0013@example.edu
A0013,2026-07-17,120.0,1,full,298.5714,,,161.0,2911.0,18.0,,baseline too short,8.0,,yes,,2026-07-14,41.0667,,,Baseline,Baseline test,,,3.0,ACWR describes how recent load compares with longer-term load. It does not predict injury.,no,Athlete 13,Midfielders,a0013@example.edu
A0013,2026-07-18,0.0,0,full,298.5714,,,0.0,0.0,19.0,,baseline too short,9.0,,yes,,2026-07-14,41.0667,,,Baseline,Baseline test,,,4.0,ACWR describes how recent load compares with longer-term load. It does not predict injury.,no,Athlete 13,Midfielders,a0013@example.edu
A0013,2026-07-19,0.0,0,full,298.5714,,,0.0,0.0,,,no form,,,not expected,,2026-07-14,41.0667,,,Baseline,Baseline test,,,5.0,ACWR describes how recent load compares with longer-term load. It does not predict injury.,no,Athlete 13,Midfielders,a0013@example.edu
A0013,2026-07-20,660.0,2,full,300.0,,,478.0,7997.0,18.0,,baseline too short,10.0,,yes,,2026-07-14,41.0667,,,Baseline,Baseline test,,,6.0,ACWR describes how recent load compares with longer-term load. It does not predict injury.,no,Athlete 13,Midfielders,a0013@example.edu
A0013,2026-07-21,630.0,1,full,338.5714,,,496.0,8503.0,20.0,,baseline too short,11.0,,yes,,2026-07-21,41.3667,,,Baseline,Baseline test,,,0.0,ACWR describes how recent load compares with longer-term load. It does not predict injury.,no,Athlete 13,Midfielders,a0013@example.edu
A0013,2026-07-22,630.0,1,full,364.2857,,,457.0,8131.0,20.0,,baseline too short,12.0,,yes,,2026-07-21,41.3667,,,Baseline,Baseline test,,,1.0,ACWR describes how recent load compares with longer-term load. It does not predict injury.,no,Athlete 13,Midfielders,a0013@example.edu
A0013,2026-07-23,880.0,2,full,417.1429,,,429.0,7232.0,21.0,,baseline too short,13.0,,yes,,2026-07-21,41.3667,,,Baseline,Baseline test,,,2.0,ACWR describes how recent load compares with longer-term load. It does not predict injury.,no,Athlete 13,Midfielders,a0013@example.edu
A0013,2026-07-24,240.0,1,full,434.2857,,,313.0,5449.0,20.0,0.357,ok,14.0,0.5,yes,,2026-07-21,41.3667,,,Baseline,Baseline test,,,3.0,ACWR describes how recent load compares with longer-term load. It does not predict injury.,no,Athlete 13,Midfielders,a0013@example.edu
A0013,2026-07-25,0.0,0,full,434.2857,,,0.0,0.0,,,no form,,,no,,2026-07-21,41.3667,,,Baseline,Baseline test,,,4.0,ACWR describes how recent load compares with longer-term load. It does not predict injury.,no,Athlete 13,Midfielders,a0013@example.edu
A0013,2026-07-26,0.0,0,full,434.2857,,,0.0,0.0,,,no form,,,not expected,,2026-07-21,41.3667,,,Baseline,Baseline test,,,5.0,ACWR describes how recent load compares with longer-term load. It does not predict injury.,no,Athlete 13,Midfielders,a0013@example.edu
A0013,2026-07-27,520.0,2,full,414.2857,,,335.0,6593.0,22.0,1.8194,ok,15.0,2.4667,yes,,2026-07-21,41.3667,,,Baseline,Baseline test,,,6.0,ACWR describes how recent load compares with longer-term load. It does not predict injury.,no,Athlete 13,Midfielders,a0013@example.edu
A0013,2026-07-28,540.0,1,full,401.4286,,,335.0,6452.0,20.0,0.2159,ok,16.0,0.3125,yes,,2026-07-28,41.4,,,Baseline,Baseline test,,,0.0,ACWR describes how recent load compares with longer-term load. It does not predict injury.,no,Athlete 13,Midfielders,a0013@example.edu
A0013,2026-07-29,450.0,1,full,375.7143,,,,,22.0,1.6342,ok,17.0,2.2941,yes,,2026-07-28,41.4,,,Baseline,Baseline test,,,1.0,ACWR describes how recent load compares with longer-term load. It does not predict injury.,no,Athlete 13,Midfielders,a0013@example.edu
A0013,2026-07-30,650.0,2,full,342.8571,,,319.0,5987.0,19.0,-0.5687,ok,18.0,-0.8333,yes,,2026-07-28,41.4,,,Baseline,Baseline test,,,2.0,ACWR describes how recent load compares with longer-term load. It does not predict injury.,no,Athlete 13,Midfielders,a0013@example.edu
A0013,2026-07-31,120.0,1,full,325.7143,,,209.0,4006.0,19.0,-0.5495,ok,19.0,-0.7895,yes,,2026-07-28,41.4,,,Baseline,Baseline test,,,3.0,ACWR describes how recent load compares with longer-term load. It does not predict injury.,no,Athlete 13,Midfielders,a0013@example.edu
A0013,2026-08-01,0.0,0,full,325.7143,,,0.0,0.0,18.0,-1.2415,ok,20.0,-1.75,yes,,2026-07-28,41.4,,,Baseline,Baseline test,,,4.0,ACWR describes how recent load compares with longer-term load. It does not predict injury.,no,Athlete 13,Midfielders,a0013@example.edu
A0013,2026-08-02,0.0,0,full,325.7143,338.2143,0.963,0.0,0.0,,,no form,,,not expected,,2026-07-28,41.4,,,Baseline,Baseline test,,,5.0,ACWR describes how recent load compares with longer-term load. It does not predict injury.,no,Athlete 13,Midfielders,a0013@example.edu
A0013,2026-08-03,560.0,2,full,331.4286,341.7857,0.9697,355.0,6482.0,20.0,0.2338,ok,21.0,0.3333,yes,,2026-07-28,41.4,,,Baseline,Baseline test,,,6.0,ACWR describes how recent load compares with longer-term load. It does not predict injury.,no,Athlete 13,Midfielders,a0013@example.edu
A0013,2026-08-04,540.0,1,full,331.4286,345.0,0.9607,362.0,6456.0,21.0,0.9005,ok,21.0,1.2381,yes,,2026-08-04,41.2667,-0.075,1.667,No flag,Within measurement error,-0.045,0.045,0.0,ACWR describes how recent load compares with longer-term load. It does not predict injury.,no,Athlete 13,Midfielders,a0013@example.edu
A0013,2026-08-05,450.0,1,full,331.4286,345.0,0.9607,392.0,5892.0,18.0,-1.3373,ok,21.0,-1.8571,yes,,2026-08-04,41.2667,-0.075,1.667,No flag,Within measurement error,-0.045,0.045,1.0,ACWR describes how recent load compares with longer-term load. It does not predict injury.,no,Athlete 13,Midfielders,a0013@example.edu
A0013,2026-08-06,650.0,2,full,331.4286,351.7857,0.9421,441.0,6623.0,19.0,-0.6172,ok,21.0,-0.8571,yes,,2026-08-04,41.2667,-0.075,1.667,No flag,Within measurement error,-0.045,0.045,2.0,ACWR describes how recent load compares with longer-term load. It does not predict injury.,no,Athlete 13,Midfielders,a0013@example.edu
A0013,2026-08-07,180.0,1,full,340.0,349.6429,0.9724,253.0,3868.0,22.0,1.5639,ok,21.0,2.1905,yes,,2026-08-04,41.2667,-0.075,1.667,No flag,Within measurement error,-0.045,0.045,3.0,ACWR describes how recent load compares with longer-term load. It does not predict injury.,no,Athlete 13,Midfielders,a0013@example.edu
A0013,2026-08-08,0.0,0,full,340.0,349.6429,0.9724,0.0,0.0,19.0,-0.6499,ok,21.0,-0.9524,yes,,2026-08-04,41.2667,-0.075,1.667,No flag,Within measurement error,-0.045,0.045,4.0,ACWR describes how recent load compares with longer-term load. It does not predict injury.,no,Athlete 13,Midfielders,a0013@example.edu
A0013,2026-08-09,0.0,0,full,340.0,349.6429,0.9724,0.0,0.0,,,no form,,,not expected,,2026-08-04,41.2667,-0.075,1.667,No flag,Within measurement error,-0.045,0.045,5.0,ACWR describes how recent load compares with longer-term load. It does not predict injury.,no,Athlete 13,Midfielders,a0013@example.edu
A0013,2026-08-10,600.0,2,full,345.7143,347.8571,0.9938,367.0,6136.0,19.0,-0.6499,ok,21.0,-0.9524,yes,,2026-08-04,41.2667,-0.075,1.667,No flag,Within measurement error,-0.045,0.045,6.0,ACWR describes how recent load compares with longer-term load. It does not predict injury.,no,Athlete 13,Midfielders,a0013@example.edu
A0013,2026-08-11,450.0,1,full,332.8571,351.0714,0.9481,492.0,7016.0,17.0,-2.0058,ok,21.0,-2.8095,yes,review,2026-08-11,41.4667,0.125,1.667,No flag,Within measurement error,0.075,-0.075,0.0,ACWR describes how recent load compares with longer-term load. It does not predict injury.,no,Athlete 13,Midfielders,a0013@example.edu
A0013,2026-08-12,540.0,1,full,345.7143,354.2857,0.9758,384.0,6150.0,18.0,-1.1269,ok,22.0,-1.6818,yes,,2026-08-11,41.4667,0.125,1.667,No flag,Within measurement error,0.075,-0.075,1.0,ACWR describes how recent load compares with longer-term load. It does not predict injury.,no,Athlete 13,Midfielders,a0013@example.edu
A0013,2026-08-13,740.0,2,full,358.5714,362.5,0.9892,329.0,5975.0,,,no form,,,no,,2026-08-11,41.4667,0.125,1.667,No flag,Within measurement error,0.075,-0.075,2.0,ACWR describes how recent load compares with longer-term load. It does not predict injury.,no,Athlete 13,Midfielders,a0013@example.edu
A0013,2026-08-14,120.0,1,full,350.0,362.5,0.9655,210.0,3967.0,21.0,1.0422,ok,22.0,1.5,yes,,2026-08-11,41.4667,0.125,1.667,No flag,Within measurement error,0.075,-0.075,3.0,ACWR describes how recent load compares with longer-term load. It does not predict injury.,no,Athlete 13,Midfielders,a0013@example.edu
A0013,2026-08-15,0.0,0,full,350.0,362.5,0.9655,0.0,0.0,,,no form,,,no,,2026-08-11,41.4667,0.125,1.667,No flag,Within measurement error,0.075,-0.075,4.0,ACWR describes how recent load compares with longer-term load. It does not predict injury.,no,Athlete 13,Midfielders,a0013@example.edu
A0013,2026-08-16,0.0,0,full,350.0,362.5,0.9655,0.0,0.0,,,no form,,,not expected,,2026-08-11,41.4667,0.125,1.667,No flag,Within measurement error,0.075,-0.075,5.0,ACWR describes how recent load compares with longer-term load. It does not predict injury.,no,Athlete 13,Midfielders,a0013@example.edu
A0013,2026-08-17,650.0,2,full,357.1429,362.1429,0.9862,305.0,5927.0,22.0,1.5975,ok,21.0,2.3333,yes,,2026-08-11,41.4667,0.125,1.667,No flag,Within measurement error,0.075,-0.075,6.0,ACWR describes how recent load compares with longer-term load. It does not predict injury.,no,Athlete 13,Midfielders,a0013@example.edu
A0013,2026-08-18,630.0,1,full,382.8571,362.1429,1.0572,470.0,6481.0,22.0,1.4354,ok,21.0,2.1429,yes,,2026-08-18,41.7,0.3583,1.667,No flag,Within measurement error,0.215,-0.215,0.0,ACWR describes how recent load compares with longer-term load. It does not predict injury.,no,Athlete 13,Midfielders,a0013@example.edu
A0013,2026-08-19,360.0,1,full,357.1429,352.5,1.0132,,,19.0,-0.6087,ok,21.0,-0.9524,yes,,2026-08-18,41.7,0.3583,1.667,No flag,Within measurement error,0.215,-0.215,1.0,ACWR describes how recent load compares with longer-term load. It does not predict injury.,no,Athlete 13,Midfielders,a0013@example.edu
A0013,2026-08-20,470.0,2,full,318.5714,337.8571,0.9429,347.0,6506.0,22.0,1.3277,ok,21.0,2.0952,yes,,2026-08-18,41.7,0.3583,1.667,No flag,Within measurement error,0.215,-0.215,2.0,ACWR describes how recent load compares with longer-term load. It does not predict injury.,no,Athlete 13,Midfielders,a0013@example.edu
A0013,2026-08-21,240.0,1,full,335.7143,337.8571,0.9937,230.0,4377.0,21.0,0.6438,ok,21.0,1.0476,yes,,2026-08-18,41.7,0.3583,1.667,No flag,Within measurement error,0.215,-0.215,3.0,ACWR describes how recent load compares with longer-term load. It does not predict injury.,no,Athlete 13,Midfielders,a0013@example.edu
A0013,2026-08-22,648.0,1,full,428.2857,361.0,1.1864,735.0,8803.0,20.0,0.0,ok,21.0,0.0,yes,,2026-08-18,41.7,0.3583,1.667,No flag,Within measurement error,0.215,-0.215,4.0,ACWR describes how recent load compares with longer-term load. It does not predict injury.,no,Athlete 13,Midfielders,a0013@example.edu
A0013,2026-08-23,0.0,0,full,428.2857,361.0,1.1864,0.0,0.0,,,no form,,,not expected,,2026-08-18,41.7,0.3583,1.667,No flag,Within measurement error,0.215,-0.215,5.0,ACWR describes how recent load compares with longer-term load. It does not predict injury.,no,Athlete 13,Midfielders,a0013@example.edu
A0013,2026-08-24,880.0,2,full,461.1429,373.8571,1.2335,390.0,5724.0,20.0,0.0,ok,22.0,0.0,yes,,2026-08-18,41.7,0.3583,1.667,No flag,Within measurement error,0.215,-0.215,6.0,ACWR describes how recent load compares with longer-term load. It does not predict injury.,no,Athlete 13,Midfielders,a0013@example.edu
A0013,2026-08-25,540.0,1,full,448.2857,373.8571,1.1991,327.0,6066.0,,,no form,,,no,,2026-08-25,39.6667,-1.675,1.667,Noted,Larger than measurement error; may or may not be worthwhile,-1.0048,1.0048,0.0,ACWR describes how recent load compares with longer-term load. It does not predict injury.,no,Athlete 13,Midfielders,a0013@example.edu
A0013,2026-08-26,360.0,1,full,448.2857,370.6429,1.2095,383.0,6058.0,19.0,-0.5733,ok,21.0,-0.9048,yes,,2026-08-25,39.6667,-1.675,1.667,Noted,Larger than measurement error; may or may not be worthwhile,-1.0048,1.0048,1.0,ACWR describes how recent load compares with longer-term load. It does not predict injury.,no,Athlete 13,Midfielders,a0013@example.edu
A0013,2026-08-27,650.0,2,full,474.0,370.6429,1.2789,,,17.0,-1.8249,ok,21.0,-2.7619,yes,,2026-08-25,39.6667,-1.675,1.667,Noted,Larger than measurement error; may or may not be worthwhile,-1.0048,1.0048,2.0,ACWR describes how recent load compares with longer-term load. It does not predict injury.,no,Athlete 13,Midfielders,a0013@example.edu
A0013,2026-08-28,240.0,1,full,474.0,374.9286,1.2642,297.0,4079.0,20.0,0.2054,ok,21.0,0.3333,yes,,2026-08-25,39.6667,-1.675,1.667,Noted,Larger than measurement error; may or may not be worthwhile,-1.0048,1.0048,3.0,ACWR describes how recent load compares with longer-term load. It does not predict injury.,no,Athlete 13,Midfielders,a0013@example.edu
A0013,2026-08-29,570.0,1,full,462.8571,395.2857,1.1709,997.0,10707.0,19.0,-0.4418,ok,21.0,-0.7143,yes,,2026-08-25,39.6667,-1.675,1.667,Noted,Larger than measurement error; may or may not be worthwhile,-1.0048,1.0048,4.0,ACWR describes how recent load compares with longer-term load. It does not predict injury.,no,Athlete 13,Midfielders,a0013@example.edu
A0013,2026-08-30,0.0,0,full,462.8571,395.2857,1.1709,0.0,0.0,,,no form,,,not expected,,2026-08-25,39.6667,-1.675,1.667,Noted,Larger than measurement error; may or may not be worthwhile,-1.0048,1.0048,5.0,ACWR describes how recent load compares with longer-term load. It does not predict injury.,no,Athlete 13,Midfielders,a0013@example.edu
A0013,2026-08-31,560.0,2,full,417.1429,395.2857,1.0553,367.0,5887.0,18.0,-1.1165,ok,21.0,-1.7619,yes,,2026-08-25,39.6667,-1.675,1.667,Noted,Larger than measurement error; may or may not be worthwhile,-1.0048,1.0048,6.0,ACWR describes how recent load compares with longer-term load. It does not predict injury.,no,Athlete 13,Midfielders,a0013@example.edu
A0013,2026-09-01,450.0,1,full,404.2857,392.0714,1.0312,290.0,5934.0,18.0,-1.0271,ok,21.0,-1.6667,yes,,2026-09-01,41.4333,0.0917,1.667,No flag,Within measurement error,0.055,-0.055,0.0,ACWR describes how recent load compares with longer-term load. It does not predict injury.,no,Athlete 13,Midfielders,a0013@example.edu
A0013,2026-09-02,450.0,1,full,417.1429,392.0714,1.0639,316.0,5966.0,19.0,-0.3211,ok,21.0,-0.5238,yes,,2026-09-01,41.4333,0.0917,1.667,No flag,Within measurement error,0.055,-0.055,1.0,ACWR describes how recent load compares with longer-term load. It does not predict injury.,no,Athlete 13,Midfielders,a0013@example.edu
A0013,2026-09-03,420.0,2,full,384.2857,383.8571,1.0011,377.0,6054.0,20.0,0.268,ok,21.0,0.4286,yes,,2026-09-01,41.4333,0.0917,1.667,No flag,Within measurement error,0.055,-0.055,2.0,ACWR describes how recent load compares with longer-term load. It does not predict injury.,no,Athlete 13,Midfielders,a0013@example.edu
A0013,2026-09-04,180.0,1,full,375.7143,383.8571,0.9788,238.0,3927.0,18.0,-1.0144,ok,21.0,-1.619,yes,,2026-09-01,41.4333,0.0917,1.667,No flag,Within measurement error,0.055,-0.055,3.0,ACWR describes how recent load compares with longer-term load. It does not predict injury.,no,Athlete 13,Midfielders,a0013@example.edu
A0013,2026-09-05,427.0,1,full,355.2857,399.1071,0.8902,587.0,7193.0,21.0,1.0235,ok,21.0,1.5714,yes,,2026-09-01,41.4333,0.0917,1.667,No flag,Within measurement error,0.055,-0.055,4.0,ACWR describes how recent load compares with longer-term load. It does not predict injury.,no,Athlete 13,Midfielders,a0013@example.edu
A0013,2026-09-06,0.0,0,full,355.2857,399.1071,0.8902,0.0,0.0,,,no form,,,not expected,,2026-09-01,41.4333,0.0917,1.667,No flag,Within measurement error,0.055,-0.055,5.0,ACWR describes how recent load compares with longer-term load. It does not predict injury.,yes,Athlete 13,Midfielders,a0013@example.edu
A0013,2026-09-07,510.0,2,full,348.1429,395.8929,0.8794,349.0,5427.0,17.0,-1.6085,ok,21.0,-2.5238,yes,,2026-09-01,41.4333,0.0917,1.667,No flag,Within measurement error,0.055,-0.055,6.0,ACWR describes how recent load compares with longer-term load. It does not predict injury.,yes,Athlete 13,Midfielders,a0013@example.edu
A0013,2026-09-08,450.0,1,full,348.1429,395.8929,0.8794,390.0,6586.0,19.0,-0.2581,ok,21.0,-0.4286,yes,,2026-09-08,41.8,0.4583,1.667,No flag,Within measurement error,0.2749,-0.2749,0.0,ACWR describes how recent load compares with longer-term load. It does not predict injury.,yes,Athlete 13,Midfielders,a0013@example.edu
A0013,2026-09-09,450.0,1,full,348.1429,392.6786,0.8866,410.0,6333.0,20.0,0.3035,ok,21.0,0.4762,yes,,2026-09-08,41.8,0.4583,1.667,No flag,Within measurement error,0.2749,-0.2749,1.0,ACWR describes how recent load compares with longer-term load. It does not predict injury.,yes,Athlete 13,Midfielders,a0013@example.edu
A0013,2026-09-10,610.0,2,full,375.2857,388.0357,0.9671,466.0,6125.0,19.0,-0.404,ok,21.0,-0.619,yes,,2026-09-08,41.8,0.4583,1.667,No flag,Within measurement error,0.2749,-0.2749,2.0,ACWR describes how recent load compares with longer-term load. It does not predict injury.,yes,Athlete 13,Midfielders,a0013@example.edu
A0013,2026-09-11,120.0,1,full,366.7143,388.0357,0.9451,271.0,4002.0,21.0,0.9387,ok,22.0,1.4091,yes,,2026-09-08,41.8,0.4583,1.667,No flag,Within measurement error,0.2749,-0.2749,3.0,ACWR describes how recent load compares with longer-term load. It does not predict injury.,yes,Athlete 13,Midfielders,a0013@example.edu
A0013,2026-09-12,574.0,1,full,387.7143,408.5357,0.949,1026.0,10044.0,20.0,0.2725,ok,22.0,0.4091,yes,,2026-09-08,41.8,0.4583,1.667,No flag,Within measurement error,0.2749,-0.2749,4.0,ACWR describes how recent load compares with longer-term load. It does not predict injury.,yes,Athlete 13,Midfielders,a0013@example.edu
A0013,2026-09-13,0.0,0,full,387.7143,408.5357,0.949,0.0,0.0,,,no form,,,not expected,,2026-09-08,41.8,0.4583,1.667,No flag,Within measurement error,0.2749,-0.2749,5.0,ACWR describes how recent load compares with longer-term load. It does not predict injury.,yes,Athlete 13,Midfielders,a0013@example.edu
A0013,2026-09-14,700.0,2,full,414.8571,410.3214,1.0111,371.0,6005.0,18.0,-1.0951,ok,23.0,-1.6087,yes,,2026-09-08,41.8,0.4583,1.667,No flag,Within measurement error,0.2749,-0.2749,6.0,ACWR describes how recent load compares with longer-term load. It does not predict injury.,yes,Athlete 13,Midfielders,a0013@example.edu
A0013,2026-09-15,450.0,1,full,414.8571,403.8929,1.0271,436.0,5928.0,19.0,-0.3087,ok,23.0,-0.4348,yes,,2026-09-15,41.2,-0.1417,1.667,No flag,Within measurement error,-0.085,0.085,0.0,ACWR describes how recent load compares with longer-term load. It does not predict injury.,yes,Athlete 13,Midfielders,a0013@example.edu
A0013,2026-09-16,450.0,1,full,414.8571,407.1071,1.019,324.0,6096.0,,,no form,,,no,,2026-09-15,41.2,-0.1417,1.667,No flag,Within measurement error,-0.085,0.085,1.0,ACWR describes how recent load compares with longer-term load. It does not predict injury.,yes,Athlete 13,Midfielders,a0013@example.edu
A0013,2026-09-17,610.0,2,full,414.8571,412.1071,1.0067,368.0,6012.0,22.0,2.0266,ok,22.0,2.6818,yes,,2026-09-15,41.2,-0.1417,1.667,No flag,Within measurement error,-0.085,0.085,2.0,ACWR describes how recent load compares with longer-term load. It does not predict injury.,yes,Athlete 13,Midfielders,a0013@example.edu
A0013,2026-09-18,180.0,1,full,423.4286,409.9643,1.0328,244.0,3707.0,20.0,0.5152,ok,22.0,0.6818,yes,,2026-09-15,41.2,-0.1417,1.667,No flag,Within measurement error,-0.085,0.085,3.0,ACWR describes how recent load compares with longer-term load. It does not predict injury.,yes,Athlete 13,Midfielders,a0013@example.edu
A0013,2026-09-19,546.0,1,full,419.4286,406.3214,1.0323,733.0,8551.0,,,no form,,,no,,2026-09-15,41.2,-0.1417,1.667,No flag,Within measurement error,-0.085,0.085,4.0,ACWR describes how recent load compares with longer-term load. It does not predict injury.,yes,Athlete 13,Midfielders,a0013@example.edu
A0013,2026-09-20,0.0,0,full,419.4286,406.3214,1.0323,0.0,0.0,,,no form,,,not expected,,2026-09-15,41.2,-0.1417,1.667,No flag,Within measurement error,-0.085,0.085,5.0,ACWR describes how recent load compares with longer-term load. It does not predict injury.,yes,Athlete 13,Midfielders,a0013@example.edu
A0013,2026-09-21,650.0,2,full,412.2857,398.1071,1.0356,379.0,5508.0,17.0,-1.7214,ok,21.0,-2.2381,yes,,2026-09-15,41.2,-0.1417,1.667,No flag,Within measurement error,-0.085,0.085,6.0,ACWR describes how recent load compares with longer-term load. It does not predict injury.,yes,Athlete 13,Midfielders,a0013@example.edu
A0013,2026-09-22,450.0,1,full,412.2857,394.8929,1.044,313.0,6360.0,19.0,-0.0693,ok,21.0,-0.0952,yes,,2026-09-22,41.7,0.3583,1.667,No flag,Within measurement error,0.215,-0.215,0.0,ACWR describes how recent load compares with longer-term load. It does not predict injury.,yes,Athlete 13,Midfielders,a0013@example.edu
A0013,2026-09-23,450.0,1,full,412.2857,398.1071,1.0356,452.0,6687.0,,,no form,,,no,,2026-09-22,41.7,0.3583,1.667,No flag,Within measurement error,0.215,-0.215,1.0,ACWR describes how recent load compares with longer-term load. It does not predict injury.,yes,Athlete 13,Midfielders,a0013@example.edu
A0013,2026-09-24,510.0,2,full,398.0,393.1071,1.0124,432.0,6197.0,20.0,0.658,ok,21.0,0.9048,yes,,2026-09-22,41.7,0.3583,1.667,No flag,Within measurement error,0.215,-0.215,2.0,ACWR describes how recent load compares with longer-term load. It does not predict injury.,yes,Athlete 13,Midfielders,a0013@example.edu
A0013,2026-09-25,240.0,1,full,406.5714,393.1071,1.0343,158.0,3976.0,22.0,2.1242,ok,21.0,2.7619,yes,,2026-09-22,41.7,0.3583,1.667,No flag,Within measurement error,0.215,-0.215,3.0,ACWR describes how recent load compares with longer-term load. It does not predict injury.,yes,Athlete 13,Midfielders,a0013@example.edu
A0013,2026-09-26,344.0,1,full,377.7143,385.0357,0.981,518.0,5269.0,20.0,0.4675,ok,21.0,0.6667,yes,,2026-09-22,41.7,0.3583,1.667,No flag,Within measurement error,0.215,-0.215,4.0,ACWR describes how recent load compares with longer-term load. It does not predict injury.,yes,Athlete 13,Midfielders,a0013@example.edu
A0013,2026-09-27,0.0,0,full,377.7143,385.0357,0.981,0.0,0.0,,,no form,,,not expected,,2026-09-22,41.7,0.3583,1.667,No flag,Within measurement error,0.215,-0.215,5.0,ACWR describes how recent load compares with longer-term load. It does not predict injury.,yes,Athlete 13,Midfielders,a0013@example.edu
A0013,2026-09-28,790.0,2,full,397.7143,393.25,1.0114,350.0,5752.0,16.0,-2.3627,ok,21.0,-3.381,yes,review,2026-09-22,41.7,0.3583,1.667,No flag,Within measurement error,0.215,-0.215,6.0,ACWR describes how recent load compares with longer-term load. It does not predict injury.,yes,Athlete 13,Midfielders,a0013@example.edu
A0013,2026-09-29,450.0,1,full,397.7143,393.25,1.0114,427.0,5960.0,19.0,-0.1802,ok,21.0,-0.2857,yes,,2026-09-29,42.2333,0.8917,1.667,No flag,Within measurement error,0.5349,-0.5349,0.0,ACWR describes how recent load compares with longer-term load. It does not predict injury.,yes,Athlete 13,Midfielders,a0013@example.edu
A0013,2026-09-30,360.0,1,full,384.8571,390.0357,0.9867,314.0,5935.0,20.0,0.4274,ok,21.0,0.6667,yes,,2026-09-29,42.2333,0.8917,1.667,No flag,Within measurement error,0.5349,-0.5349,1.0,ACWR describes how recent load compares with longer-term load. It does not predict injury.,yes,Athlete 13,Midfielders,a0013@example.edu
A0013,2026-10-01,560.0,2,full,392.0,395.0357,0.9923,230.0,5715.0,19.0,-0.2435,ok,21.0,-0.381,yes,,2026-09-29,42.2333,0.8917,1.667,No flag,Within measurement error,0.5349,-0.5349,2.0,ACWR describes how recent load compares with longer-term load. It does not predict injury.,yes,Athlete 13,Midfielders,a0013@example.edu
A0013,2026-10-02,180.0,1,full,383.4286,395.0357,0.9706,169.0,4341.0,,,no form,,,no,,2026-09-29,42.2333,0.8917,1.667,No flag,Within measurement error,0.5349,-0.5349,3.0,ACWR describes how recent load compares with longer-term load. It does not predict injury.,yes,Athlete 13,Midfielders,a0013@example.edu
A0013,2026-10-03,736.0,1,full,439.4286,406.0714,1.0821,1334.0,12052.0,17.0,-1.5292,ok,20.0,-2.4,yes,,2026-09-29,42.2333,0.8917,1.667,No flag,Within measurement error,0.5349,-0.5349,4.0,ACWR describes how recent load compares with longer-term load. It does not predict injury.,yes,Athlete 13,Midfielders,a0013@example.edu
A0014,2026-07-06,470.0,2,full,,,,288.0,4891.0,21.0,,baseline too short,0.0,,yes,,,,,,,,,,,ACWR describes how recent load compares with longer-term load. It does not predict injury.,no,Athlete 14,Midfielders,a0014@example.edu
A0014,2026-07-07,450.0,1,full,,,,326.0,4854.0,20.0,,baseline too short,1.0,,yes,,2026-07-07,33.6333,,,Baseline,Baseline test,,,0.0,ACWR describes how recent load compares with longer-term load. It does not predict injury.,no,Athlete 14,Midfielders,a0014@example.edu
A0014,2026-07-08,270.0,1,full,,,,218.0,5226.0,21.0,,baseline too short,2.0,,yes,,2026-07-07,33.6333,,,Baseline,Baseline test,,,1.0,ACWR describes how recent load compares with longer-term load. It does not predict injury.,no,Athlete 14,Midfielders,a0014@example.edu
A0014,2026-07-09,420.0,2,full,,,,287.0,5022.0,17.0,,baseline too short,3.0,,yes,,2026-07-09,33.9333,,,Baseline,Baseline test,,,0.0,ACWR describes how recent load compares with longer-term load. It does not predict injury.,no,Athlete 14,Midfielders,a0014@example.edu
A0014,2026-07-10,120.0,1,full,,,,258.0,3332.0,19.0,,baseline too short,4.0,,yes,,2026-07-09,33.9333,,,Baseline,Baseline test,,,1.0,ACWR describes how recent load compares with longer-term load. It does not predict injury.,no,Athlete 14,Midfielders,a0014@example.edu
A0014,2026-07-11,0.0,0,full,,,,0.0,0.0,19.0,,baseline too short,5.0,,yes,,2026-07-09,33.9333,,,Baseline,Baseline test,,,2.0,ACWR describes how recent load compares with longer-term load. It does not predict injury.,no,Athlete 14,Midfielders,a0014@example.edu
A0014,2026-07-12,0.0,0,full,247.1429,,,0.0,0.0,,,no form,,,not expected,,2026-07-09,33.9333,,,Baseline,Baseline test,,,3.0,ACWR describes how recent load compares with longer-term load. It does not predict injury.,no,Athlete 14,Midfielders,a0014@example.edu
A0014,2026-07-13,470.0,2,full,247.1429,,,289.0,4816.0,,,no form,,,no,,2026-07-09,33.9333,,,Baseline,Baseline test,,,4.0,ACWR describes how recent load compares with longer-term load. It does not predict injury.,no,Athlete 14,Midfielders,a0014@example.edu
A0014,2026-07-14,270.0,1,full,221.4286,,,216.0,4696.0,18.0,,baseline too short,6.0,,yes,,2026-07-14,33.5667,,,Baseline,Baseline test,,,0.0,ACWR describes how recent load compares with longer-term load. It does not predict injury.,no,Athlete 14,Midfielders,a0014@example.edu
A0014,2026-07-15,360.0,1,full,234.2857,,,330.0,5495.0,18.0,,baseline too short,7.0,,yes,,2026-07-14,33.5667,,,Baseline,Baseline test,,,1.0,ACWR describes how recent load compares with longer-term load. It does not predict injury.,no,Athlete 14,Midfielders,a0014@example.edu
A0014,2026-07-16,560.0,2,full,254.2857,,,323.0,5167.0,20.0,,baseline too short,8.0,,yes,,2026-07-14,33.5667,,,Baseline,Baseline test,,,2.0,ACWR describes how recent load compares with longer-term load. It does not predict injury.,no,Athlete 14,Midfielders,a0014@example.edu
A0014,2026-07-17,120.0,1,full,254.2857,,,182.0,3110.0,20.0,,baseline too short,9.0,,yes,,2026-07-14,33.5667,,,Baseline,Baseline test,,,3.0,ACWR describes how recent load compares with longer-term load. It does not predict injury.,no,Athlete 14,Midfielders,a0014@example.edu
A0014,2026-07-18,0.0,0,full,254.2857,,,0.0,0.0,20.0,,baseline too short,10.0,,yes,,2026-07-14,33.5667,,,Baseline,Baseline test,,,4.0,ACWR describes how recent load compares with longer-term load. It does not predict injury.,no,Athlete 14,Midfielders,a0014@example.edu
A0014,2026-07-19,0.0,0,full,254.2857,,,0.0,0.0,,,no form,,,not expected,,2026-07-14,33.5667,,,Baseline,Baseline test,,,5.0,ACWR describes how recent load compares with longer-term load. It does not predict injury.,no,Athlete 14,Midfielders,a0014@example.edu
A0014,2026-07-20,,2,full,,,,502.0,8402.0,18.0,,baseline too short,11.0,,yes,,2026-07-14,33.5667,,,Baseline,Baseline test,,,6.0,ACWR describes how recent load compares with longer-term load. It does not predict injury.,no,Athlete 14,Midfielders,a0014@example.edu
A0014,2026-07-21,540.0,1,full,,,,536.0,8230.0,18.0,,baseline too short,12.0,,yes,,2026-07-21,34.0667,,,Baseline,Baseline test,,,0.0,ACWR describes how recent load compares with longer-term load. It does not predict injury.,no,Athlete 14,Midfielders,a0014@example.edu
A0014,2026-07-22,270.0,1,modified,,,,145.0,4107.0,17.0,,baseline too short,13.0,,yes,,2026-07-21,34.0667,,,Baseline,Baseline test,,,1.0,ACWR describes how recent load compares with longer-term load. It does not predict injury.,no,Athlete 14,Midfielders,a0014@example.edu
A0014,2026-07-23,880.0,2,full,,,,494.0,7750.0,21.0,1.472,ok,14.0,2.0,yes,,2026-07-21,34.0667,,,Baseline,Baseline test,,,2.0,ACWR describes how recent load compares with longer-term load. It does not predict injury.,no,Athlete 14,Midfielders,a0014@example.edu
A0014,2026-07-24,360.0,1,full,,,,476.0,6124.0,19.0,-0.0947,ok,15.0,-0.1333,yes,,2026-07-21,34.0667,,,Baseline,Baseline test,,,3.0,ACWR describes how recent load compares with longer-term load. It does not predict injury.,no,Athlete 14,Midfielders,a0014@example.edu
A0014,2026-07-25,0.0,0,full,,,,0.0,0.0,18.0,-0.8271,ok,16.0,-1.125,yes,,2026-07-21,34.0667,,,Baseline,Baseline test,,,4.0,ACWR describes how recent load compares with longer-term load. It does not predict injury.,no,Athlete 14,Midfielders,a0014@example.edu
A0014,2026-07-26,0.0,0,full,,,,0.0,0.0,,,no form,,,not expected,,2026-07-21,34.0667,,,Baseline,Baseline test,,,5.0,ACWR describes how recent load compares with longer-term load. It does not predict injury.,no,Athlete 14,Midfielders,a0014@example.edu
A0014,2026-07-27,750.0,2,full,400.0,,,425.0,6972.0,20.0,0.6998,ok,17.0,0.9412,yes,,2026-07-21,34.0667,,,Baseline,Baseline test,,,6.0,ACWR describes how recent load compares with longer-term load. It does not predict injury.,no,Athlete 14,Midfielders,a0014@example.edu
A0014,2026-07-28,540.0,1,full,400.0,,,406.0,7173.0,21.0,1.4272,ok,18.0,1.8889,yes,,2026-07-28,34.3333,,,Baseline,Baseline test,,,0.0,ACWR describes how recent load compares with longer-term load. It does not predict injury.,no,Athlete 14,Midfielders,a0014@example.edu
A0014,2026-07-29,540.0,1,full,438.5714,,,450.0,6847.0,19.0,-0.1551,ok,19.0,-0.2105,yes,,2026-07-28,34.3333,,,Baseline,Baseline test,,,1.0,ACWR describes how recent load compares with longer-term load. It does not predict injury.,no,Athlete 14,Midfielders,a0014@example.edu
A0014,2026-07-30,700.0,2,full,412.8571,,,436.0,7547.0,19.0,-0.1513,ok,20.0,-0.2,yes,,2026-07-28,34.3333,,,Baseline,Baseline test,,,2.0,ACWR describes how recent load compares with longer-term load. It does not predict injury.,no,Athlete 14,Midfielders,a0014@example.edu
A0014,2026-07-31,240.0,1,full,395.7143,,,335.0,4554.0,19.0,-0.1478,ok,21.0,-0.1905,yes,,2026-07-28,34.3333,,,Baseline,Baseline test,,,3.0,ACWR describes how recent load compares with longer-term load. It does not predict injury.,no,Athlete 14,Midfielders,a0014@example.edu
A0014,2026-08-01,0.0,0,full,395.7143,,,0.0,0.0,,,no form,,,no,,2026-07-28,34.3333,,,Baseline,Baseline test,,,4.0,ACWR describes how recent load compares with longer-term load. It does not predict injury.,no,Athlete 14,Midfielders,a0014@example.edu
A0014,2026-08-02,0.0,0,full,395.7143,,,0.0,0.0,,,no form,,,not expected,,2026-07-28,34.3333,,,Baseline,Baseline test,,,5.0,ACWR describes how recent load compares with longer-term load. It does not predict injury.,no,Athlete 14,Midfielders,a0014@example.edu
A0014,2026-08-03,610.0,2,full,375.7143,,,391.0,7246.0,18.0,-0.9389,ok,22.0,-1.1818,yes,,2026-07-28,34.3333,,,Baseline,Baseline test,,,6.0,ACWR describes how recent load compares with longer-term load. It does not predict injury.,no,Athlete 14,Midfielders,a0014@example.edu
A0014,2026-08-04,630.0,1,full,388.5714,,,417.0,6812.0,17.0,-1.6848,ok,22.0,-2.0455,yes,,2026-08-04,34.0333,0.1267,1.6333,No flag,Within measurement error,0.0776,-0.0776,0.0,ACWR describes how recent load compares with longer-term load. It does not predict injury.,no,Athlete 14,Midfielders,a0014@example.edu
A0014,2026-08-05,450.0,1,full,375.7143,,,411.0,6692.0,20.0,0.8597,ok,22.0,1.0909,yes,,2026-08-04,34.0333,0.1267,1.6333,No flag,Within measurement error,0.0776,-0.0776,1.0,ACWR describes how recent load compares with longer-term load. It does not predict injury.,no,Athlete 14,Midfielders,a0014@example.edu
A0014,2026-08-06,740.0,2,full,381.4286,,,292.0,6503.0,21.0,1.7701,ok,22.0,2.1364,yes,,2026-08-04,34.0333,0.1267,1.6333,No flag,Within measurement error,0.0776,-0.0776,2.0,ACWR describes how recent load compares with longer-term load. It does not predict injury.,no,Athlete 14,Midfielders,a0014@example.edu
A0014,2026-08-07,240.0,1,full,381.4286,,,290.0,4376.0,,,no form,,,no,,2026-08-04,34.0333,0.1267,1.6333,No flag,Within measurement error,0.0776,-0.0776,3.0,ACWR describes how recent load compares with longer-term load. It does not predict injury.,no,Athlete 14,Midfielders,a0014@example.edu
A0014,2026-08-08,0.0,0,full,381.4286,,,0.0,0.0,19.0,-0.0383,ok,21.0,-0.0476,yes,,2026-08-04,34.0333,0.1267,1.6333,No flag,Within measurement error,0.0776,-0.0776,4.0,ACWR describes how recent load compares with longer-term load. It does not predict injury.,no,Athlete 14,Midfielders,a0014@example.edu
A0014,2026-08-09,0.0,0,full,381.4286,,,0.0,0.0,,,no form,,,not expected,,2026-08-04,34.0333,0.1267,1.6333,No flag,Within measurement error,0.0776,-0.0776,5.0,ACWR describes how recent load compares with longer-term load. It does not predict injury.,no,Athlete 14,Midfielders,a0014@example.edu
A0014,2026-08-10,840.0,2,full,414.2857,,,305.0,6606.0,18.0,-0.8421,ok,21.0,-1.0476,yes,,2026-08-04,34.0333,0.1267,1.6333,No flag,Within measurement error,0.0776,-0.0776,6.0,ACWR describes how recent load compares with longer-term load. It does not predict injury.,no,Athlete 14,Midfielders,a0014@example.edu
A0014,2026-08-11,540.0,1,full,401.4286,,,448.0,6686.0,18.0,-0.8101,ok,22.0,-1.0,yes,,2026-08-11,35.0,1.0933,1.6333,No flag,Within measurement error,0.6694,-0.6694,0.0,ACWR describes how recent load compares with longer-term load. It does not predict injury.,no,Athlete 14,Midfielders,a0014@example.edu
A0014,2026-08-12,450.0,1,full,401.4286,,,,,20.0,0.8101,ok,22.0,1.0,yes,,2026-08-11,35.0,1.0933,1.6333,No flag,Within measurement error,0.6694,-0.6694,1.0,ACWR describes how recent load compares with longer-term load. It does not predict injury.,no,Athlete 14,Midfielders,a0014@example.edu
A0014,2026-08-13,880.0,2,full,421.4286,,,384.0,6662.0,20.0,0.7385,ok,22.0,0.9091,yes,,2026-08-11,35.0,1.0933,1.6333,No flag,Within measurement error,0.6694,-0.6694,2.0,ACWR describes how recent load compares with longer-term load. It does not predict injury.,no,Athlete 14,Midfielders,a0014@example.edu
A0014,2026-08-14,180.0,1,full,412.8571,,,284.0,4671.0,19.0,-0.0739,ok,22.0,-0.0909,yes,,2026-08-11,35.0,1.0933,1.6333,No flag,Within measurement error,0.6694,-0.6694,3.0,ACWR describes how recent load compares with longer-term load. It does not predict injury.,no,Athlete 14,Midfielders,a0014@example.edu
A0014,2026-08-15,0.0,0,full,412.8571,,,0.0,0.0,17.0,-1.6848,ok,22.0,-2.0455,yes,,2026-08-11,35.0,1.0933,1.6333,No flag,Within measurement error,0.6694,-0.6694,4.0,ACWR describes how recent load compares with longer-term load. It does not predict injury.,no,Athlete 14,Midfielders,a0014@example.edu
A0014,2026-08-16,0.0,0,full,412.8571,,,0.0,0.0,,,no form,,,not expected,,2026-08-11,35.0,1.0933,1.6333,No flag,Within measurement error,0.6694,-0.6694,5.0,ACWR describes how recent load compares with longer-term load. It does not predict injury.,no,Athlete 14,Midfielders,a0014@example.edu
A0014,2026-08-17,740.0,2,full,398.5714,397.1429,1.0036,393.0,6795.0,19.0,0.0716,ok,22.0,0.0909,yes,,2026-08-11,35.0,1.0933,1.6333,No flag,Within measurement error,0.6694,-0.6694,6.0,ACWR describes how recent load compares with longer-term load. It does not predict injury.,no,Athlete 14,Midfielders,a0014@example.edu
A0014,2026-08-18,450.0,1,full,385.7143,393.9286,0.9791,483.0,7212.0,19.0,0.0363,ok,22.0,0.0455,yes,,2026-08-18,34.1333,0.2267,1.6333,No flag,Within measurement error,0.1388,-0.1388,0.0,ACWR describes how recent load compares with longer-term load. It does not predict injury.,no,Athlete 14,Midfielders,a0014@example.edu
A0014,2026-08-19,450.0,1,full,385.7143,400.3571,0.9634,426.0,6480.0,16.0,-2.4303,ok,22.0,-3.0,yes,review,2026-08-18,34.1333,0.2267,1.6333,No flag,Within measurement error,0.1388,-0.1388,1.0,ACWR describes how recent load compares with longer-term load. It does not predict injury.,no,Athlete 14,Midfielders,a0014@example.edu
A0014,2026-08-20,700.0,2,full,360.0,393.9286,0.9139,546.0,6833.0,21.0,1.5419,ok,22.0,2.0455,yes,,2026-08-18,34.1333,0.2267,1.6333,No flag,Within measurement error,0.1388,-0.1388,2.0,ACWR describes how recent load compares with longer-term load. It does not predict injury.,no,Athlete 14,Midfielders,a0014@example.edu
A0014,2026-08-21,240.0,1,full,368.5714,389.6429,0.9459,315.0,4603.0,18.0,-0.7196,ok,22.0,-0.9545,yes,,2026-08-18,34.1333,0.2267,1.6333,No flag,Within measurement error,0.1388,-0.1388,3.0,ACWR describes how recent load compares with longer-term load. It does not predict injury.,no,Athlete 14,Midfielders,a0014@example.edu
A0014,2026-08-22,434.0,1,full,430.5714,405.1429,1.0628,789.0,7073.0,21.0,1.5581,ok,22.0,2.0909,yes,,2026-08-18,34.1333,0.2267,1.6333,No flag,Within measurement error,0.1388,-0.1388,4.0,ACWR describes how recent load compares with longer-term load. It does not predict injury.,no,Athlete 14,Midfielders,a0014@example.edu
A0014,2026-08-23,0.0,0,full,430.5714,405.1429,1.0628,0.0,0.0,,,no form,,,not expected,,2026-08-18,34.1333,0.2267,1.6333,No flag,Within measurement error,0.1388,-0.1388,5.0,ACWR describes how recent load compares with longer-term load. It does not predict injury.,no,Athlete 14,Midfielders,a0014@example.edu
A0014,2026-08-24,650.0,2,full,417.7143,401.5714,1.0402,374.0,6576.0,18.0,-0.7486,ok,22.0,-1.0455,yes,,2026-08-18,34.1333,0.2267,1.6333,No flag,Within measurement error,0.1388,-0.1388,6.0,ACWR describes how recent load compares with longer-term load. It does not predict injury.,no,Athlete 14,Midfielders,a0014@example.edu
A0014,2026-08-25,450.0,1,full,417.7143,398.3571,1.0486,355.0,6604.0,,,no form,,,no,,2026-08-25,33.1667,-0.74,1.6333,No flag,Within measurement error,-0.4531,0.4531,0.0,ACWR describes how recent load compares with longer-term load. It does not predict injury.,no,Athlete 14,Midfielders,a0014@example.edu
A0014,2026-08-26,360.0,1,full,404.8571,391.9286,1.033,396.0,6044.0,21.0,1.5847,ok,21.0,2.1429,yes,,2026-08-25,33.1667,-0.74,1.6333,No flag,Within measurement error,-0.4531,0.4531,1.0,ACWR describes how recent load compares with longer-term load. It does not predict injury.,no,Athlete 14,Midfielders,a0014@example.edu
A0014,2026-08-27,510.0,2,full,377.7143,385.1429,0.9807,377.0,6623.0,,,no form,,,no,,2026-08-25,33.1667,-0.74,1.6333,No flag,Within measurement error,-0.4531,0.4531,2.0,ACWR describes how recent load compares with longer-term load. It does not predict injury.,no,Athlete 14,Midfielders,a0014@example.edu
A0014,2026-08-28,300.0,1,full,386.2857,387.2857,0.9974,258.0,4485.0,20.0,0.7152,ok,20.0,1.05,yes,,2026-08-25,33.1667,-0.74,1.6333,No flag,Within measurement error,-0.4531,0.4531,3.0,ACWR describes how recent load compares with longer-term load. It does not predict injury.,no,Athlete 14,Midfielders,a0014@example.edu
A0014,2026-08-29,444.0,1,full,387.7143,403.1429,0.9617,716.0,9739.0,17.0,-1.3452,ok,20.0,-2.0,yes,,2026-08-25,33.1667,-0.74,1.6333,No flag,Within measurement error,-0.4531,0.4531,4.0,ACWR describes how recent load compares with longer-term load. It does not predict injury.,no,Athlete 14,Midfielders,a0014@example.edu
A0014,2026-08-30,0.0,0,full,387.7143,403.1429,0.9617,0.0,0.0,,,no form,,,not expected,,2026-08-25,33.1667,-0.74,1.6333,No flag,Within measurement error,-0.4531,0.4531,5.0,ACWR describes how recent load compares with longer-term load. It does not predict injury.,no,Athlete 14,Midfielders,a0014@example.edu
A0014,2026-08-31,650.0,2,full,387.7143,404.5714,0.9583,457.0,6612.0,17.0,-1.2586,ok,21.0,-1.9048,yes,,2026-08-25,33.1667,-0.74,1.6333,No flag,Within measurement error,-0.4531,0.4531,6.0,ACWR describes how recent load compares with longer-term load. It does not predict injury.,no,Athlete 14,Midfielders,a0014@example.edu
A0014,2026-09-01,630.0,1,full,413.4286,404.5714,1.0219,443.0,6468.0,20.0,0.7334,ok,21.0,1.1429,yes,,2026-09-01,33.7333,-0.1733,1.6333,No flag,Within measurement error,-0.1061,0.1061,0.0,ACWR describes how recent load compares with longer-term load. It does not predict injury.,no,Athlete 14,Midfielders,a0014@example.edu
A0014,2026-09-02,360.0,1,full,413.4286,401.3571,1.0301,292.0,5980.0,19.0,0.0,ok,21.0,0.0,yes,,2026-09-01,33.7333,-0.1733,1.6333,No flag,Within measurement error,-0.1061,0.1061,1.0,ACWR describes how recent load compares with longer-term load. It does not predict injury.,no,Athlete 14,Midfielders,a0014@example.edu
A0014,2026-09-03,660.0,2,full,434.8571,398.5,1.0912,387.0,6748.0,20.0,0.6988,ok,21.0,1.0476,yes,,2026-09-01,33.7333,-0.1733,1.6333,No flag,Within measurement error,-0.1061,0.1061,2.0,ACWR describes how recent load compares with longer-term load. It does not predict injury.,no,Athlete 14,Midfielders,a0014@example.edu
A0014,2026-09-04,240.0,1,full,426.2857,398.5,1.0697,219.0,4094.0,15.0,-2.7007,ok,21.0,-3.9048,yes,review,2026-09-01,33.7333,-0.1733,1.6333,No flag,Within measurement error,-0.1061,0.1061,3.0,ACWR describes how recent load compares with longer-term load. It does not predict injury.,no,Athlete 14,Midfielders,a0014@example.edu
A0014,2026-09-05,434.0,1,full,424.8571,414.0,1.0262,533.0,7476.0,20.0,0.7769,ok,22.0,1.2727,yes,,2026-09-01,33.7333,-0.1733,1.6333,No flag,Within measurement error,-0.1061,0.1061,4.0,ACWR describes how recent load compares with longer-term load. It does not predict injury.,no,Athlete 14,Midfielders,a0014@example.edu
A0014,2026-09-06,0.0,0,full,424.8571,414.0,1.0262,0.0,0.0,,,no form,,,not expected,,2026-09-01,33.7333,-0.1733,1.6333,No flag,Within measurement error,-0.1061,0.1061,5.0,ACWR describes how recent load compares with longer-term load. It does not predict injury.,yes,Athlete 14,Midfielders,a0014@example.edu
A0014,2026-09-07,660.0,2,full,426.2857,407.5714,1.0459,341.0,5632.0,16.0,-1.6704,ok,22.0,-2.7727,yes,,2026-09-01,33.7333,-0.1733,1.6333,No flag,Within measurement error,-0.1061,0.1061,6.0,ACWR describes how recent load compares with longer-term load. It does not predict injury.,yes,Athlete 14,Midfielders,a0014@example.edu
A0014,2026-09-08,450.0,1,full,400.5714,404.3571,0.9906,307.0,6339.0,16.0,-1.527,ok,22.0,-2.6818,yes,,2026-09-08,33.9667,0.06,1.6333,No flag,Within measurement error,0.0367,-0.0367,0.0,ACWR describes how recent load compares with longer-term load. It does not predict injury.,yes,Athlete 14,Midfielders,a0014@example.edu
A0014,2026-09-09,540.0,1,full,426.2857,407.5714,1.0459,232.0,6563.0,20.0,0.7646,ok,22.0,1.4091,yes,,2026-09-08,33.9667,0.06,1.6333,No flag,Within measurement error,0.0367,-0.0367,1.0,ACWR describes how recent load compares with longer-term load. It does not predict injury.,yes,Athlete 14,Midfielders,a0014@example.edu
A0014,2026-09-10,380.0,2,full,386.2857,389.7143,0.9912,346.0,6727.0,20.0,0.7646,ok,22.0,1.4091,yes,,2026-09-08,33.9667,0.06,1.6333,No flag,Within measurement error,0.0367,-0.0367,2.0,ACWR describes how recent load compares with longer-term load. It does not predict injury.,yes,Athlete 14,Midfielders,a0014@example.edu
A0014,2026-09-11,240.0,1,full,386.2857,391.8571,0.9858,282.0,4546.0,19.0,0.222,ok,22.0,0.4091,yes,,2026-09-08,33.9667,0.06,1.6333,No flag,Within measurement error,0.0367,-0.0367,3.0,ACWR describes how recent load compares with longer-term load. It does not predict injury.,yes,Athlete 14,Midfielders,a0014@example.edu
A0014,2026-09-12,553.0,1,full,403.2857,411.6071,0.9798,1076.0,11002.0,20.0,0.7646,ok,22.0,1.4091,yes,,2026-09-08,33.9667,0.06,1.6333,No flag,Within measurement error,0.0367,-0.0367,4.0,ACWR describes how recent load compares with longer-term load. It does not predict injury.,yes,Athlete 14,Midfielders,a0014@example.edu
A0014,2026-09-13,0.0,0,full,403.2857,411.6071,0.9798,0.0,0.0,,,no form,,,not expected,,2026-09-08,33.9667,0.06,1.6333,No flag,Within measurement error,0.0367,-0.0367,5.0,ACWR describes how recent load compares with longer-term load. It does not predict injury.,yes,Athlete 14,Midfielders,a0014@example.edu
A0014,2026-09-14,650.0,2,full,401.8571,408.3929,0.984,,,18.0,-0.3973,ok,22.0,-0.7273,yes,,2026-09-08,33.9667,0.06,1.6333,No flag,Within measurement error,0.0367,-0.0367,6.0,ACWR describes how recent load compares with longer-term load. It does not predict injury.,yes,Athlete 14,Midfielders,a0014@example.edu
A0014,2026-09-15,630.0,1,full,427.5714,414.8214,1.0307,,,18.0,-0.3714,ok,22.0,-0.6818,yes,,2026-09-15,34.6333,0.7267,1.6333,No flag,Within measurement error,0.4449,-0.4449,0.0,ACWR describes how recent load compares with longer-term load. It does not predict injury.,yes,Athlete 14,Midfielders,a0014@example.edu
A0014,2026-09-16,540.0,1,full,427.5714,418.0357,1.0228,467.0,6646.0,19.0,0.1976,ok,22.0,0.3636,yes,,2026-09-15,34.6333,0.7267,1.6333,No flag,Within measurement error,0.4449,-0.4449,1.0,ACWR describes how recent load compares with longer-term load. It does not predict injury.,yes,Athlete 14,Midfielders,a0014@example.edu
A0014,2026-09-17,610.0,2,full,460.4286,414.8214,1.1099,247.0,5723.0,17.0,-1.0165,ok,22.0,-1.7727,yes,,2026-09-15,34.6333,0.7267,1.6333,No flag,Within measurement error,0.4449,-0.4449,2.0,ACWR describes how recent load compares with longer-term load. It does not predict injury.,yes,Athlete 14,Midfielders,a0014@example.edu
A0014,2026-09-18,180.0,1,full,451.8571,412.6786,1.0949,225.0,4043.0,20.0,0.8246,ok,22.0,1.4091,yes,,2026-09-15,34.6333,0.7267,1.6333,No flag,Within measurement error,0.4449,-0.4449,3.0,ACWR describes how recent load compares with longer-term load. It does not predict injury.,yes,Athlete 14,Midfielders,a0014@example.edu
A0014,2026-09-19,640.0,1,full,464.2857,420.0357,1.1053,1241.0,10999.0,17.0,-0.9728,ok,22.0,-1.6818,yes,,2026-09-15,34.6333,0.7267,1.6333,No flag,Within measurement error,0.4449,-0.4449,4.0,ACWR describes how recent load compares with longer-term load. It does not predict injury.,yes,Athlete 14,Midfielders,a0014@example.edu
A0014,2026-09-20,0.0,0,full,464.2857,420.0357,1.1053,0.0,0.0,,,no form,,,not expected,,2026-09-15,34.6333,0.7267,1.6333,No flag,Within measurement error,0.4449,-0.4449,5.0,ACWR describes how recent load compares with longer-term load. It does not predict injury.,yes,Athlete 14,Midfielders,a0014@example.edu
A0014,2026-09-21,650.0,2,full,464.2857,420.0357,1.1053,410.0,6209.0,16.0,-1.4852,ok,22.0,-2.5,yes,,2026-09-15,34.6333,0.7267,1.6333,No flag,Within measurement error,0.4449,-0.4449,6.0,ACWR describes how recent load compares with longer-term load. It does not predict injury.,yes,Athlete 14,Midfielders,a0014@example.edu
A0014,2026-09-22,540.0,1,full,451.4286,423.25,1.0666,297.0,6457.0,18.0,-0.232,ok,22.0,-0.4091,yes,,2026-09-22,33.6333,-0.2733,1.6333,No flag,Within measurement error,-0.1674,0.1674,0.0,ACWR describes how recent load compares with longer-term load. It does not predict injury.,yes,Athlete 14,Midfielders,a0014@example.edu
A0014,2026-09-23,450.0,1,full,438.5714,426.4643,1.0284,371.0,6420.0,18.0,-0.2268,ok,23.0,-0.3913,yes,,2026-09-22,33.6333,-0.2733,1.6333,No flag,Within measurement error,-0.1674,0.1674,1.0,ACWR describes how recent load compares with longer-term load. It does not predict injury.,yes,Athlete 14,Midfielders,a0014@example.edu
A0014,2026-09-24,650.0,2,full,444.2857,431.4643,1.0297,391.0,6459.0,18.0,-0.1601,ok,23.0,-0.2609,yes,,2026-09-22,33.6333,-0.2733,1.6333,No flag,Within measurement error,-0.1674,0.1674,2.0,ACWR describes how recent load compares with longer-term load. It does not predict injury.,yes,Athlete 14,Midfielders,a0014@example.edu
A0014,2026-09-25,240.0,1,full,452.8571,429.3214,1.0548,255.0,4376.0,18.0,-0.1568,ok,24.0,-0.25,yes,,2026-09-22,33.6333,-0.2733,1.6333,No flag,Within measurement error,-0.1674,0.1674,3.0,ACWR describes how recent load compares with longer-term load. It does not predict injury.,yes,Athlete 14,Midfielders,a0014@example.edu
A0014,2026-09-26,855.0,1,full,483.5714,444.0,1.0891,1083.0,13031.0,19.0,0.5373,ok,24.0,0.8333,yes,,2026-09-22,33.6333,-0.2733,1.6333,No flag,Within measurement error,-0.1674,0.1674,4.0,ACWR describes how recent load compares with longer-term load. It does not predict injury.,yes,Athlete 14,Midfielders,a0014@example.edu
A0014,2026-09-27,0.0,0,full,483.5714,444.0,1.0891,0.0,0.0,,,no form,,,not expected,,2026-09-22,33.6333,-0.2733,1.6333,No flag,Within measurement error,-0.1674,0.1674,5.0,ACWR describes how recent load compares with longer-term load. It does not predict injury.,yes,Athlete 14,Midfielders,a0014@example.edu
A0014,2026-09-28,610.0,2,full,477.8571,442.5714,1.0797,366.0,6115.0,16.0,-1.4617,ok,24.0,-2.25,yes,,2026-09-22,33.6333,-0.2733,1.6333,No flag,Within measurement error,-0.1674,0.1674,6.0,ACWR describes how recent load compares with longer-term load. It does not predict injury.,yes,Athlete 14,Midfielders,a0014@example.edu
A0014,2026-09-29,540.0,1,full,477.8571,439.3571,1.0876,265.0,5914.0,,,no form,,,no,,2026-09-29,32.6667,-1.24,1.6333,No flag,Within measurement error,-0.7592,0.7592,0.0,ACWR describes how recent load compares with longer-term load. It does not predict injury.,yes,Athlete 14,Midfielders,a0014@example.edu
A0014,2026-09-30,540.0,1,full,490.7143,445.7857,1.1008,362.0,7016.0,18.0,-0.0828,ok,23.0,-0.1304,yes,,2026-09-29,32.6667,-1.24,1.6333,No flag,Within measurement error,-0.7592,0.7592,1.0,ACWR describes how recent load compares with longer-term load. It does not predict injury.,yes,Athlete 14,Midfielders,a0014@example.edu
A0014,2026-10-01,650.0,2,full,490.7143,445.4286,1.1017,272.0,6169.0,19.0,0.5837,ok,23.0,0.913,yes,,2026-09-29,32.6667,-1.24,1.6333,No flag,Within measurement error,-0.7592,0.7592,2.0,ACWR describes how recent load compares with longer-term load. It does not predict injury.,yes,Athlete 14,Midfielders,a0014@example.edu
A0014,2026-10-02,120.0,1,full,473.5714,441.1429,1.0735,238.0,3793.0,17.0,-0.6856,ok,23.0,-1.0435,yes,,2026-09-29,32.6667,-1.24,1.6333,No flag,Within measurement error,-0.7592,0.7592,3.0,ACWR describes how recent load compares with longer-term load. It does not predict injury.,yes,Athlete 14,Midfielders,a0014@example.edu
A0014,2026-10-03,528.0,1,full,426.8571,444.5,0.9603,718.0,8985.0,19.0,0.6248,ok,23.0,0.8696,yes,,2026-09-29,32.6667,-1.24,1.6333,No flag,Within measurement error,-0.7592,0.7592,4.0,ACWR describes how recent load compares with longer-term load. It does not predict injury.,yes,Athlete 14,Midfielders,a0014@example.edu
A0015,2026-07-06,560.0,2,full,,,,245.0,4557.0,21.0,,baseline too short,0.0,,yes,,,,,,,,,,,ACWR describes how recent load compares with longer-term load. It does not predict injury.,no,Athlete 15,Midfielders,a0015@example.edu
A0015,2026-07-07,450.0,1,full,,,,312.0,4328.0,24.0,,baseline too short,1.0,,yes,,2026-07-07,38.6667,,,Baseline,Baseline test,,,0.0,ACWR describes how recent load compares with longer-term load. It does not predict injury.,no,Athlete 15,Midfielders,a0015@example.edu
A0015,2026-07-08,360.0,1,full,,,,271.0,4653.0,20.0,,baseline too short,2.0,,yes,,2026-07-07,38.6667,,,Baseline,Baseline test,,,1.0,ACWR describes how recent load compares with longer-term load. It does not predict injury.,no,Athlete 15,Midfielders,a0015@example.edu
A0015,2026-07-09,420.0,2,full,,,,236.0,4313.0,20.0,,baseline too short,3.0,,yes,,2026-07-09,38.8333,,,Baseline,Baseline test,,,0.0,ACWR describes how recent load compares with longer-term load. It does not predict injury.,no,Athlete 15,Midfielders,a0015@example.edu
A0015,2026-07-10,120.0,1,full,,,,132.0,3135.0,,,no form,,,no,,2026-07-09,38.8333,,,Baseline,Baseline test,,,1.0,ACWR describes how recent load compares with longer-term load. It does not predict injury.,no,Athlete 15,Midfielders,a0015@example.edu
A0015,2026-07-11,0.0,0,full,,,,0.0,0.0,22.0,,baseline too short,4.0,,yes,,2026-07-09,38.8333,,,Baseline,Baseline test,,,2.0,ACWR describes how recent load compares with longer-term load. It does not predict injury.,no,Athlete 15,Midfielders,a0015@example.edu
A0015,2026-07-12,0.0,0,full,272.8571,,,0.0,0.0,,,no form,,,not expected,,2026-07-09,38.8333,,,Baseline,Baseline test,,,3.0,ACWR describes how recent load compares with longer-term load. It does not predict injury.,no,Athlete 15,Midfielders,a0015@example.edu
A0015,2026-07-13,370.0,2,full,245.7143,,,241.0,4224.0,21.0,,baseline too short,5.0,,yes,,2026-07-09,38.8333,,,Baseline,Baseline test,,,4.0,ACWR describes how recent load compares with longer-term load. It does not predict injury.,no,Athlete 15,Midfielders,a0015@example.edu
A0015,2026-07-14,360.0,1,full,232.8571,,,225.0,4434.0,24.0,,baseline too short,6.0,,yes,,2026-07-14,38.0,,,Baseline,Baseline test,,,0.0,ACWR describes how recent load compares with longer-term load. It does not predict injury.,no,Athlete 15,Midfielders,a0015@example.edu
A0015,2026-07-15,180.0,1,full,207.1429,,,231.0,4669.0,21.0,,baseline too short,7.0,,yes,,2026-07-14,38.0,,,Baseline,Baseline test,,,1.0,ACWR describes how recent load compares with longer-term load. It does not predict injury.,no,Athlete 15,Midfielders,a0015@example.edu
A0015,2026-07-16,750.0,2,full,254.2857,,,263.0,4537.0,22.0,,baseline too short,8.0,,yes,,2026-07-14,38.0,,,Baseline,Baseline test,,,2.0,ACWR describes how recent load compares with longer-term load. It does not predict injury.,no,Athlete 15,Midfielders,a0015@example.edu
A0015,2026-07-17,120.0,1,full,254.2857,,,173.0,2879.0,21.0,,baseline too short,9.0,,yes,,2026-07-14,38.0,,,Baseline,Baseline test,,,3.0,ACWR describes how recent load compares with longer-term load. It does not predict injury.,no,Athlete 15,Midfielders,a0015@example.edu
A0015,2026-07-18,0.0,0,full,254.2857,,,0.0,0.0,19.0,,baseline too short,10.0,,yes,,2026-07-14,38.0,,,Baseline,Baseline test,,,4.0,ACWR describes how recent load compares with longer-term load. It does not predict injury.,no,Athlete 15,Midfielders,a0015@example.edu
A0015,2026-07-19,0.0,0,full,254.2857,,,0.0,0.0,,,no form,,,not expected,,2026-07-14,38.0,,,Baseline,Baseline test,,,5.0,ACWR describes how recent load compares with longer-term load. It does not predict injury.,no,Athlete 15,Midfielders,a0015@example.edu
A0015,2026-07-20,930.0,2,full,334.2857,,,496.0,7512.0,21.0,,baseline too short,11.0,,yes,,2026-07-14,38.0,,,Baseline,Baseline test,,,6.0,ACWR describes how recent load compares with longer-term load. It does not predict injury.,no,Athlete 15,Midfielders,a0015@example.edu
A0015,2026-07-21,720.0,1,full,385.7143,,,520.0,7816.0,23.0,,baseline too short,12.0,,yes,,2026-07-21,,,,Baseline,Baseline test,,,0.0,ACWR describes how recent load compares with longer-term load. It does not predict injury.,no,Athlete 15,Midfielders,a0015@example.edu
A0015,2026-07-22,720.0,1,full,462.8571,,,441.0,7430.0,20.0,,baseline too short,13.0,,yes,,2026-07-21,,,,Baseline,Baseline test,,,1.0,ACWR describes how recent load compares with longer-term load. It does not predict injury.,no,Athlete 15,Midfielders,a0015@example.edu
A0015,2026-07-23,930.0,2,full,488.5714,,,440.0,7420.0,22.0,0.4288,ok,14.0,0.6429,yes,,2026-07-21,,,,Baseline,Baseline test,,,2.0,ACWR describes how recent load compares with longer-term load. It does not predict injury.,no,Athlete 15,Midfielders,a0015@example.edu
A0015,2026-07-24,300.0,1,full,514.2857,,,,,22.0,0.4126,ok,15.0,0.6,yes,,2026-07-21,,,,Baseline,Baseline test,,,3.0,ACWR describes how recent load compares with longer-term load. It does not predict injury.,no,Athlete 15,Midfielders,a0015@example.edu
A0015,2026-07-25,0.0,0,full,514.2857,,,0.0,0.0,22.0,0.3982,ok,16.0,0.5625,yes,,2026-07-21,,,,Baseline,Baseline test,,,4.0,ACWR describes how recent load compares with longer-term load. It does not predict injury.,no,Athlete 15,Midfielders,a0015@example.edu
A0015,2026-07-26,0.0,0,full,514.2857,,,0.0,0.0,,,no form,,,not expected,,2026-07-21,,,,Baseline,Baseline test,,,5.0,ACWR describes how recent load compares with longer-term load. It does not predict injury.,no,Athlete 15,Midfielders,a0015@example.edu
A0015,2026-07-27,790.0,2,full,494.2857,,,287.0,5856.0,21.0,-0.3423,ok,17.0,-0.4706,yes,,2026-07-21,,,,Baseline,Baseline test,,,6.0,ACWR describes how recent load compares with longer-term load. It does not predict injury.,no,Athlete 15,Midfielders,a0015@example.edu
A0015,2026-07-28,450.0,1,full,455.7143,,,389.0,6597.0,21.0,-0.3321,ok,18.0,-0.4444,yes,,2026-07-28,37.6333,,,Baseline,Baseline test,,,0.0,ACWR describes how recent load compares with longer-term load. It does not predict injury.,no,Athlete 15,Midfielders,a0015@example.edu
A0015,2026-07-29,450.0,1,full,417.1429,,,334.0,5902.0,23.0,1.2104,ok,19.0,1.5789,yes,,2026-07-28,37.6333,,,Baseline,Baseline test,,,1.0,ACWR describes how recent load compares with longer-term load. It does not predict injury.,no,Athlete 15,Midfielders,a0015@example.edu
A0015,2026-07-30,740.0,2,full,390.0,,,329.0,6283.0,21.0,-0.3794,ok,20.0,-0.5,yes,,2026-07-28,37.6333,,,Baseline,Baseline test,,,2.0,ACWR describes how recent load compares with longer-term load. It does not predict injury.,no,Athlete 15,Midfielders,a0015@example.edu
A0015,2026-07-31,180.0,1,full,372.8571,,,234.0,3439.0,22.0,0.4063,ok,21.0,0.5238,yes,,2026-07-28,37.6333,,,Baseline,Baseline test,,,3.0,ACWR describes how recent load compares with longer-term load. It does not predict injury.,no,Athlete 15,Midfielders,a0015@example.edu
A0015,2026-08-01,0.0,0,full,372.8571,,,0.0,0.0,22.0,0.3959,ok,22.0,0.5,yes,,2026-07-28,37.6333,,,Baseline,Baseline test,,,4.0,ACWR describes how recent load compares with longer-term load. It does not predict injury.,no,Athlete 15,Midfielders,a0015@example.edu
A0015,2026-08-02,0.0,0,full,372.8571,353.5714,1.0545,0.0,0.0,,,no form,,,not expected,,2026-07-28,37.6333,,,Baseline,Baseline test,,,5.0,ACWR describes how recent load compares with longer-term load. It does not predict injury.,no,Athlete 15,Midfielders,a0015@example.edu
A0015,2026-08-03,790.0,2,full,372.8571,361.7857,1.0306,378.0,5774.0,,,no form,,,no,,2026-07-28,37.6333,,,Baseline,Baseline test,,,6.0,ACWR describes how recent load compares with longer-term load. It does not predict injury.,no,Athlete 15,Midfielders,a0015@example.edu
A0015,2026-08-04,630.0,1,full,398.5714,368.2143,1.0824,372.0,6359.0,23.0,1.1524,ok,22.0,1.4545,yes,,2026-08-04,40.0333,1.75,1.667,Noted,Larger than measurement error; may or may not be worthwhile,1.0498,-1.0498,0.0,ACWR describes how recent load compares with longer-term load. It does not predict injury.,no,Athlete 15,Midfielders,a0015@example.edu
A0015,2026-08-05,360.0,1,full,385.7143,368.2143,1.0475,417.0,6576.0,17.0,-3.7967,ok,22.0,-4.5,yes,review,2026-08-04,40.0333,1.75,1.667,Noted,Larger than measurement error; may or may not be worthwhile,1.0498,-1.0498,1.0,ACWR describes how recent load compares with longer-term load. It does not predict injury.,no,Athlete 15,Midfielders,a0015@example.edu
A0015,2026-08-06,790.0,2,full,392.8571,381.4286,1.03,396.0,6170.0,21.0,-0.2428,ok,22.0,-0.3636,yes,,2026-08-04,40.0333,1.75,1.667,Noted,Larger than measurement error; may or may not be worthwhile,1.0498,-1.0498,2.0,ACWR describes how recent load compares with longer-term load. It does not predict injury.,no,Athlete 15,Midfielders,a0015@example.edu
A0015,2026-08-07,240.0,1,full,401.4286,385.7143,1.0407,253.0,4086.0,23.0,1.083,ok,22.0,1.5909,yes,,2026-08-04,40.0333,1.75,1.667,Noted,Larger than measurement error; may or may not be worthwhile,1.0498,-1.0498,3.0,ACWR describes how recent load compares with longer-term load. It does not predict injury.,no,Athlete 15,Midfielders,a0015@example.edu
A0015,2026-08-08,0.0,0,full,401.4286,385.7143,1.0407,0.0,0.0,21.0,-0.3247,ok,23.0,-0.4783,yes,,2026-08-04,40.0333,1.75,1.667,Noted,Larger than measurement error; may or may not be worthwhile,1.0498,-1.0498,4.0,ACWR describes how recent load compares with longer-term load. It does not predict injury.,no,Athlete 15,Midfielders,a0015@example.edu
A0015,2026-08-09,0.0,0,full,401.4286,385.7143,1.0407,0.0,0.0,,,no form,,,not expected,,2026-08-04,40.0333,1.75,1.667,Noted,Larger than measurement error; may or may not be worthwhile,1.0498,-1.0498,5.0,ACWR describes how recent load compares with longer-term load. It does not predict injury.,no,Athlete 15,Midfielders,a0015@example.edu
A0015,2026-08-10,700.0,2,full,388.5714,397.5,0.9775,280.0,5859.0,20.0,-0.9749,ok,23.0,-1.4348,yes,,2026-08-04,40.0333,1.75,1.667,Noted,Larger than measurement error; may or may not be worthwhile,1.0498,-1.0498,6.0,ACWR describes how recent load compares with longer-term load. It does not predict injury.,no,Athlete 15,Midfielders,a0015@example.edu
A0015,2026-08-11,630.0,1,full,388.5714,407.1429,0.9544,312.0,6046.0,22.0,0.4059,ok,23.0,0.6087,yes,,2026-08-11,40.1333,1.85,1.667,Noted,Larger than measurement error; may or may not be worthwhile,1.1098,-1.1098,0.0,ACWR describes how recent load compares with longer-term load. It does not predict injury.,no,Athlete 15,Midfielders,a0015@example.edu
A0015,2026-08-12,450.0,1,full,401.4286,416.7857,0.9632,315.0,6140.0,21.0,-0.218,ok,23.0,-0.3043,yes,,2026-08-11,40.1333,1.85,1.667,Noted,Larger than measurement error; may or may not be worthwhile,1.1098,-1.1098,1.0,ACWR describes how recent load compares with longer-term load. It does not predict injury.,no,Athlete 15,Midfielders,a0015@example.edu
A0015,2026-08-13,700.0,2,full,388.5714,415.0,0.9363,315.0,5694.0,,,no form,,,no,,2026-08-11,40.1333,1.85,1.667,Noted,Larger than measurement error; may or may not be worthwhile,1.1098,-1.1098,2.0,ACWR describes how recent load compares with longer-term load. It does not predict injury.,no,Athlete 15,Midfielders,a0015@example.edu
A0015,2026-08-14,180.0,1,full,380.0,417.1429,0.911,303.0,3835.0,21.0,-0.192,ok,22.0,-0.2727,yes,,2026-08-11,40.1333,1.85,1.667,Noted,Larger than measurement error; may or may not be worthwhile,1.1098,-1.1098,3.0,ACWR describes how recent load compares with longer-term load. It does not predict injury.,no,Athlete 15,Midfielders,a0015@example.edu
A0015,2026-08-15,0.0,0,full,380.0,417.1429,0.911,0.0,0.0,20.0,-0.8961,ok,22.0,-1.2727,yes,,2026-08-11,40.1333,1.85,1.667,Noted,Larger than measurement error; may or may not be worthwhile,1.1098,-1.1098,4.0,ACWR describes how recent load compares with longer-term load. It does not predict injury.,no,Athlete 15,Midfielders,a0015@example.edu
A0015,2026-08-16,0.0,0,full,380.0,417.1429,0.911,0.0,0.0,,,no form,,,not expected,,2026-08-11,40.1333,1.85,1.667,Noted,Larger than measurement error; may or may not be worthwhile,1.1098,-1.1098,5.0,ACWR describes how recent load compares with longer-term load. It does not predict injury.,no,Athlete 15,Midfielders,a0015@example.edu
A0015,2026-08-17,375.0,2,modified,333.5714,397.3214,0.8396,159.0,3022.0,21.0,-0.2342,ok,22.0,-0.3182,yes,,2026-08-11,40.1333,1.85,1.667,Noted,Larger than measurement error; may or may not be worthwhile,1.1098,-1.1098,6.0,ACWR describes how recent load compares with longer-term load. It does not predict injury.,no,Athlete 15,Midfielders,a0015@example.edu
A0015,2026-08-18,540.0,1,full,320.7143,390.8929,0.8205,378.0,6257.0,22.0,0.5018,ok,22.0,0.6818,yes,,2026-08-18,38.4667,0.1833,1.667,No flag,Within measurement error,0.11,-0.11,0.0,ACWR describes how recent load compares with longer-term load. It does not predict injury.,no,Athlete 15,Midfielders,a0015@example.edu
A0015,2026-08-19,360.0,1,full,307.8571,378.0357,0.8144,446.0,6069.0,,,no form,,,no,,2026-08-18,38.4667,0.1833,1.667,No flag,Within measurement error,0.11,-0.11,1.0,ACWR describes how recent load compares with longer-term load. It does not predict injury.,no,Athlete 15,Midfielders,a0015@example.edu
A0015,2026-08-20,650.0,2,full,300.7143,368.0357,0.8171,414.0,5777.0,22.0,0.5064,ok,21.0,0.6667,yes,,2026-08-18,38.4667,0.1833,1.667,No flag,Within measurement error,0.11,-0.11,2.0,ACWR describes how recent load compares with longer-term load. It does not predict injury.,no,Athlete 15,Midfielders,a0015@example.edu
A0015,2026-08-21,240.0,1,full,309.2857,365.8929,0.8453,324.0,3647.0,23.0,1.2659,ok,21.0,1.6667,yes,,2026-08-18,38.4667,0.1833,1.667,No flag,Within measurement error,0.11,-0.11,3.0,ACWR describes how recent load compares with longer-term load. It does not predict injury.,no,Athlete 15,Midfielders,a0015@example.edu
A0015,2026-08-22,518.0,1,full,383.2857,384.3929,0.9971,621.0,8736.0,21.0,-0.2803,ok,21.0,-0.381,yes,,2026-08-18,38.4667,0.1833,1.667,No flag,Within measurement error,0.11,-0.11,4.0,ACWR describes how recent load compares with longer-term load. It does not predict injury.,no,Athlete 15,Midfielders,a0015@example.edu
A0015,2026-08-23,0.0,0,full,383.2857,384.3929,0.9971,0.0,0.0,,,no form,,,not expected,,2026-08-18,38.4667,0.1833,1.667,No flag,Within measurement error,0.11,-0.11,5.0,ACWR describes how recent load compares with longer-term load. It does not predict injury.,no,Athlete 15,Midfielders,a0015@example.edu
A0015,2026-08-24,650.0,2,full,422.5714,379.3929,1.1138,399.0,5469.0,18.0,-2.4618,ok,21.0,-3.3333,yes,review,2026-08-18,38.4667,0.1833,1.667,No flag,Within measurement error,0.11,-0.11,6.0,ACWR describes how recent load compares with longer-term load. It does not predict injury.,no,Athlete 15,Midfielders,a0015@example.edu
A0015,2026-08-25,450.0,1,full,409.7143,379.3929,1.0799,191.0,5772.0,21.0,-0.1239,ok,21.0,-0.1905,yes,,2026-08-25,40.3667,2.0833,1.667,Noted,Larger than measurement error; may or may not be worthwhile,1.2498,-1.2498,0.0,ACWR describes how recent load compares with longer-term load. It does not predict injury.,no,Athlete 15,Midfielders,a0015@example.edu
A0015,2026-08-26,360.0,1,full,409.7143,376.1786,1.0891,283.0,5775.0,19.0,-1.4253,ok,21.0,-2.1905,yes,,2026-08-25,40.3667,2.0833,1.667,Noted,Larger than measurement error; may or may not be worthwhile,1.2498,-1.2498,1.0,ACWR describes how recent load compares with longer-term load. It does not predict injury.,no,Athlete 15,Midfielders,a0015@example.edu
A0015,2026-08-27,700.0,2,full,416.8571,374.75,1.1124,364.0,5569.0,21.0,0.0,ok,21.0,0.0,yes,,2026-08-25,40.3667,2.0833,1.667,Noted,Larger than measurement error; may or may not be worthwhile,1.2498,-1.2498,2.0,ACWR describes how recent load compares with longer-term load. It does not predict injury.,no,Athlete 15,Midfielders,a0015@example.edu
A0015,2026-08-28,180.0,1,full,408.2857,374.75,1.0895,205.0,3611.0,20.0,-0.6455,ok,21.0,-1.0,yes,,2026-08-25,40.3667,2.0833,1.667,Noted,Larger than measurement error; may or may not be worthwhile,1.2498,-1.2498,3.0,ACWR describes how recent load compares with longer-term load. It does not predict injury.,no,Athlete 15,Midfielders,a0015@example.edu
A0015,2026-08-29,,1,full,,,,690.0,9847.0,25.0,2.6487,ok,21.0,4.0952,yes,,2026-08-25,40.3667,2.0833,1.667,Noted,Larger than measurement error; may or may not be worthwhile,1.2498,-1.2498,4.0,ACWR describes how recent load compares with longer-term load. It does not predict injury.,no,Athlete 15,Midfielders,a0015@example.edu
A0015,2026-08-30,0.0,0,full,,,,0.0,0.0,,,no form,,,not expected,,2026-08-25,40.3667,2.0833,1.667,Noted,Larger than measurement error; may or may not be worthwhile,1.2498,-1.2498,5.0,ACWR describes how recent load compares with longer-term load. It does not predict injury.,no,Athlete 15,Midfielders,a0015@example.edu
A0015,2026-08-31,740.0,2,full,,,,349.0,5735.0,22.0,0.5368,ok,21.0,0.9524,yes,,2026-08-25,40.3667,2.0833,1.667,Noted,Larger than measurement error; may or may not be worthwhile,1.2498,-1.2498,6.0,ACWR describes how recent load compares with longer-term load. It does not predict injury.,no,Athlete 15,Midfielders,a0015@example.edu
A0015,2026-09-01,630.0,1,full,,,,457.0,6099.0,23.0,1.0951,ok,22.0,1.9091,yes,,2026-09-01,37.9667,-0.3167,1.667,No flag,Within measurement error,-0.19,0.19,0.0,ACWR describes how recent load compares with longer-term load. It does not predict injury.,no,Athlete 15,Midfielders,a0015@example.edu
A0015,2026-09-02,450.0,1,full,,,,399.0,6158.0,20.0,-0.6258,ok,22.0,-1.0909,yes,,2026-09-01,37.9667,-0.3167,1.667,No flag,Within measurement error,-0.19,0.19,1.0,ACWR describes how recent load compares with longer-term load. It does not predict injury.,no,Athlete 15,Midfielders,a0015@example.edu
A0015,2026-09-03,600.0,2,full,,,,346.0,5280.0,22.0,0.5118,ok,22.0,0.7727,yes,,2026-09-01,37.9667,-0.3167,1.667,No flag,Within measurement error,-0.19,0.19,2.0,ACWR describes how recent load compares with longer-term load. It does not predict injury.,no,Athlete 15,Midfielders,a0015@example.edu
A0015,2026-09-04,120.0,1,full,,,,271.0,3617.0,21.0,-0.1797,ok,22.0,-0.2727,yes,,2026-09-01,37.9667,-0.3167,1.667,No flag,Within measurement error,-0.19,0.19,3.0,ACWR describes how recent load compares with longer-term load. It does not predict injury.,no,Athlete 15,Midfielders,a0015@example.edu
A0015,2026-09-05,658.0,1,full,456.8571,,,1012.0,11004.0,20.0,-0.8049,ok,22.0,-1.1818,yes,,2026-09-01,37.9667,-0.3167,1.667,No flag,Within measurement error,-0.19,0.19,4.0,ACWR describes how recent load compares with longer-term load. It does not predict injury.,no,Athlete 15,Midfielders,a0015@example.edu
A0015,2026-09-06,0.0,0,full,456.8571,,,0.0,0.0,,,no form,,,not expected,,2026-09-01,37.9667,-0.3167,1.667,No flag,Within measurement error,-0.19,0.19,5.0,ACWR describes how recent load compares with longer-term load. It does not predict injury.,yes,Athlete 15,Midfielders,a0015@example.edu
A0015,2026-09-07,600.0,2,full,436.8571,,,347.0,5929.0,20.0,-0.7629,ok,22.0,-1.1364,yes,,2026-09-01,37.9667,-0.3167,1.667,No flag,Within measurement error,-0.19,0.19,6.0,ACWR describes how recent load compares with longer-term load. It does not predict injury.,yes,Athlete 15,Midfielders,a0015@example.edu
A0015,2026-09-08,540.0,1,full,424.0,,,258.0,5556.0,21.0,-0.0915,ok,22.0,-0.1364,yes,,2026-09-08,37.8333,-0.45,1.667,No flag,Within measurement error,-0.27,0.27,0.0,ACWR describes how recent load compares with longer-term load. It does not predict injury.,yes,Athlete 15,Midfielders,a0015@example.edu
A0015,2026-09-09,450.0,1,full,424.0,,,397.0,5568.0,20.0,-0.7385,ok,22.0,-1.0909,yes,,2026-09-08,37.8333,-0.45,1.667,No flag,Within measurement error,-0.27,0.27,1.0,ACWR describes how recent load compares with longer-term load. It does not predict injury.,yes,Athlete 15,Midfielders,a0015@example.edu
A0015,2026-09-10,600.0,2,full,424.0,,,518.0,6171.0,20.0,-0.6992,ok,22.0,-1.0455,yes,,2026-09-08,37.8333,-0.45,1.667,No flag,Within measurement error,-0.27,0.27,2.0,ACWR describes how recent load compares with longer-term load. It does not predict injury.,yes,Athlete 15,Midfielders,a0015@example.edu
A0015,2026-09-11,240.0,1,full,441.1429,,,202.0,3858.0,20.0,-0.677,ok,23.0,-1.0,yes,,2026-09-08,37.8333,-0.45,1.667,No flag,Within measurement error,-0.27,0.27,3.0,ACWR describes how recent load compares with longer-term load. It does not predict injury.,yes,Athlete 15,Midfielders,a0015@example.edu
A0015,2026-09-12,665.0,1,full,442.1429,,,1021.0,11125.0,21.0,0.0291,ok,23.0,0.0435,yes,,2026-09-08,37.8333,-0.45,1.667,No flag,Within measurement error,-0.27,0.27,4.0,ACWR describes how recent load compares with longer-term load. It does not predict injury.,yes,Athlete 15,Midfielders,a0015@example.edu
A0015,2026-09-13,0.0,0,full,442.1429,,,0.0,0.0,,,no form,,,not expected,,2026-09-08,37.8333,-0.45,1.667,No flag,Within measurement error,-0.27,0.27,5.0,ACWR describes how recent load compares with longer-term load. It does not predict injury.,yes,Athlete 15,Midfielders,a0015@example.edu
A0015,2026-09-14,700.0,2,full,456.4286,,,296.0,5438.0,17.0,-2.708,ok,23.0,-4.0,yes,review,2026-09-08,37.8333,-0.45,1.667,No flag,Within measurement error,-0.27,0.27,6.0,ACWR describes how recent load compares with longer-term load. It does not predict injury.,yes,Athlete 15,Midfielders,a0015@example.edu
A0015,2026-09-15,450.0,1,full,443.5714,,,275.0,5757.0,22.0,0.692,ok,23.0,1.1739,yes,,2026-09-15,38.5667,0.2833,1.667,No flag,Within measurement error,0.17,-0.17,0.0,ACWR describes how recent load compares with longer-term load. It does not predict injury.,yes,Athlete 15,Midfielders,a0015@example.edu
A0015,2026-09-16,450.0,1,full,443.5714,,,385.0,5658.0,22.0,0.692,ok,23.0,1.1739,yes,,2026-09-15,38.5667,0.2833,1.667,No flag,Within measurement error,0.17,-0.17,1.0,ACWR describes how recent load compares with longer-term load. It does not predict injury.,yes,Athlete 15,Midfielders,a0015@example.edu
A0015,2026-09-17,740.0,2,full,463.5714,,,315.0,5581.0,20.0,-0.522,ok,24.0,-0.875,yes,,2026-09-15,38.5667,0.2833,1.667,No flag,Within measurement error,0.17,-0.17,2.0,ACWR describes how recent load compares with longer-term load. It does not predict injury.,yes,Athlete 15,Midfielders,a0015@example.edu
A0015,2026-09-18,180.0,1,full,455.0,,,251.0,3857.0,18.0,-1.6741,ok,24.0,-2.7917,yes,,2026-09-15,38.5667,0.2833,1.667,No flag,Within measurement error,0.17,-0.17,3.0,ACWR describes how recent load compares with longer-term load. It does not predict injury.,yes,Athlete 15,Midfielders,a0015@example.edu
A0015,2026-09-19,406.0,1,full,418.0,,,491.0,6382.0,22.0,0.8374,ok,24.0,1.4167,yes,,2026-09-15,38.5667,0.2833,1.667,No flag,Within measurement error,0.17,-0.17,4.0,ACWR describes how recent load compares with longer-term load. It does not predict injury.,yes,Athlete 15,Midfielders,a0015@example.edu
A0015,2026-09-20,0.0,0,full,418.0,,,0.0,0.0,,,no form,,,not expected,,2026-09-15,38.5667,0.2833,1.667,No flag,Within measurement error,0.17,-0.17,5.0,ACWR describes how recent load compares with longer-term load. It does not predict injury.,yes,Athlete 15,Midfielders,a0015@example.edu
A0015,2026-09-21,610.0,2,full,405.1429,,,288.0,5619.0,20.0,-0.3645,ok,24.0,-0.625,yes,,2026-09-15,38.5667,0.2833,1.667,No flag,Within measurement error,0.17,-0.17,6.0,ACWR describes how recent load compares with longer-term load. It does not predict injury.,yes,Athlete 15,Midfielders,a0015@example.edu
A0015,2026-09-22,540.0,1,full,418.0,,,375.0,5543.0,19.0,-1.0493,ok,24.0,-1.7083,yes,,2026-09-22,39.4667,1.1833,1.667,No flag,Within measurement error,0.7099,-0.7099,0.0,ACWR describes how recent load compares with longer-term load. It does not predict injury.,yes,Athlete 15,Midfielders,a0015@example.edu
A0015,2026-09-23,450.0,1,full,418.0,,,319.0,6230.0,21.0,0.2255,ok,24.0,0.375,yes,,2026-09-22,39.4667,1.1833,1.667,No flag,Within measurement error,0.7099,-0.7099,1.0,ACWR describes how recent load compares with longer-term load. It does not predict injury.,yes,Athlete 15,Midfielders,a0015@example.edu
A0015,2026-09-24,430.0,2,full,373.7143,,,349.0,5564.0,22.0,0.7934,ok,24.0,1.2917,yes,,2026-09-22,39.4667,1.1833,1.667,No flag,Within measurement error,0.7099,-0.7099,2.0,ACWR describes how recent load compares with longer-term load. It does not predict injury.,yes,Athlete 15,Midfielders,a0015@example.edu
A0015,2026-09-25,120.0,1,full,365.1429,,,230.0,3912.0,19.0,-1.0616,ok,24.0,-1.75,yes,,2026-09-22,39.4667,1.1833,1.667,No flag,Within measurement error,0.7099,-0.7099,3.0,ACWR describes how recent load compares with longer-term load. It does not predict injury.,yes,Athlete 15,Midfielders,a0015@example.edu
A0015,2026-09-26,600.0,1,full,392.8571,427.4643,0.919,711.0,8643.0,,,no form,,,no,,2026-09-22,39.4667,1.1833,1.667,No flag,Within measurement error,0.7099,-0.7099,4.0,ACWR describes how recent load compares with longer-term load. It does not predict injury.,yes,Athlete 15,Midfielders,a0015@example.edu
A0015,2026-09-27,0.0,0,full,392.8571,427.4643,0.919,0.0,0.0,,,no form,,,not expected,,2026-09-22,39.4667,1.1833,1.667,No flag,Within measurement error,0.7099,-0.7099,5.0,ACWR describes how recent load compares with longer-term load. It does not predict injury.,yes,Athlete 15,Midfielders,a0015@example.edu
A0015,2026-09-28,560.0,2,full,385.7143,421.0357,0.9161,355.0,5834.0,18.0,-1.7489,ok,23.0,-2.5217,yes,,2026-09-22,39.4667,1.1833,1.667,No flag,Within measurement error,0.7099,-0.7099,6.0,ACWR describes how recent load compares with longer-term load. It does not predict injury.,yes,Athlete 15,Midfielders,a0015@example.edu
A0015,2026-09-29,540.0,1,full,385.7143,417.8214,0.9232,378.0,6018.0,21.0,0.436,ok,23.0,0.6522,yes,,2026-09-29,39.8667,1.5833,1.667,No flag,Within measurement error,0.9498,-0.9498,0.0,ACWR describes how recent load compares with longer-term load. It does not predict injury.,yes,Athlete 15,Midfielders,a0015@example.edu
A0015,2026-09-30,225.0,1,modified,353.5714,409.7857,0.8628,262.0,3080.0,,,no form,,,no,,2026-09-29,39.8667,1.5833,1.667,No flag,Within measurement error,0.9498,-0.9498,1.0,ACWR describes how recent load compares with longer-term load. It does not predict injury.,yes,Athlete 15,Midfielders,a0015@example.edu
A0015,2026-10-01,740.0,2,full,397.8571,414.7857,0.9592,271.0,5569.0,23.0,1.9202,ok,22.0,2.7273,yes,,2026-09-29,39.8667,1.5833,1.667,No flag,Within measurement error,0.9498,-0.9498,2.0,ACWR describes how recent load compares with longer-term load. It does not predict injury.,yes,Athlete 15,Midfielders,a0015@example.edu
A0015,2026-10-02,120.0,1,full,397.8571,414.7857,0.9592,220.0,3741.0,20.0,-0.2132,ok,22.0,-0.3182,yes,,2026-09-29,39.8667,1.5833,1.667,No flag,Within measurement error,0.9498,-0.9498,3.0,ACWR describes how recent load compares with longer-term load. It does not predict injury.,yes,Athlete 15,Midfielders,a0015@example.edu
A0015,2026-10-03,312.0,1,full,356.7143,402.4286,0.8864,323.0,4167.0,19.0,-0.8566,ok,22.0,-1.2727,yes,,2026-09-29,39.8667,1.5833,1.667,No flag,Within measurement error,0.9498,-0.9498,4.0,ACWR describes how recent load compares with longer-term load. It does not predict injury.,yes,Athlete 15,Midfielders,a0015@example.edu
A0016,2026-07-06,650.0,2,full,,,,269.0,4824.0,16.0,,baseline too short,0.0,,yes,,,,,,,,,,,ACWR describes how recent load compares with longer-term load. It does not predict injury.,no,Athlete 16,Midfielders,a0016@example.edu
A0016,2026-07-07,540.0,1,full,,,,302.0,5264.0,13.0,,baseline too short,1.0,,yes,,2026-07-07,31.7333,,,Baseline,Baseline test,,,0.0,ACWR describes how recent load compares with longer-term load. It does not predict injury.,no,Athlete 16,Midfielders,a0016@example.edu
A0016,2026-07-08,360.0,1,full,,,,359.0,4968.0,16.0,,baseline too short,2.0,,yes,,2026-07-07,31.7333,,,Baseline,Baseline test,,,1.0,ACWR describes how recent load compares with longer-term load. It does not predict injury.,no,Athlete 16,Midfielders,a0016@example.edu
A0016,2026-07-09,380.0,2,full,,,,309.0,4488.0,16.0,,baseline too short,3.0,,yes,,2026-07-09,31.6,,,Baseline,Baseline test,,,0.0,ACWR describes how recent load compares with longer-term load. It does not predict injury.,no,Athlete 16,Midfielders,a0016@example.edu
A0016,2026-07-10,120.0,1,full,,,,214.0,3224.0,15.0,,baseline too short,4.0,,yes,,2026-07-09,31.6,,,Baseline,Baseline test,,,1.0,ACWR describes how recent load compares with longer-term load. It does not predict injury.,no,Athlete 16,Midfielders,a0016@example.edu
A0016,2026-07-11,0.0,0,full,,,,0.0,0.0,16.0,,baseline too short,5.0,,yes,,2026-07-09,31.6,,,Baseline,Baseline test,,,2.0,ACWR describes how recent load compares with longer-term load. It does not predict injury.,no,Athlete 16,Midfielders,a0016@example.edu
A0016,2026-07-12,0.0,0,full,292.8571,,,0.0,0.0,,,no form,,,not expected,,2026-07-09,31.6,,,Baseline,Baseline test,,,3.0,ACWR describes how recent load compares with longer-term load. It does not predict injury.,no,Athlete 16,Midfielders,a0016@example.edu
A0016,2026-07-13,700.0,2,full,300.0,,,344.0,4646.0,16.0,,baseline too short,6.0,,yes,,2026-07-09,31.6,,,Baseline,Baseline test,,,4.0,ACWR describes how recent load compares with longer-term load. It does not predict injury.,no,Athlete 16,Midfielders,a0016@example.edu
A0016,2026-07-14,450.0,1,full,287.1429,,,240.0,4918.0,16.0,,baseline too short,7.0,,yes,,2026-07-14,32.0667,,,Baseline,Baseline test,,,0.0,ACWR describes how recent load compares with longer-term load. It does not predict injury.,no,Athlete 16,Midfielders,a0016@example.edu
A0016,2026-07-15,270.0,1,full,274.2857,,,233.0,4399.0,17.0,,baseline too short,8.0,,yes,,2026-07-14,32.0667,,,Baseline,Baseline test,,,1.0,ACWR describes how recent load compares with longer-term load. It does not predict injury.,no,Athlete 16,Midfielders,a0016@example.edu
A0016,2026-07-16,560.0,2,full,300.0,,,222.0,4177.0,19.0,,baseline too short,9.0,,yes,,2026-07-14,32.0667,,,Baseline,Baseline test,,,2.0,ACWR describes how recent load compares with longer-term load. It does not predict injury.,no,Athlete 16,Midfielders,a0016@example.edu
A0016,2026-07-17,120.0,1,full,300.0,,,217.0,3194.0,15.0,,baseline too short,10.0,,yes,,2026-07-14,32.0667,,,Baseline,Baseline test,,,3.0,ACWR describes how recent load compares with longer-term load. It does not predict injury.,no,Athlete 16,Midfielders,a0016@example.edu
A0016,2026-07-18,0.0,0,full,300.0,,,0.0,0.0,17.0,,baseline too short,11.0,,yes,,2026-07-14,32.0667,,,Baseline,Baseline test,,,4.0,ACWR describes how recent load compares with longer-term load. It does not predict injury.,no,Athlete 16,Midfielders,a0016@example.edu
A0016,2026-07-19,0.0,0,full,300.0,,,0.0,0.0,,,no form,,,not expected,,2026-07-14,32.0667,,,Baseline,Baseline test,,,5.0,ACWR describes how recent load compares with longer-term load. It does not predict injury.,no,Athlete 16,Midfielders,a0016@example.edu
A0016,2026-07-20,980.0,2,full,340.0,,,556.0,7920.0,15.0,,baseline too short,12.0,,yes,,2026-07-14,32.0667,,,Baseline,Baseline test,,,6.0,ACWR describes how recent load compares with longer-term load. It does not predict injury.,no,Athlete 16,Midfielders,a0016@example.edu
A0016,2026-07-21,630.0,1,full,365.7143,,,612.0,7711.0,15.0,,baseline too short,13.0,,yes,,2026-07-21,30.0,,,Baseline,Baseline test,,,0.0,ACWR describes how recent load compares with longer-term load. It does not predict injury.,no,Athlete 16,Midfielders,a0016@example.edu
A0016,2026-07-22,540.0,1,full,404.2857,,,443.0,7529.0,16.0,0.1058,ok,14.0,0.1429,yes,,2026-07-21,30.0,,,Baseline,Baseline test,,,1.0,ACWR describes how recent load compares with longer-term load. It does not predict injury.,no,Athlete 16,Midfielders,a0016@example.edu
A0016,2026-07-23,740.0,2,full,430.0,,,416.0,8193.0,16.0,0.1024,ok,15.0,0.1333,yes,,2026-07-21,30.0,,,Baseline,Baseline test,,,2.0,ACWR describes how recent load compares with longer-term load. It does not predict injury.,no,Athlete 16,Midfielders,a0016@example.edu
A0016,2026-07-24,300.0,1,full,455.7143,,,287.0,6352.0,14.0,-1.4901,ok,16.0,-1.875,yes,,2026-07-21,30.0,,,Baseline,Baseline test,,,3.0,ACWR describes how recent load compares with longer-term load. It does not predict injury.,no,Athlete 16,Midfielders,a0016@example.edu
A0016,2026-07-25,0.0,0,full,455.7143,,,0.0,0.0,16.0,0.1809,ok,17.0,0.2353,yes,,2026-07-21,30.0,,,Baseline,Baseline test,,,4.0,ACWR describes how recent load compares with longer-term load. It does not predict injury.,no,Athlete 16,Midfielders,a0016@example.edu
A0016,2026-07-26,0.0,0,full,455.7143,,,0.0,0.0,,,no form,,,not expected,,2026-07-21,30.0,,,Baseline,Baseline test,,,5.0,ACWR describes how recent load compares with longer-term load. It does not predict injury.,no,Athlete 16,Midfielders,a0016@example.edu
A0016,2026-07-27,560.0,2,full,395.7143,,,469.0,6888.0,13.0,-2.1996,ok,18.0,-2.7778,yes,review,2026-07-21,30.0,,,Baseline,Baseline test,,,6.0,ACWR describes how recent load compares with longer-term load. It does not predict injury.,no,Athlete 16,Midfielders,a0016@example.edu
A0016,2026-07-28,540.0,1,full,382.8571,,,337.0,5214.0,16.0,0.2664,ok,19.0,0.3684,yes,,2026-07-28,31.1667,,,Baseline,Baseline test,,,0.0,ACWR describes how recent load compares with longer-term load. It does not predict injury.,no,Athlete 16,Midfielders,a0016@example.edu
A0016,2026-07-29,360.0,1,full,357.1429,,,295.0,6453.0,12.0,-2.7067,ok,20.0,-3.65,yes,review,2026-07-28,31.1667,,,Baseline,Baseline test,,,1.0,ACWR describes how recent load compares with longer-term load. It does not predict injury.,no,Athlete 16,Midfielders,a0016@example.edu
A0016,2026-07-30,610.0,2,full,338.5714,,,,,15.0,-0.3098,ok,21.0,-0.4762,yes,,2026-07-28,31.1667,,,Baseline,Baseline test,,,2.0,ACWR describes how recent load compares with longer-term load. It does not predict injury.,no,Athlete 16,Midfielders,a0016@example.edu
A0016,2026-07-31,240.0,1,full,330.0,,,212.0,4148.0,17.0,1.0281,ok,22.0,1.5455,yes,,2026-07-28,31.1667,,,Baseline,Baseline test,,,3.0,ACWR describes how recent load compares with longer-term load. It does not predict injury.,no,Athlete 16,Midfielders,a0016@example.edu
A0016,2026-08-01,0.0,0,full,330.0,,,0.0,0.0,16.0,0.3181,ok,23.0,0.4783,yes,,2026-07-28,31.1667,,,Baseline,Baseline test,,,4.0,ACWR describes how recent load compares with longer-term load. It does not predict injury.,no,Athlete 16,Midfielders,a0016@example.edu
A0016,2026-08-02,0.0,0,full,330.0,344.6429,0.9575,0.0,0.0,,,no form,,,not expected,,2026-07-28,31.1667,,,Baseline,Baseline test,,,5.0,ACWR describes how recent load compares with longer-term load. It does not predict injury.,no,Athlete 16,Midfielders,a0016@example.edu
A0016,2026-08-03,790.0,2,full,362.8571,349.6429,1.0378,352.0,5916.0,14.0,-1.046,ok,24.0,-1.5417,yes,,2026-07-28,31.1667,,,Baseline,Baseline test,,,6.0,ACWR describes how recent load compares with longer-term load. It does not predict injury.,no,Athlete 16,Midfielders,a0016@example.edu
A0016,2026-08-04,360.0,1,full,337.1429,343.2143,0.9823,317.0,5826.0,15.0,-0.3049,ok,24.0,-0.4583,yes,,2026-08-04,30.4667,-0.8467,1.6333,No flag,Within measurement error,-0.5184,0.5184,0.0,ACWR describes how recent load compares with longer-term load. It does not predict injury.,no,Athlete 16,Midfielders,a0016@example.edu
A0016,2026-08-05,270.0,1,full,324.2857,340.0,0.9538,417.0,6432.0,14.0,-1.0906,ok,24.0,-1.5417,yes,,2026-08-04,30.4667,-0.8467,1.6333,No flag,Within measurement error,-0.5184,0.5184,1.0,ACWR describes how recent load compares with longer-term load. It does not predict injury.,no,Athlete 16,Midfielders,a0016@example.edu
A0016,2026-08-06,600.0,2,full,322.8571,347.8571,0.9281,423.0,6302.0,16.0,0.3751,ok,24.0,0.5417,yes,,2026-08-04,30.4667,-0.8467,1.6333,No flag,Within measurement error,-0.5184,0.5184,2.0,ACWR describes how recent load compares with longer-term load. It does not predict injury.,no,Athlete 16,Midfielders,a0016@example.edu
A0016,2026-08-07,180.0,1,full,314.2857,350.0,0.898,278.0,4663.0,13.0,-1.7024,ok,24.0,-2.4583,yes,,2026-08-04,30.4667,-0.8467,1.6333,No flag,Within measurement error,-0.5184,0.5184,3.0,ACWR describes how recent load compares with longer-term load. It does not predict injury.,no,Athlete 16,Midfielders,a0016@example.edu
A0016,2026-08-08,0.0,0,full,314.2857,350.0,0.898,0.0,0.0,16.0,0.4093,ok,24.0,0.625,yes,,2026-08-04,30.4667,-0.8467,1.6333,No flag,Within measurement error,-0.5184,0.5184,4.0,ACWR describes how recent load compares with longer-term load. It does not predict injury.,no,Athlete 16,Midfielders,a0016@example.edu
A0016,2026-08-09,0.0,0,full,314.2857,350.0,0.898,0.0,0.0,,,no form,,,not expected,,2026-08-04,30.4667,-0.8467,1.6333,No flag,Within measurement error,-0.5184,0.5184,5.0,ACWR describes how recent load compares with longer-term load. It does not predict injury.,no,Athlete 16,Midfielders,a0016@example.edu
A0016,2026-08-10,740.0,2,full,307.1429,351.4286,0.874,435.0,6191.0,16.0,0.4093,ok,24.0,0.625,yes,,2026-08-04,30.4667,-0.8467,1.6333,No flag,Within measurement error,-0.5184,0.5184,6.0,ACWR describes how recent load compares with longer-term load. It does not predict injury.,no,Athlete 16,Midfielders,a0016@example.edu
A0016,2026-08-11,540.0,1,full,332.8571,354.6429,0.9386,419.0,6296.0,,,no form,,,no,,2026-08-11,30.9333,-0.38,1.6333,No flag,Within measurement error,-0.2327,0.2327,0.0,ACWR describes how recent load compares with longer-term load. It does not predict injury.,no,Athlete 16,Midfielders,a0016@example.edu
A0016,2026-08-12,450.0,1,full,358.5714,361.0714,0.9931,456.0,6531.0,14.0,-0.8666,ok,23.0,-1.3478,yes,,2026-08-11,30.9333,-0.38,1.6333,No flag,Within measurement error,-0.2327,0.2327,1.0,ACWR describes how recent load compares with longer-term load. It does not predict injury.,no,Athlete 16,Midfielders,a0016@example.edu
A0016,2026-08-13,510.0,2,full,345.7143,359.2857,0.9622,520.0,7030.0,13.0,-1.4435,ok,23.0,-2.2174,yes,,2026-08-11,30.9333,-0.38,1.6333,No flag,Within measurement error,-0.2327,0.2327,2.0,ACWR describes how recent load compares with longer-term load. It does not predict injury.,no,Athlete 16,Midfielders,a0016@example.edu
A0016,2026-08-14,180.0,1,full,345.7143,361.4286,0.9565,227.0,4187.0,17.0,1.4977,ok,23.0,2.0435,yes,,2026-08-11,30.9333,-0.38,1.6333,No flag,Within measurement error,-0.2327,0.2327,3.0,ACWR describes how recent load compares with longer-term load. It does not predict injury.,no,Athlete 16,Midfielders,a0016@example.edu
A0016,2026-08-15,0.0,0,full,345.7143,361.4286,0.9565,0.0,0.0,12.0,-2.129,ok,23.0,-3.0435,yes,review,2026-08-11,30.9333,-0.38,1.6333,No flag,Within measurement error,-0.2327,0.2327,4.0,ACWR describes how recent load compares with longer-term load. It does not predict injury.,no,Athlete 16,Midfielders,a0016@example.edu
A0016,2026-08-16,0.0,0,full,345.7143,361.4286,0.9565,0.0,0.0,,,no form,,,not expected,,2026-08-11,30.9333,-0.38,1.6333,No flag,Within measurement error,-0.2327,0.2327,5.0,ACWR describes how recent load compares with longer-term load. It does not predict injury.,no,Athlete 16,Midfielders,a0016@example.edu
A0016,2026-08-17,690.0,2,full,338.5714,351.0714,0.9644,331.0,6237.0,19.0,2.7881,ok,23.0,4.1739,yes,,2026-08-11,30.9333,-0.38,1.6333,No flag,Within measurement error,-0.2327,0.2327,6.0,ACWR describes how recent load compares with longer-term load. It does not predict injury.,no,Athlete 16,Midfielders,a0016@example.edu
A0016,2026-08-18,450.0,1,full,325.7143,344.6429,0.9451,290.0,6539.0,16.0,0.5774,ok,23.0,1.0,yes,,2026-08-18,31.5333,0.22,1.6333,No flag,Within measurement error,0.1347,-0.1347,0.0,ACWR describes how recent load compares with longer-term load. It does not predict injury.,no,Athlete 16,Midfielders,a0016@example.edu
A0016,2026-08-19,450.0,1,full,325.7143,341.4286,0.954,303.0,5983.0,17.0,1.1215,ok,23.0,1.9565,yes,,2026-08-18,31.5333,0.22,1.6333,No flag,Within measurement error,0.1347,-0.1347,1.0,ACWR describes how recent load compares with longer-term load. It does not predict injury.,no,Athlete 16,Midfielders,a0016@example.edu
A0016,2026-08-20,740.0,2,full,358.5714,341.4286,1.0502,436.0,6205.0,17.0,1.0738,ok,23.0,1.913,yes,,2026-08-18,31.5333,0.22,1.6333,No flag,Within measurement error,0.1347,-0.1347,2.0,ACWR describes how recent load compares with longer-term load. It does not predict injury.,no,Athlete 16,Midfielders,a0016@example.edu
A0016,2026-08-21,300.0,1,full,375.7143,341.4286,1.1004,246.0,4196.0,13.0,-1.1727,ok,23.0,-2.1304,yes,,2026-08-18,31.5333,0.22,1.6333,No flag,Within measurement error,0.1347,-0.1347,3.0,ACWR describes how recent load compares with longer-term load. It does not predict injury.,no,Athlete 16,Midfielders,a0016@example.edu
A0016,2026-08-22,651.0,1,full,468.7143,364.6786,1.2853,1142.0,11851.0,18.0,1.5691,ok,23.0,2.913,yes,,2026-08-18,31.5333,0.22,1.6333,No flag,Within measurement error,0.1347,-0.1347,4.0,ACWR describes how recent load compares with longer-term load. It does not predict injury.,no,Athlete 16,Midfielders,a0016@example.edu
A0016,2026-08-23,0.0,0,full,468.7143,364.6786,1.2853,0.0,0.0,,,no form,,,not expected,,2026-08-18,31.5333,0.22,1.6333,No flag,Within measurement error,0.1347,-0.1347,5.0,ACWR describes how recent load compares with longer-term load. It does not predict injury.,no,Athlete 16,Midfielders,a0016@example.edu
A0016,2026-08-24,560.0,2,full,450.1429,364.6786,1.2344,364.0,6053.0,13.0,-1.1172,ok,23.0,-2.1739,yes,,2026-08-18,31.5333,0.22,1.6333,No flag,Within measurement error,0.1347,-0.1347,6.0,ACWR describes how recent load compares with longer-term load. It does not predict injury.,no,Athlete 16,Midfielders,a0016@example.edu
A0016,2026-08-25,540.0,1,full,463.0,364.6786,1.2696,492.0,6629.0,,,no form,,,no,,2026-08-25,31.0333,-0.28,1.6333,No flag,Within measurement error,-0.1714,0.1714,0.0,ACWR describes how recent load compares with longer-term load. It does not predict injury.,no,Athlete 16,Midfielders,a0016@example.edu
A0016,2026-08-26,450.0,1,full,463.0,367.8929,1.2585,373.0,6185.0,15.0,-0.0688,ok,22.0,-0.1364,yes,,2026-08-25,31.0333,-0.28,1.6333,No flag,Within measurement error,-0.1714,0.1714,1.0,ACWR describes how recent load compares with longer-term load. It does not predict injury.,no,Athlete 16,Midfielders,a0016@example.edu
A0016,2026-08-27,690.0,2,full,455.8571,370.75,1.2296,413.0,6455.0,15.0,-0.1469,ok,22.0,-0.2727,yes,,2026-08-25,31.0333,-0.28,1.6333,No flag,Within measurement error,-0.1714,0.1714,2.0,ACWR describes how recent load compares with longer-term load. It does not predict injury.,no,Athlete 16,Midfielders,a0016@example.edu
A0016,2026-08-28,180.0,1,full,438.7143,368.6071,1.1902,263.0,3620.0,,,no form,,,no,,2026-08-25,31.0333,-0.28,1.6333,No flag,Within measurement error,-0.1714,0.1714,3.0,ACWR describes how recent load compares with longer-term load. It does not predict injury.,no,Athlete 16,Midfielders,a0016@example.edu
A0016,2026-08-29,760.0,1,full,454.2857,395.75,1.1479,1040.0,11750.0,13.0,-1.1773,ok,21.0,-2.1905,yes,,2026-08-25,31.0333,-0.28,1.6333,No flag,Within measurement error,-0.1714,0.1714,4.0,ACWR describes how recent load compares with longer-term load. It does not predict injury.,no,Athlete 16,Midfielders,a0016@example.edu
A0016,2026-08-30,0.0,0,full,454.2857,395.75,1.1479,0.0,0.0,,,no form,,,not expected,,2026-08-25,31.0333,-0.28,1.6333,No flag,Within measurement error,-0.1714,0.1714,5.0,ACWR describes how recent load compares with longer-term load. It does not predict injury.,no,Athlete 16,Midfielders,a0016@example.edu
A0016,2026-08-31,510.0,2,full,447.1429,385.75,1.1592,,,12.0,-1.5957,ok,21.0,-3.0476,yes,,2026-08-25,31.0333,-0.28,1.6333,No flag,Within measurement error,-0.1714,0.1714,6.0,ACWR describes how recent load compares with longer-term load. It does not predict injury.,no,Athlete 16,Midfielders,a0016@example.edu
A0016,2026-09-01,225.0,1,modified,402.1429,380.9286,1.0557,,,14.0,-0.4734,ok,21.0,-0.9524,yes,,2026-09-01,31.4333,0.12,1.6333,No flag,Within measurement error,0.0735,-0.0735,0.0,ACWR describes how recent load compares with longer-term load. It does not predict injury.,no,Athlete 16,Midfielders,a0016@example.edu
A0016,2026-09-02,450.0,1,full,402.1429,387.3571,1.0382,300.0,5819.0,15.0,0.0471,ok,21.0,0.0952,yes,,2026-09-01,31.4333,0.12,1.6333,No flag,Within measurement error,0.0735,-0.0735,1.0,ACWR describes how recent load compares with longer-term load. It does not predict injury.,no,Athlete 16,Midfielders,a0016@example.edu
A0016,2026-09-03,560.0,2,full,383.5714,385.9286,0.9939,489.0,6298.0,15.0,0.0237,ok,21.0,0.0476,yes,,2026-09-01,31.4333,0.12,1.6333,No flag,Within measurement error,0.0735,-0.0735,2.0,ACWR describes how recent load compares with longer-term load. It does not predict injury.,no,Athlete 16,Midfielders,a0016@example.edu
A0016,2026-09-04,180.0,1,full,383.5714,385.9286,0.9939,224.0,4176.0,,,no form,,,no,,2026-09-01,31.4333,0.12,1.6333,No flag,Within measurement error,0.0735,-0.0735,3.0,ACWR describes how recent load compares with longer-term load. It does not predict injury.,no,Athlete 16,Midfielders,a0016@example.edu
A0016,2026-09-05,510.0,1,full,347.8571,404.1429,0.8607,733.0,9288.0,17.0,1.0,ok,20.0,2.0,yes,,2026-09-01,31.4333,0.12,1.6333,No flag,Within measurement error,0.0735,-0.0735,4.0,ACWR describes how recent load compares with longer-term load. It does not predict injury.,no,Athlete 16,Midfielders,a0016@example.edu
A0016,2026-09-06,0.0,0,full,347.8571,404.1429,0.8607,0.0,0.0,,,no form,,,not expected,,2026-09-01,31.4333,0.12,1.6333,No flag,Within measurement error,0.0735,-0.0735,5.0,ACWR describes how recent load compares with longer-term load. It does not predict injury.,yes,Athlete 16,Midfielders,a0016@example.edu
A0016,2026-09-07,610.0,2,full,362.1429,399.5,0.9065,254.0,6172.0,14.0,-0.5151,ok,20.0,-1.05,yes,,2026-09-01,31.4333,0.12,1.6333,No flag,Within measurement error,0.0735,-0.0735,6.0,ACWR describes how recent load compares with longer-term load. It does not predict injury.,yes,Athlete 16,Midfielders,a0016@example.edu
A0016,2026-09-08,450.0,1,full,394.2857,396.2857,0.995,313.0,5818.0,14.0,-0.466,ok,20.0,-0.95,yes,,2026-09-08,31.5333,0.22,1.6333,No flag,Within measurement error,0.1347,-0.1347,0.0,ACWR describes how recent load compares with longer-term load. It does not predict injury.,yes,Athlete 16,Midfielders,a0016@example.edu
A0016,2026-09-09,540.0,1,full,407.1429,399.5,1.0191,361.0,6301.0,18.0,1.5495,ok,21.0,3.0952,yes,,2026-09-08,31.5333,0.22,1.6333,No flag,Within measurement error,0.1347,-0.1347,1.0,ACWR describes how recent load compares with longer-term load. It does not predict injury.,yes,Athlete 16,Midfielders,a0016@example.edu
A0016,2026-09-10,740.0,2,full,432.8571,407.7143,1.0617,399.0,6341.0,17.0,0.909,ok,21.0,1.9048,yes,,2026-09-08,31.5333,0.22,1.6333,No flag,Within measurement error,0.1347,-0.1347,2.0,ACWR describes how recent load compares with longer-term load. It does not predict injury.,yes,Athlete 16,Midfielders,a0016@example.edu
A0016,2026-09-11,180.0,1,full,432.8571,407.7143,1.0617,260.0,4465.0,16.0,0.3439,ok,21.0,0.7143,yes,,2026-09-08,31.5333,0.22,1.6333,No flag,Within measurement error,0.1347,-0.1347,3.0,ACWR describes how recent load compares with longer-term load. It does not predict injury.,yes,Athlete 16,Midfielders,a0016@example.edu
A0016,2026-09-12,539.0,1,full,437.0,426.9643,1.0235,628.0,9801.0,15.0,-0.1163,ok,21.0,-0.2381,yes,,2026-09-08,31.5333,0.22,1.6333,No flag,Within measurement error,0.1347,-0.1347,4.0,ACWR describes how recent load compares with longer-term load. It does not predict injury.,yes,Athlete 16,Midfielders,a0016@example.edu
A0016,2026-09-13,0.0,0,full,437.0,426.9643,1.0235,0.0,0.0,,,no form,,,not expected,,2026-09-08,31.5333,0.22,1.6333,No flag,Within measurement error,0.1347,-0.1347,5.0,ACWR describes how recent load compares with longer-term load. It does not predict injury.,yes,Athlete 16,Midfielders,a0016@example.edu
A0016,2026-09-14,560.0,2,full,429.8571,422.3214,1.0178,303.0,6016.0,13.0,-1.2467,ok,21.0,-2.381,yes,,2026-09-08,31.5333,0.22,1.6333,No flag,Within measurement error,0.1347,-0.1347,6.0,ACWR describes how recent load compares with longer-term load. It does not predict injury.,yes,Athlete 16,Midfielders,a0016@example.edu
A0016,2026-09-15,450.0,1,full,429.8571,422.3214,1.0178,263.0,6192.0,,,no form,,,no,,2026-09-15,32.0333,0.72,1.6333,No flag,Within measurement error,0.4408,-0.4408,0.0,ACWR describes how recent load compares with longer-term load. It does not predict injury.,yes,Athlete 16,Midfielders,a0016@example.edu
A0016,2026-09-16,450.0,1,full,417.0,422.3214,0.9874,415.0,6279.0,,,no form,,,no,,2026-09-15,32.0333,0.72,1.6333,No flag,Within measurement error,0.4408,-0.4408,1.0,ACWR describes how recent load compares with longer-term load. It does not predict injury.,yes,Athlete 16,Midfielders,a0016@example.edu
A0016,2026-09-17,650.0,2,full,404.1429,419.1071,0.9643,446.0,6433.0,14.0,-0.5235,ok,19.0,-0.9474,yes,,2026-09-15,32.0333,0.72,1.6333,No flag,Within measurement error,0.4408,-0.4408,2.0,ACWR describes how recent load compares with longer-term load. It does not predict injury.,yes,Athlete 16,Midfielders,a0016@example.edu
A0016,2026-09-18,120.0,1,full,395.5714,412.6786,0.9585,192.0,3622.0,16.0,0.6915,ok,19.0,1.2105,yes,,2026-09-15,32.0333,0.72,1.6333,No flag,Within measurement error,0.4408,-0.4408,3.0,ACWR describes how recent load compares with longer-term load. It does not predict injury.,yes,Athlete 16,Midfielders,a0016@example.edu
A0016,2026-09-19,588.0,1,full,402.5714,410.4286,0.9809,1012.0,10388.0,14.0,-0.5524,ok,19.0,-0.9474,yes,,2026-09-15,32.0333,0.72,1.6333,No flag,Within measurement error,0.4408,-0.4408,4.0,ACWR describes how recent load compares with longer-term load. It does not predict injury.,yes,Athlete 16,Midfielders,a0016@example.edu
A0016,2026-09-20,0.0,0,full,402.5714,410.4286,0.9809,0.0,0.0,,,no form,,,not expected,,2026-09-15,32.0333,0.72,1.6333,No flag,Within measurement error,0.4408,-0.4408,5.0,ACWR describes how recent load compares with longer-term load. It does not predict injury.,yes,Athlete 16,Midfielders,a0016@example.edu
A0016,2026-09-21,880.0,2,full,448.2857,421.8571,1.0626,392.0,6193.0,14.0,-0.473,ok,19.0,-0.7368,yes,,2026-09-15,32.0333,0.72,1.6333,No flag,Within measurement error,0.4408,-0.4408,6.0,ACWR describes how recent load compares with longer-term load. It does not predict injury.,yes,Athlete 16,Midfielders,a0016@example.edu
A0016,2026-09-22,540.0,1,full,461.1429,421.8571,1.0931,314.0,6010.0,15.0,0.1392,ok,19.0,0.2105,yes,,2026-09-22,31.6333,0.32,1.6333,No flag,Within measurement error,0.1959,-0.1959,0.0,ACWR describes how recent load compares with longer-term load. It does not predict injury.,yes,Athlete 16,Midfielders,a0016@example.edu
A0016,2026-09-23,540.0,1,full,474.0,425.0714,1.1151,249.0,5799.0,17.0,1.494,ok,20.0,2.2,yes,,2026-09-22,31.6333,0.32,1.6333,No flag,Within measurement error,0.1959,-0.1959,1.0,ACWR describes how recent load compares with longer-term load. It does not predict injury.,yes,Athlete 16,Midfielders,a0016@example.edu
A0016,2026-09-24,740.0,2,full,486.8571,426.8571,1.1406,422.0,5783.0,16.0,0.7085,ok,20.0,1.1,yes,,2026-09-22,31.6333,0.32,1.6333,No flag,Within measurement error,0.1959,-0.1959,2.0,ACWR describes how recent load compares with longer-term load. It does not predict injury.,yes,Athlete 16,Midfielders,a0016@example.edu
A0016,2026-09-25,120.0,1,full,486.8571,424.7143,1.1463,291.0,4241.0,15.0,0.0318,ok,20.0,0.05,yes,,2026-09-22,31.6333,0.32,1.6333,No flag,Within measurement error,0.1959,-0.1959,3.0,ACWR describes how recent load compares with longer-term load. It does not predict injury.,yes,Athlete 16,Midfielders,a0016@example.edu
A0016,2026-09-26,464.0,1,full,469.1429,414.1429,1.1328,625.0,6704.0,15.0,0.0311,ok,21.0,0.0476,yes,,2026-09-22,31.6333,0.32,1.6333,No flag,Within measurement error,0.1959,-0.1959,4.0,ACWR describes how recent load compares with longer-term load. It does not predict injury.,yes,Athlete 16,Midfielders,a0016@example.edu
A0016,2026-09-27,0.0,0,full,469.1429,414.1429,1.1328,0.0,0.0,,,no form,,,not expected,,2026-09-22,31.6333,0.32,1.6333,No flag,Within measurement error,0.1959,-0.1959,5.0,ACWR describes how recent load compares with longer-term load. It does not predict injury.,yes,Athlete 16,Midfielders,a0016@example.edu
A0016,2026-09-28,650.0,2,full,436.2857,419.1429,1.0409,418.0,5693.0,15.0,-0.0325,ok,21.0,-0.0476,yes,,2026-09-22,31.6333,0.32,1.6333,No flag,Within measurement error,0.1959,-0.1959,6.0,ACWR describes how recent load compares with longer-term load. It does not predict injury.,yes,Athlete 16,Midfielders,a0016@example.edu
A0016,2026-09-29,540.0,1,full,436.2857,430.3929,1.0137,308.0,5871.0,16.0,0.628,ok,21.0,0.8095,yes,,2026-09-29,31.9,0.5867,1.6333,No flag,Within measurement error,0.3592,-0.3592,0.0,ACWR describes how recent load compares with longer-term load. It does not predict injury.,yes,Athlete 16,Midfielders,a0016@example.edu
A0016,2026-09-30,360.0,1,full,410.5714,427.1786,0.9611,566.0,7004.0,13.0,-1.799,ok,21.0,-2.2857,yes,,2026-09-29,31.9,0.5867,1.6333,No flag,Within measurement error,0.3592,-0.3592,1.0,ACWR describes how recent load compares with longer-term load. It does not predict injury.,yes,Athlete 16,Midfielders,a0016@example.edu
A0016,2026-10-01,650.0,2,full,397.7143,430.3929,0.9241,440.0,6315.0,16.0,0.5933,ok,21.0,0.8095,yes,,2026-09-29,31.9,0.5867,1.6333,No flag,Within measurement error,0.3592,-0.3592,2.0,ACWR describes how recent load compares with longer-term load. It does not predict injury.,yes,Athlete 16,Midfielders,a0016@example.edu
A0016,2026-10-02,240.0,1,full,414.8571,432.5357,0.9591,244.0,3927.0,,,no form,,,no,,2026-09-29,31.9,0.5867,1.6333,No flag,Within measurement error,0.3592,-0.3592,3.0,ACWR describes how recent load compares with longer-term load. It does not predict injury.,yes,Athlete 16,Midfielders,a0016@example.edu
A0016,2026-10-03,672.0,1,full,444.5714,438.3214,1.0143,820.0,9957.0,17.0,1.2814,ok,21.0,1.7619,yes,,2026-09-29,31.9,0.5867,1.6333,No flag,Within measurement error,0.3592,-0.3592,4.0,ACWR describes how recent load compares with longer-term load. It does not predict injury.,yes,Athlete 16,Midfielders,a0016@example.edu
A0017,2026-07-06,510.0,2,full,,,,376.0,5692.0,19.0,,baseline too short,0.0,,yes,,,,,,,,,,,ACWR describes how recent load compares with longer-term load. It does not predict injury.,no,Athlete 17,Midfielders,a0017@example.edu
A0017,2026-07-07,360.0,1,full,,,,351.0,5004.0,20.0,,baseline too short,1.0,,yes,,2026-07-07,35.8,,,Baseline,Baseline test,,,0.0,ACWR describes how recent load compares with longer-term load. It does not predict injury.,no,Athlete 17,Midfielders,a0017@example.edu
A0017,2026-07-08,360.0,1,full,,,,292.0,5143.0,,,no form,,,no,,2026-07-07,35.8,,,Baseline,Baseline test,,,1.0,ACWR describes how recent load compares with longer-term load. It does not predict injury.,no,Athlete 17,Midfielders,a0017@example.edu
A0017,2026-07-09,420.0,2,full,,,,236.0,4576.0,18.0,,baseline too short,2.0,,yes,,2026-07-09,37.1667,,,Baseline,Baseline test,,,0.0,ACWR describes how recent load compares with longer-term load. It does not predict injury.,no,Athlete 17,Midfielders,a0017@example.edu
A0017,2026-07-10,60.0,1,full,,,,,,,,no form,,,no,,2026-07-09,37.1667,,,Baseline,Baseline test,,,1.0,ACWR describes how recent load compares with longer-term load. It does not predict injury.,no,Athlete 17,Midfielders,a0017@example.edu
A0017,2026-07-11,0.0,0,full,,,,0.0,0.0,20.0,,baseline too short,3.0,,yes,,2026-07-09,37.1667,,,Baseline,Baseline test,,,2.0,ACWR describes how recent load compares with longer-term load. It does not predict injury.,no,Athlete 17,Midfielders,a0017@example.edu
A0017,2026-07-12,0.0,0,full,244.2857,,,0.0,0.0,,,no form,,,not expected,,2026-07-09,37.1667,,,Baseline,Baseline test,,,3.0,ACWR describes how recent load compares with longer-term load. It does not predict injury.,no,Athlete 17,Midfielders,a0017@example.edu
A0017,2026-07-13,,2,full,,,,324.0,5338.0,19.0,,baseline too short,4.0,,yes,,2026-07-09,37.1667,,,Baseline,Baseline test,,,4.0,ACWR describes how recent load compares with longer-term load. It does not predict injury.,no,Athlete 17,Midfielders,a0017@example.edu
A0017,2026-07-14,450.0,1,full,,,,290.0,4902.0,21.0,,baseline too short,5.0,,yes,,2026-07-14,37.2667,,,Baseline,Baseline test,,,0.0,ACWR describes how recent load compares with longer-term load. It does not predict injury.,no,Athlete 17,Midfielders,a0017@example.edu
A0017,2026-07-15,360.0,1,full,,,,356.0,5475.0,19.0,,baseline too short,6.0,,yes,,2026-07-14,37.2667,,,Baseline,Baseline test,,,1.0,ACWR describes how recent load compares with longer-term load. It does not predict injury.,no,Athlete 17,Midfielders,a0017@example.edu
A0017,2026-07-16,420.0,2,full,,,,293.0,5048.0,20.0,,baseline too short,7.0,,yes,,2026-07-14,37.2667,,,Baseline,Baseline test,,,2.0,ACWR describes how recent load compares with longer-term load. It does not predict injury.,no,Athlete 17,Midfielders,a0017@example.edu
A0017,2026-07-17,120.0,1,full,,,,213.0,3556.0,19.0,,baseline too short,8.0,,yes,,2026-07-14,37.2667,,,Baseline,Baseline test,,,3.0,ACWR describes how recent load compares with longer-term load. It does not predict injury.,no,Athlete 17,Midfielders,a0017@example.edu
A0017,2026-07-18,0.0,0,full,,,,0.0,0.0,18.0,,baseline too short,9.0,,yes,,2026-07-14,37.2667,,,Baseline,Baseline test,,,4.0,ACWR describes how recent load compares with longer-term load. It does not predict injury.,no,Athlete 17,Midfielders,a0017@example.edu
A0017,2026-07-19,0.0,0,full,,,,0.0,0.0,,,no form,,,not expected,,2026-07-14,37.2667,,,Baseline,Baseline test,,,5.0,ACWR describes how recent load compares with longer-term load. It does not predict injury.,no,Athlete 17,Midfielders,a0017@example.edu
A0017,2026-07-20,840.0,2,full,312.8571,,,466.0,8857.0,22.0,,baseline too short,10.0,,yes,,2026-07-14,37.2667,,,Baseline,Baseline test,,,6.0,ACWR describes how recent load compares with longer-term load. It does not predict injury.,no,Athlete 17,Midfielders,a0017@example.edu
A0017,2026-07-21,,1,full,,,,710.0,9324.0,19.0,,baseline too short,11.0,,yes,,2026-07-21,36.3333,,,Baseline,Baseline test,,,0.0,ACWR describes how recent load compares with longer-term load. It does not predict injury.,no,Athlete 17,Midfielders,a0017@example.edu
A0017,2026-07-22,540.0,1,full,,,,681.0,9964.0,19.0,,baseline too short,12.0,,yes,,2026-07-21,36.3333,,,Baseline,Baseline test,,,1.0,ACWR describes how recent load compares with longer-term load. It does not predict injury.,no,Athlete 17,Midfielders,a0017@example.edu
A0017,2026-07-23,880.0,2,full,,,,597.0,10355.0,20.0,,baseline too short,13.0,,yes,,2026-07-21,36.3333,,,Baseline,Baseline test,,,2.0,ACWR describes how recent load compares with longer-term load. It does not predict injury.,no,Athlete 17,Midfielders,a0017@example.edu
A0017,2026-07-24,300.0,1,full,,,,458.0,6237.0,19.0,-0.4579,ok,14.0,-0.5,yes,,2026-07-21,36.3333,,,Baseline,Baseline test,,,3.0,ACWR describes how recent load compares with longer-term load. It does not predict injury.,no,Athlete 17,Midfielders,a0017@example.edu
A0017,2026-07-25,0.0,0,full,,,,0.0,0.0,16.0,-3.2701,ok,15.0,-3.4667,yes,review,2026-07-21,36.3333,,,Baseline,Baseline test,,,4.0,ACWR describes how recent load compares with longer-term load. It does not predict injury.,no,Athlete 17,Midfielders,a0017@example.edu
A0017,2026-07-26,0.0,0,full,,,,0.0,0.0,,,no form,,,not expected,,2026-07-21,36.3333,,,Baseline,Baseline test,,,5.0,ACWR describes how recent load compares with longer-term load. It does not predict injury.,no,Athlete 17,Midfielders,a0017@example.edu
A0017,2026-07-27,660.0,2,full,,,,461.0,7004.0,20.0,0.559,ok,16.0,0.75,yes,,2026-07-21,36.3333,,,Baseline,Baseline test,,,6.0,ACWR describes how recent load compares with longer-term load. It does not predict injury.,no,Athlete 17,Midfielders,a0017@example.edu
A0017,2026-07-28,630.0,1,full,430.0,,,326.0,6448.0,20.0,0.5381,ok,17.0,0.7059,yes,,2026-07-28,37.5667,,,Baseline,Baseline test,,,0.0,ACWR describes how recent load compares with longer-term load. It does not predict injury.,no,Athlete 17,Midfielders,a0017@example.edu
A0017,2026-07-29,450.0,1,full,417.1429,,,533.0,6569.0,19.0,-0.2597,ok,18.0,-0.3333,yes,,2026-07-28,37.5667,,,Baseline,Baseline test,,,1.0,ACWR describes how recent load compares with longer-term load. It does not predict injury.,no,Athlete 17,Midfielders,a0017@example.edu
A0017,2026-07-30,650.0,2,full,384.2857,,,482.0,6921.0,,,no form,,,no,,2026-07-28,37.5667,,,Baseline,Baseline test,,,2.0,ACWR describes how recent load compares with longer-term load. It does not predict injury.,no,Athlete 17,Midfielders,a0017@example.edu
A0017,2026-07-31,240.0,1,full,375.7143,,,259.0,4767.0,20.0,0.5476,ok,19.0,0.6842,yes,,2026-07-28,37.5667,,,Baseline,Baseline test,,,3.0,ACWR describes how recent load compares with longer-term load. It does not predict injury.,no,Athlete 17,Midfielders,a0017@example.edu
A0017,2026-08-01,0.0,0,full,375.7143,,,0.0,0.0,17.0,-1.9171,ok,20.0,-2.35,yes,,2026-07-28,37.5667,,,Baseline,Baseline test,,,4.0,ACWR describes how recent load compares with longer-term load. It does not predict injury.,no,Athlete 17,Midfielders,a0017@example.edu
A0017,2026-08-02,0.0,0,full,375.7143,,,0.0,0.0,,,no form,,,not expected,,2026-07-28,37.5667,,,Baseline,Baseline test,,,5.0,ACWR describes how recent load compares with longer-term load. It does not predict injury.,no,Athlete 17,Midfielders,a0017@example.edu
A0017,2026-08-03,650.0,2,full,374.2857,,,391.0,6847.0,19.0,-0.1831,ok,21.0,-0.2381,yes,,2026-07-28,37.5667,,,Baseline,Baseline test,,,6.0,ACWR describes how recent load compares with longer-term load. It does not predict injury.,no,Athlete 17,Midfielders,a0017@example.edu
A0017,2026-08-04,630.0,1,full,374.2857,,,405.0,7295.0,,,no form,,,no,,2026-08-04,35.4667,-1.36,1.6333,No flag,Within measurement error,-0.8327,0.8327,0.0,ACWR describes how recent load compares with longer-term load. It does not predict injury.,no,Athlete 17,Midfielders,a0017@example.edu
A0017,2026-08-05,450.0,1,full,374.2857,,,369.0,6118.0,17.0,-1.6643,ok,20.0,-2.2,yes,,2026-08-04,35.4667,-1.36,1.6333,No flag,Within measurement error,-0.8327,0.8327,1.0,ACWR describes how recent load compares with longer-term load. It does not predict injury.,no,Athlete 17,Midfielders,a0017@example.edu
A0017,2026-08-06,790.0,2,full,394.2857,,,473.0,7218.0,19.0,-0.0693,ok,21.0,-0.0952,yes,,2026-08-04,35.4667,-1.36,1.6333,No flag,Within measurement error,-0.8327,0.8327,2.0,ACWR describes how recent load compares with longer-term load. It does not predict injury.,no,Athlete 17,Midfielders,a0017@example.edu
A0017,2026-08-07,120.0,1,full,377.1429,,,292.0,5032.0,17.0,-1.5847,ok,21.0,-2.1429,yes,,2026-08-04,35.4667,-1.36,1.6333,No flag,Within measurement error,-0.8327,0.8327,3.0,ACWR describes how recent load compares with longer-term load. It does not predict injury.,no,Athlete 17,Midfielders,a0017@example.edu
A0017,2026-08-08,0.0,0,full,377.1429,,,0.0,0.0,18.0,-0.7486,ok,22.0,-1.0455,yes,,2026-08-04,35.4667,-1.36,1.6333,No flag,Within measurement error,-0.8327,0.8327,4.0,ACWR describes how recent load compares with longer-term load. It does not predict injury.,no,Athlete 17,Midfielders,a0017@example.edu
A0017,2026-08-09,0.0,0,full,377.1429,,,0.0,0.0,,,no form,,,not expected,,2026-08-04,35.4667,-1.36,1.6333,No flag,Within measurement error,-0.8327,0.8327,5.0,ACWR describes how recent load compares with longer-term load. It does not predict injury.,no,Athlete 17,Midfielders,a0017@example.edu
A0017,2026-08-10,,2,full,,,,439.0,7787.0,16.0,-2.1157,ok,22.0,-2.9545,yes,review,2026-08-04,35.4667,-1.36,1.6333,No flag,Within measurement error,-0.8327,0.8327,6.0,ACWR describes how recent load compares with longer-term load. It does not predict injury.,no,Athlete 17,Midfielders,a0017@example.edu
A0017,2026-08-11,540.0,1,full,,,,449.0,6848.0,20.0,0.7715,ok,22.0,1.1818,yes,,2026-08-11,,,1.6333,No data,Not enough data,,,0.0,ACWR describes how recent load compares with longer-term load. It does not predict injury.,no,Athlete 17,Midfielders,a0017@example.edu
A0017,2026-08-12,270.0,1,full,,,,337.0,6309.0,20.0,0.8305,ok,22.0,1.2273,yes,,2026-08-11,,,1.6333,No data,Not enough data,,,1.0,ACWR describes how recent load compares with longer-term load. It does not predict injury.,no,Athlete 17,Midfielders,a0017@example.edu
A0017,2026-08-13,700.0,2,full,,,,416.0,7225.0,18.0,-0.5453,ok,22.0,-0.8182,yes,,2026-08-11,,,1.6333,No data,Not enough data,,,2.0,ACWR describes how recent load compares with longer-term load. It does not predict injury.,no,Athlete 17,Midfielders,a0017@example.edu
A0017,2026-08-14,240.0,1,full,,,,377.0,5424.0,19.0,0.1835,ok,22.0,0.2727,yes,,2026-08-11,,,1.6333,No data,Not enough data,,,3.0,ACWR describes how recent load compares with longer-term load. It does not predict injury.,no,Athlete 17,Midfielders,a0017@example.edu
A0017,2026-08-15,0.0,0,full,,,,0.0,0.0,,,no form,,,no,,2026-08-11,,,1.6333,No data,Not enough data,,,4.0,ACWR describes how recent load compares with longer-term load. It does not predict injury.,no,Athlete 17,Midfielders,a0017@example.edu
A0017,2026-08-16,0.0,0,full,,,,0.0,0.0,,,no form,,,not expected,,2026-08-11,,,1.6333,No data,Not enough data,,,5.0,ACWR describes how recent load compares with longer-term load. It does not predict injury.,no,Athlete 17,Midfielders,a0017@example.edu
A0017,2026-08-17,560.0,2,full,330.0,,,420.0,7183.0,21.0,1.4788,ok,21.0,2.2381,yes,,2026-08-11,,,1.6333,No data,Not enough data,,,6.0,ACWR describes how recent load compares with longer-term load. It does not predict injury.,no,Athlete 17,Midfielders,a0017@example.edu
A0017,2026-08-18,450.0,1,full,317.1429,,,400.0,6946.0,18.0,-0.5033,ok,21.0,-0.7143,yes,,2026-08-18,36.4,-0.4267,1.6333,No flag,Within measurement error,-0.2612,0.2612,0.0,ACWR describes how recent load compares with longer-term load. It does not predict injury.,no,Athlete 17,Midfielders,a0017@example.edu
A0017,2026-08-19,360.0,1,full,330.0,,,429.0,7015.0,21.0,1.6363,ok,21.0,2.3333,yes,,2026-08-18,36.4,-0.4267,1.6333,No flag,Within measurement error,-0.2612,0.2612,1.0,ACWR describes how recent load compares with longer-term load. It does not predict injury.,no,Athlete 17,Midfielders,a0017@example.edu
A0017,2026-08-20,840.0,2,full,350.0,,,331.0,6389.0,19.0,0.1573,ok,21.0,0.2381,yes,,2026-08-18,36.4,-0.4267,1.6333,No flag,Within measurement error,-0.2612,0.2612,2.0,ACWR describes how recent load compares with longer-term load. It does not predict injury.,no,Athlete 17,Midfielders,a0017@example.edu
A0017,2026-08-21,240.0,1,full,350.0,,,221.0,4548.0,20.0,0.864,ok,21.0,1.2857,yes,,2026-08-18,36.4,-0.4267,1.6333,No flag,Within measurement error,-0.2612,0.2612,3.0,ACWR describes how recent load compares with longer-term load. It does not predict injury.,no,Athlete 17,Midfielders,a0017@example.edu
A0017,2026-08-22,819.0,1,full,467.0,,,706.0,11355.0,18.0,-0.5034,ok,21.0,-0.7619,yes,,2026-08-18,36.4,-0.4267,1.6333,No flag,Within measurement error,-0.2612,0.2612,4.0,ACWR describes how recent load compares with longer-term load. It does not predict injury.,no,Athlete 17,Midfielders,a0017@example.edu
A0017,2026-08-23,0.0,0,full,467.0,,,0.0,0.0,,,no form,,,not expected,,2026-08-18,36.4,-0.4267,1.6333,No flag,Within measurement error,-0.2612,0.2612,5.0,ACWR describes how recent load compares with longer-term load. It does not predict injury.,no,Athlete 17,Midfielders,a0017@example.edu
A0017,2026-08-24,610.0,2,full,474.1429,,,429.0,6771.0,16.0,-2.0574,ok,21.0,-2.8571,yes,review,2026-08-18,36.4,-0.4267,1.6333,No flag,Within measurement error,-0.2612,0.2612,6.0,ACWR describes how recent load compares with longer-term load. It does not predict injury.,no,Athlete 17,Midfielders,a0017@example.edu
A0017,2026-08-25,450.0,1,full,474.1429,,,242.0,6001.0,22.0,2.2305,ok,21.0,3.3333,yes,,2026-08-25,36.3,-0.5267,1.6333,No flag,Within measurement error,-0.3225,0.3225,0.0,ACWR describes how recent load compares with longer-term load. It does not predict injury.,no,Athlete 17,Midfielders,a0017@example.edu
A0017,2026-08-26,360.0,1,full,474.1429,,,459.0,6311.0,,,no form,,,no,,2026-08-25,36.3,-0.5267,1.6333,No flag,Within measurement error,-0.3225,0.3225,1.0,ACWR describes how recent load compares with longer-term load. It does not predict injury.,no,Athlete 17,Midfielders,a0017@example.edu
A0017,2026-08-27,650.0,2,full,447.0,,,407.0,6756.0,19.0,0.1486,ok,20.0,0.25,yes,,2026-08-25,36.3,-0.5267,1.6333,No flag,Within measurement error,-0.3225,0.3225,2.0,ACWR describes how recent load compares with longer-term load. It does not predict injury.,no,Athlete 17,Midfielders,a0017@example.edu
A0017,2026-08-28,180.0,1,full,438.4286,,,261.0,4050.0,20.0,0.7548,ok,21.0,1.2381,yes,,2026-08-25,36.3,-0.5267,1.6333,No flag,Within measurement error,-0.3225,0.3225,3.0,ACWR describes how recent load compares with longer-term load. It does not predict injury.,no,Athlete 17,Midfielders,a0017@example.edu
A0017,2026-08-29,534.0,1,full,397.7143,,,1046.0,11078.0,18.0,-0.4645,ok,21.0,-0.7619,yes,,2026-08-25,36.3,-0.5267,1.6333,No flag,Within measurement error,-0.3225,0.3225,4.0,ACWR describes how recent load compares with longer-term load. It does not predict injury.,no,Athlete 17,Midfielders,a0017@example.edu
A0017,2026-08-30,0.0,0,full,397.7143,,,0.0,0.0,,,no form,,,not expected,,2026-08-25,36.3,-0.5267,1.6333,No flag,Within measurement error,-0.3225,0.3225,5.0,ACWR describes how recent load compares with longer-term load. It does not predict injury.,no,Athlete 17,Midfielders,a0017@example.edu
A0017,2026-08-31,610.0,2,full,397.7143,,,464.0,7123.0,17.0,-1.1305,ok,21.0,-1.8095,yes,,2026-08-25,36.3,-0.5267,1.6333,No flag,Within measurement error,-0.3225,0.3225,6.0,ACWR describes how recent load compares with longer-term load. It does not predict injury.,no,Athlete 17,Midfielders,a0017@example.edu
A0017,2026-09-01,540.0,1,full,410.5714,,,339.0,5944.0,21.0,1.3874,ok,21.0,2.2857,yes,,2026-09-01,37.8667,1.04,1.6333,No flag,Within measurement error,0.6368,-0.6368,0.0,ACWR describes how recent load compares with longer-term load. It does not predict injury.,no,Athlete 17,Midfielders,a0017@example.edu
A0017,2026-09-02,540.0,1,full,436.2857,,,378.0,6911.0,19.0,0.1082,ok,22.0,0.1818,yes,,2026-09-01,37.8667,1.04,1.6333,No flag,Within measurement error,0.6368,-0.6368,1.0,ACWR describes how recent load compares with longer-term load. It does not predict injury.,no,Athlete 17,Midfielders,a0017@example.edu
A0017,2026-09-03,740.0,2,full,449.1429,,,401.0,6671.0,18.0,-0.5576,ok,22.0,-0.9091,yes,,2026-09-01,37.8667,1.04,1.6333,No flag,Within measurement error,0.6368,-0.6368,2.0,ACWR describes how recent load compares with longer-term load. It does not predict injury.,no,Athlete 17,Midfielders,a0017@example.edu
A0017,2026-09-04,180.0,1,full,449.1429,,,205.0,4284.0,21.0,1.3014,ok,22.0,2.1364,yes,,2026-09-01,37.8667,1.04,1.6333,No flag,Within measurement error,0.6368,-0.6368,3.0,ACWR describes how recent load compares with longer-term load. It does not predict injury.,no,Athlete 17,Midfielders,a0017@example.edu
A0017,2026-09-05,496.0,1,full,443.7143,,,790.0,7909.0,19.0,-0.0276,ok,22.0,-0.0455,yes,,2026-09-01,37.8667,1.04,1.6333,No flag,Within measurement error,0.6368,-0.6368,4.0,ACWR describes how recent load compares with longer-term load. It does not predict injury.,no,Athlete 17,Midfielders,a0017@example.edu
A0017,2026-09-06,0.0,0,full,443.7143,,,0.0,0.0,,,no form,,,not expected,,2026-09-01,37.8667,1.04,1.6333,No flag,Within measurement error,0.6368,-0.6368,5.0,ACWR describes how recent load compares with longer-term load. It does not predict injury.,yes,Athlete 17,Midfielders,a0017@example.edu
A0017,2026-09-07,650.0,2,full,449.4286,412.8214,1.0887,366.0,6108.0,17.0,-1.2825,ok,22.0,-2.0909,yes,,2026-09-01,37.8667,1.04,1.6333,No flag,Within measurement error,0.6368,-0.6368,6.0,ACWR describes how recent load compares with longer-term load. It does not predict injury.,yes,Athlete 17,Midfielders,a0017@example.edu
A0017,2026-09-08,450.0,1,full,436.5714,409.6071,1.0658,424.0,6852.0,19.0,-0.0879,ok,22.0,-0.1364,yes,,2026-09-08,36.0333,-0.7933,1.6333,No flag,Within measurement error,-0.4857,0.4857,0.0,ACWR describes how recent load compares with longer-term load. It does not predict injury.,yes,Athlete 17,Midfielders,a0017@example.edu
A0017,2026-09-09,360.0,1,full,410.8571,412.8214,0.9952,437.0,7310.0,20.0,0.5902,ok,22.0,0.9091,yes,,2026-09-08,36.0333,-0.7933,1.6333,No flag,Within measurement error,-0.4857,0.4857,1.0,ACWR describes how recent load compares with longer-term load. It does not predict injury.,yes,Athlete 17,Midfielders,a0017@example.edu
A0017,2026-09-10,700.0,2,full,405.1429,412.8214,0.9814,402.0,6719.0,19.0,-0.059,ok,22.0,-0.0909,yes,,2026-09-08,36.0333,-0.7933,1.6333,No flag,Within measurement error,-0.4857,0.4857,2.0,ACWR describes how recent load compares with longer-term load. It does not predict injury.,yes,Athlete 17,Midfielders,a0017@example.edu
A0017,2026-09-11,180.0,1,full,405.1429,410.6786,0.9865,172.0,4314.0,19.0,-0.0896,ok,22.0,-0.1364,yes,,2026-09-08,36.0333,-0.7933,1.6333,No flag,Within measurement error,-0.4857,0.4857,3.0,ACWR describes how recent load compares with longer-term load. It does not predict injury.,yes,Athlete 17,Midfielders,a0017@example.edu
A0017,2026-09-12,553.0,1,full,413.2857,430.4286,0.9602,974.0,10001.0,20.0,0.5678,ok,22.0,0.8636,yes,,2026-09-08,36.0333,-0.7933,1.6333,No flag,Within measurement error,-0.4857,0.4857,4.0,ACWR describes how recent load compares with longer-term load. It does not predict injury.,yes,Athlete 17,Midfielders,a0017@example.edu
A0017,2026-09-13,0.0,0,full,413.2857,430.4286,0.9602,0.0,0.0,,,no form,,,not expected,,2026-09-08,36.0333,-0.7933,1.6333,No flag,Within measurement error,-0.4857,0.4857,5.0,ACWR describes how recent load compares with longer-term load. It does not predict injury.,yes,Athlete 17,Midfielders,a0017@example.edu
A0017,2026-09-14,650.0,2,full,413.2857,433.6429,0.9531,326.0,6385.0,,,no form,,,no,,2026-09-08,36.0333,-0.7933,1.6333,No flag,Within measurement error,-0.4857,0.4857,6.0,ACWR describes how recent load compares with longer-term load. It does not predict injury.,yes,Athlete 17,Midfielders,a0017@example.edu
A0017,2026-09-15,270.0,1,full,387.5714,427.2143,0.9072,481.0,7065.0,18.0,-0.7385,ok,22.0,-1.0909,yes,,2026-09-15,37.8333,1.0067,1.6333,No flag,Within measurement error,0.6163,-0.6163,0.0,ACWR describes how recent load compares with longer-term load. It does not predict injury.,yes,Athlete 17,Midfielders,a0017@example.edu
A0017,2026-09-16,450.0,1,full,400.4286,430.4286,0.9303,385.0,5958.0,19.0,-0.0615,ok,22.0,-0.0909,yes,,2026-09-15,37.8333,1.0067,1.6333,No flag,Within measurement error,0.6163,-0.6163,1.0,ACWR describes how recent load compares with longer-term load. It does not predict injury.,yes,Athlete 17,Midfielders,a0017@example.edu
A0017,2026-09-17,560.0,2,full,380.4286,420.4286,0.9049,415.0,6560.0,19.0,0.0,ok,22.0,0.0,yes,,2026-09-15,37.8333,1.0067,1.6333,No flag,Within measurement error,0.6163,-0.6163,2.0,ACWR describes how recent load compares with longer-term load. It does not predict injury.,yes,Athlete 17,Midfielders,a0017@example.edu
A0017,2026-09-18,240.0,1,full,389.0,420.4286,0.9252,212.0,4319.0,18.0,-0.7071,ok,22.0,-1.0,yes,,2026-09-15,37.8333,1.0067,1.6333,No flag,Within measurement error,0.6163,-0.6163,3.0,ACWR describes how recent load compares with longer-term load. It does not predict injury.,yes,Athlete 17,Midfielders,a0017@example.edu
A0017,2026-09-19,608.0,1,full,396.8571,412.8929,0.9612,1135.0,11513.0,20.0,0.7731,ok,22.0,1.0909,yes,,2026-09-15,37.8333,1.0067,1.6333,No flag,Within measurement error,0.6163,-0.6163,4.0,ACWR describes how recent load compares with longer-term load. It does not predict injury.,yes,Athlete 17,Midfielders,a0017@example.edu
A0017,2026-09-20,0.0,0,full,396.8571,412.8929,0.9612,0.0,0.0,,,no form,,,not expected,,2026-09-15,37.8333,1.0067,1.6333,No flag,Within measurement error,0.6163,-0.6163,5.0,ACWR describes how recent load compares with longer-term load. It does not predict injury.,yes,Athlete 17,Midfielders,a0017@example.edu
A0017,2026-09-21,650.0,2,full,396.8571,414.3214,0.9578,317.0,6711.0,19.0,0.0,ok,22.0,0.0,yes,,2026-09-15,37.8333,1.0067,1.6333,No flag,Within measurement error,0.6163,-0.6163,6.0,ACWR describes how recent load compares with longer-term load. It does not predict injury.,yes,Athlete 17,Midfielders,a0017@example.edu
A0017,2026-09-22,450.0,1,full,422.5714,414.3214,1.0199,303.0,7199.0,17.0,-1.7149,ok,22.0,-2.1364,yes,,2026-09-22,35.7,-1.1267,1.6333,No flag,Within measurement error,-0.6898,0.6898,0.0,ACWR describes how recent load compares with longer-term load. It does not predict injury.,yes,Athlete 17,Midfielders,a0017@example.edu
A0017,2026-09-23,540.0,1,full,435.4286,420.75,1.0349,394.0,6654.0,18.0,-0.7899,ok,22.0,-0.9091,yes,,2026-09-22,35.7,-1.1267,1.6333,No flag,Within measurement error,-0.6898,0.6898,1.0,ACWR describes how recent load compares with longer-term load. It does not predict injury.,yes,Athlete 17,Midfielders,a0017@example.edu
A0017,2026-09-24,370.0,2,full,408.2857,410.75,0.994,341.0,6635.0,19.0,0.1144,ok,23.0,0.1304,yes,,2026-09-22,35.7,-1.1267,1.6333,No flag,Within measurement error,-0.6898,0.6898,2.0,ACWR describes how recent load compares with longer-term load. It does not predict injury.,yes,Athlete 17,Midfielders,a0017@example.edu
A0017,2026-09-25,240.0,1,full,408.2857,412.8929,0.9888,212.0,4210.0,20.0,0.9913,ok,23.0,1.1304,yes,,2026-09-22,35.7,-1.1267,1.6333,No flag,Within measurement error,-0.6898,0.6898,3.0,ACWR describes how recent load compares with longer-term load. It does not predict injury.,yes,Athlete 17,Midfielders,a0017@example.edu
A0017,2026-09-26,711.0,1,full,423.0,419.2143,1.009,1051.0,10515.0,18.0,-0.7625,ok,23.0,-0.8696,yes,,2026-09-22,35.7,-1.1267,1.6333,No flag,Within measurement error,-0.6898,0.6898,4.0,ACWR describes how recent load compares with longer-term load. It does not predict injury.,yes,Athlete 17,Midfielders,a0017@example.edu
A0017,2026-09-27,0.0,0,full,423.0,419.2143,1.009,0.0,0.0,,,no form,,,not expected,,2026-09-22,35.7,-1.1267,1.6333,No flag,Within measurement error,-0.6898,0.6898,5.0,ACWR describes how recent load compares with longer-term load. It does not predict injury.,yes,Athlete 17,Midfielders,a0017@example.edu
A0017,2026-09-28,740.0,2,full,435.8571,423.8571,1.0283,338.0,7023.0,,,no form,,,no,,2026-09-22,35.7,-1.1267,1.6333,No flag,Within measurement error,-0.6898,0.6898,6.0,ACWR describes how recent load compares with longer-term load. It does not predict injury.,yes,Athlete 17,Midfielders,a0017@example.edu
A0017,2026-09-29,450.0,1,full,435.8571,420.6429,1.0362,416.0,6960.0,17.0,-1.793,ok,22.0,-1.9545,yes,,2026-09-29,37.5,0.6733,1.6333,No flag,Within measurement error,0.4123,-0.4123,0.0,ACWR describes how recent load compares with longer-term load. It does not predict injury.,yes,Athlete 17,Midfielders,a0017@example.edu
A0017,2026-09-30,450.0,1,full,423.0,417.4286,1.0133,523.0,7013.0,19.0,0.2132,ok,22.0,0.2273,yes,,2026-09-29,37.5,0.6733,1.6333,No flag,Within measurement error,0.4123,-0.4123,1.0,ACWR describes how recent load compares with longer-term load. It does not predict injury.,yes,Athlete 17,Midfielders,a0017@example.edu
A0017,2026-10-01,560.0,2,full,450.1429,411.0,1.0952,276.0,6172.0,,,no form,,,no,,2026-09-29,37.5,0.6733,1.6333,No flag,Within measurement error,0.4123,-0.4123,2.0,ACWR describes how recent load compares with longer-term load. It does not predict injury.,yes,Athlete 17,Midfielders,a0017@example.edu
A0017,2026-10-02,180.0,1,full,441.5714,411.0,1.0744,223.0,4483.0,20.0,1.1044,ok,21.0,1.1905,yes,,2026-09-29,37.5,0.6733,1.6333,No flag,Within measurement error,0.4123,-0.4123,3.0,ACWR describes how recent load compares with longer-term load. It does not predict injury.,yes,Athlete 17,Midfielders,a0017@example.edu
A0017,2026-10-03,528.0,1,full,415.4286,412.1429,1.008,988.0,12257.0,22.0,3.2536,ok,21.0,3.2381,yes,,2026-09-29,37.5,0.6733,1.6333,No flag,Within measurement error,0.4123,-0.4123,4.0,ACWR describes how recent load compares with longer-term load. It does not predict injury.,yes,Athlete 17,Midfielders,a0017@example.edu
A0018,2026-07-06,420.0,2,full,,,,326.0,4518.0,17.0,,baseline too short,0.0,,yes,,,,,,,,,,,ACWR describes how recent load compares with longer-term load. It does not predict injury.,no,Athlete 18,Midfielders,a0018@example.edu
A0018,2026-07-07,270.0,1,full,,,,216.0,4367.0,20.0,,baseline too short,1.0,,yes,,2026-07-07,36.3333,,,Baseline,Baseline test,,,0.0,ACWR describes how recent load compares with longer-term load. It does not predict injury.,no,Athlete 18,Midfielders,a0018@example.edu
A0018,2026-07-08,360.0,1,full,,,,293.0,5049.0,19.0,,baseline too short,2.0,,yes,,2026-07-07,36.3333,,,Baseline,Baseline test,,,1.0,ACWR describes how recent load compares with longer-term load. It does not predict injury.,no,Athlete 18,Midfielders,a0018@example.edu
A0018,2026-07-09,650.0,2,full,,,,288.0,4361.0,20.0,,baseline too short,3.0,,yes,,2026-07-09,36.4333,,,Baseline,Baseline test,,,0.0,ACWR describes how recent load compares with longer-term load. It does not predict injury.,no,Athlete 18,Midfielders,a0018@example.edu
A0018,2026-07-10,180.0,1,full,,,,224.0,3349.0,20.0,,baseline too short,4.0,,yes,,2026-07-09,36.4333,,,Baseline,Baseline test,,,1.0,ACWR describes how recent load compares with longer-term load. It does not predict injury.,no,Athlete 18,Midfielders,a0018@example.edu
A0018,2026-07-11,0.0,0,full,,,,0.0,0.0,20.0,,baseline too short,5.0,,yes,,2026-07-09,36.4333,,,Baseline,Baseline test,,,2.0,ACWR describes how recent load compares with longer-term load. It does not predict injury.,no,Athlete 18,Midfielders,a0018@example.edu
A0018,2026-07-12,0.0,0,full,268.5714,,,0.0,0.0,,,no form,,,not expected,,2026-07-09,36.4333,,,Baseline,Baseline test,,,3.0,ACWR describes how recent load compares with longer-term load. It does not predict injury.,no,Athlete 18,Midfielders,a0018@example.edu
A0018,2026-07-13,470.0,2,full,275.7143,,,200.0,4928.0,17.0,,baseline too short,6.0,,yes,,2026-07-09,36.4333,,,Baseline,Baseline test,,,4.0,ACWR describes how recent load compares with longer-term load. It does not predict injury.,no,Athlete 18,Midfielders,a0018@example.edu
A0018,2026-07-14,360.0,1,full,288.5714,,,274.0,4854.0,17.0,,baseline too short,7.0,,yes,,2026-07-14,36.0667,,,Baseline,Baseline test,,,0.0,ACWR describes how recent load compares with longer-term load. It does not predict injury.,no,Athlete 18,Midfielders,a0018@example.edu
A0018,2026-07-15,270.0,1,full,275.7143,,,311.0,5180.0,20.0,,baseline too short,8.0,,yes,,2026-07-14,36.0667,,,Baseline,Baseline test,,,1.0,ACWR describes how recent load compares with longer-term load. It does not predict injury.,no,Athlete 18,Midfielders,a0018@example.edu
A0018,2026-07-16,510.0,2,full,255.7143,,,242.0,5074.0,21.0,,baseline too short,9.0,,yes,,2026-07-14,36.0667,,,Baseline,Baseline test,,,2.0,ACWR describes how recent load compares with longer-term load. It does not predict injury.,no,Athlete 18,Midfielders,a0018@example.edu
A0018,2026-07-17,240.0,1,full,264.2857,,,201.0,3359.0,17.0,,baseline too short,10.0,,yes,,2026-07-14,36.0667,,,Baseline,Baseline test,,,3.0,ACWR describes how recent load compares with longer-term load. It does not predict injury.,no,Athlete 18,Midfielders,a0018@example.edu
A0018,2026-07-18,0.0,0,full,264.2857,,,0.0,0.0,19.0,,baseline too short,11.0,,yes,,2026-07-14,36.0667,,,Baseline,Baseline test,,,4.0,ACWR describes how recent load compares with longer-term load. It does not predict injury.,no,Athlete 18,Midfielders,a0018@example.edu
A0018,2026-07-19,0.0,0,full,264.2857,,,0.0,0.0,,,no form,,,not expected,,2026-07-14,36.0667,,,Baseline,Baseline test,,,5.0,ACWR describes how recent load compares with longer-term load. It does not predict injury.,no,Athlete 18,Midfielders,a0018@example.edu
A0018,2026-07-20,830.0,2,full,315.7143,,,466.0,7533.0,17.0,,baseline too short,12.0,,yes,,2026-07-14,36.0667,,,Baseline,Baseline test,,,6.0,ACWR describes how recent load compares with longer-term load. It does not predict injury.,no,Athlete 18,Midfielders,a0018@example.edu
A0018,2026-07-21,720.0,1,full,367.1429,,,490.0,7366.0,18.0,,baseline too short,13.0,,yes,,2026-07-21,35.6667,,,Baseline,Baseline test,,,0.0,ACWR describes how recent load compares with longer-term load. It does not predict injury.,no,Athlete 18,Midfielders,a0018@example.edu
A0018,2026-07-22,450.0,1,full,392.8571,,,333.0,7572.0,17.0,-1.1506,ok,14.0,-1.7143,yes,,2026-07-21,35.6667,,,Baseline,Baseline test,,,1.0,ACWR describes how recent load compares with longer-term load. It does not predict injury.,no,Athlete 18,Midfielders,a0018@example.edu
A0018,2026-07-23,880.0,2,full,445.7143,,,354.0,7953.0,18.0,-0.3994,ok,15.0,-0.6,yes,,2026-07-21,35.6667,,,Baseline,Baseline test,,,2.0,ACWR describes how recent load compares with longer-term load. It does not predict injury.,no,Athlete 18,Midfielders,a0018@example.edu
A0018,2026-07-24,300.0,1,full,454.2857,,,345.0,5450.0,21.0,1.6705,ok,16.0,2.4375,yes,,2026-07-21,35.6667,,,Baseline,Baseline test,,,3.0,ACWR describes how recent load compares with longer-term load. It does not predict injury.,no,Athlete 18,Midfielders,a0018@example.edu
A0018,2026-07-25,0.0,0,full,454.2857,,,0.0,0.0,21.0,1.4979,ok,17.0,2.2941,yes,,2026-07-21,35.6667,,,Baseline,Baseline test,,,4.0,ACWR describes how recent load compares with longer-term load. It does not predict injury.,no,Athlete 18,Midfielders,a0018@example.edu
A0018,2026-07-26,0.0,0,full,454.2857,,,0.0,0.0,,,no form,,,not expected,,2026-07-21,35.6667,,,Baseline,Baseline test,,,5.0,ACWR describes how recent load compares with longer-term load. It does not predict injury.,no,Athlete 18,Midfielders,a0018@example.edu
A0018,2026-07-27,790.0,2,full,448.5714,,,286.0,5968.0,17.0,-1.1595,ok,18.0,-1.8333,yes,,2026-07-21,35.6667,,,Baseline,Baseline test,,,6.0,ACWR describes how recent load compares with longer-term load. It does not predict injury.,no,Athlete 18,Midfielders,a0018@example.edu
A0018,2026-07-28,450.0,1,full,410.0,,,320.0,6130.0,18.0,-0.4625,ok,19.0,-0.7368,yes,,2026-07-28,35.2,,,Baseline,Baseline test,,,0.0,ACWR describes how recent load compares with longer-term load. It does not predict injury.,no,Athlete 18,Midfielders,a0018@example.edu
A0018,2026-07-29,450.0,1,full,410.0,,,341.0,6255.0,18.0,-0.4489,ok,20.0,-0.7,yes,,2026-07-28,35.2,,,Baseline,Baseline test,,,1.0,ACWR describes how recent load compares with longer-term load. It does not predict injury.,no,Athlete 18,Midfielders,a0018@example.edu
A0018,2026-07-30,700.0,2,full,384.2857,,,336.0,6064.0,20.0,0.8729,ok,21.0,1.3333,yes,,2026-07-28,35.2,,,Baseline,Baseline test,,,2.0,ACWR describes how recent load compares with longer-term load. It does not predict injury.,no,Athlete 18,Midfielders,a0018@example.edu
A0018,2026-07-31,300.0,1,full,384.2857,,,219.0,3943.0,19.0,0.1797,ok,22.0,0.2727,yes,,2026-07-28,35.2,,,Baseline,Baseline test,,,3.0,ACWR describes how recent load compares with longer-term load. It does not predict injury.,no,Athlete 18,Midfielders,a0018@example.edu
A0018,2026-08-01,0.0,0,full,384.2857,,,0.0,0.0,18.0,-0.4981,ok,23.0,-0.7391,yes,,2026-07-28,35.2,,,Baseline,Baseline test,,,4.0,ACWR describes how recent load compares with longer-term load. It does not predict injury.,no,Athlete 18,Midfielders,a0018@example.edu
A0018,2026-08-02,0.0,0,full,384.2857,342.8571,1.1208,0.0,0.0,,,no form,,,not expected,,2026-07-28,35.2,,,Baseline,Baseline test,,,5.0,ACWR describes how recent load compares with longer-term load. It does not predict injury.,no,Athlete 18,Midfielders,a0018@example.edu
A0018,2026-08-03,790.0,2,full,384.2857,356.0714,1.0792,401.0,6084.0,21.0,1.5707,ok,24.0,2.2917,yes,,2026-07-28,35.2,,,Baseline,Baseline test,,,6.0,ACWR describes how recent load compares with longer-term load. It does not predict injury.,no,Athlete 18,Midfielders,a0018@example.edu
A0018,2026-08-04,,1,full,,,,385.0,6272.0,19.0,0.0843,ok,24.0,0.125,yes,,2026-08-04,35.8333,-0.1067,1.6333,No flag,Within measurement error,-0.0653,0.0653,0.0,ACWR describes how recent load compares with longer-term load. It does not predict injury.,no,Athlete 18,Midfielders,a0018@example.edu
A0018,2026-08-05,450.0,1,full,,,,387.0,6656.0,19.0,0.1138,ok,24.0,0.1667,yes,,2026-08-04,35.8333,-0.1067,1.6333,No flag,Within measurement error,-0.0653,0.0653,1.0,ACWR describes how recent load compares with longer-term load. It does not predict injury.,no,Athlete 18,Midfielders,a0018@example.edu
A0018,2026-08-06,660.0,2,full,,,,517.0,7147.0,,,no form,,,no,,2026-08-04,35.8333,-0.1067,1.6333,No flag,Within measurement error,-0.0653,0.0653,2.0,ACWR describes how recent load compares with longer-term load. It does not predict injury.,no,Athlete 18,Midfielders,a0018@example.edu
A0018,2026-08-07,180.0,1,full,,,,282.0,3999.0,18.0,-0.5303,ok,23.0,-0.7826,yes,,2026-08-04,35.8333,-0.1067,1.6333,No flag,Within measurement error,-0.0653,0.0653,3.0,ACWR describes how recent load compares with longer-term load. It does not predict injury.,no,Athlete 18,Midfielders,a0018@example.edu
A0018,2026-08-08,0.0,0,full,,,,0.0,0.0,18.0,-0.4766,ok,23.0,-0.6957,yes,,2026-08-04,35.8333,-0.1067,1.6333,No flag,Within measurement error,-0.0653,0.0653,4.0,ACWR describes how recent load compares with longer-term load. It does not predict injury.,no,Athlete 18,Midfielders,a0018@example.edu
A0018,2026-08-09,0.0,0,full,,,,0.0,0.0,,,no form,,,not expected,,2026-08-04,35.8333,-0.1067,1.6333,No flag,Within measurement error,-0.0653,0.0653,5.0,ACWR describes how recent load compares with longer-term load. It does not predict injury.,no,Athlete 18,Midfielders,a0018@example.edu
A0018,2026-08-10,700.0,2,full,,,,385.0,6092.0,18.0,-0.4234,ok,23.0,-0.6087,yes,,2026-08-04,35.8333,-0.1067,1.6333,No flag,Within measurement error,-0.0653,0.0653,6.0,ACWR describes how recent load compares with longer-term load. It does not predict injury.,no,Athlete 18,Midfielders,a0018@example.edu
A0018,2026-08-11,630.0,1,full,374.2857,,,338.0,6644.0,20.0,0.9616,ok,23.0,1.3478,yes,,2026-08-11,35.4,-0.54,1.6333,No flag,Within measurement error,-0.3306,0.3306,0.0,ACWR describes how recent load compares with longer-term load. It does not predict injury.,no,Athlete 18,Midfielders,a0018@example.edu
A0018,2026-08-12,540.0,1,full,387.1429,,,407.0,6670.0,,,no form,,,no,,2026-08-11,35.4,-0.54,1.6333,No flag,Within measurement error,-0.3306,0.3306,1.0,ACWR describes how recent load compares with longer-term load. It does not predict injury.,no,Athlete 18,Midfielders,a0018@example.edu
A0018,2026-08-13,560.0,2,full,372.8571,,,445.0,6392.0,19.0,0.1967,ok,22.0,0.2727,yes,,2026-08-11,35.4,-0.54,1.6333,No flag,Within measurement error,-0.3306,0.3306,2.0,ACWR describes how recent load compares with longer-term load. It does not predict injury.,no,Athlete 18,Midfielders,a0018@example.edu
A0018,2026-08-14,240.0,1,full,381.4286,,,258.0,4124.0,18.0,-0.4923,ok,22.0,-0.6364,yes,,2026-08-11,35.4,-0.54,1.6333,No flag,Within measurement error,-0.3306,0.3306,3.0,ACWR describes how recent load compares with longer-term load. It does not predict injury.,no,Athlete 18,Midfielders,a0018@example.edu
A0018,2026-08-15,0.0,0,full,381.4286,,,0.0,0.0,18.0,-0.5458,ok,22.0,-0.6818,yes,,2026-08-11,35.4,-0.54,1.6333,No flag,Within measurement error,-0.3306,0.3306,4.0,ACWR describes how recent load compares with longer-term load. It does not predict injury.,no,Athlete 18,Midfielders,a0018@example.edu
A0018,2026-08-16,0.0,0,full,381.4286,,,0.0,0.0,,,no form,,,not expected,,2026-08-11,35.4,-0.54,1.6333,No flag,Within measurement error,-0.3306,0.3306,5.0,ACWR describes how recent load compares with longer-term load. It does not predict injury.,no,Athlete 18,Midfielders,a0018@example.edu
A0018,2026-08-17,600.0,2,full,367.1429,,,466.0,6328.0,21.0,1.8829,ok,22.0,2.3636,yes,,2026-08-11,35.4,-0.54,1.6333,No flag,Within measurement error,-0.3306,0.3306,6.0,ACWR describes how recent load compares with longer-term load. It does not predict injury.,no,Athlete 18,Midfielders,a0018@example.edu
A0018,2026-08-18,450.0,1,full,341.4286,,,333.0,5936.0,19.0,0.1403,ok,22.0,0.1818,yes,,2026-08-18,35.3333,-0.6067,1.6333,No flag,Within measurement error,-0.3714,0.3714,0.0,ACWR describes how recent load compares with longer-term load. It does not predict injury.,no,Athlete 18,Midfielders,a0018@example.edu
A0018,2026-08-19,450.0,1,full,328.5714,,,492.0,6272.0,21.0,1.6646,ok,22.0,2.1364,yes,,2026-08-18,35.3333,-0.6067,1.6333,No flag,Within measurement error,-0.3714,0.3714,1.0,ACWR describes how recent load compares with longer-term load. It does not predict injury.,no,Athlete 18,Midfielders,a0018@example.edu
A0018,2026-08-20,740.0,2,full,354.2857,,,407.0,6274.0,21.0,1.515,ok,22.0,1.9545,yes,,2026-08-18,35.3333,-0.6067,1.6333,No flag,Within measurement error,-0.3714,0.3714,2.0,ACWR describes how recent load compares with longer-term load. It does not predict injury.,no,Athlete 18,Midfielders,a0018@example.edu
A0018,2026-08-21,300.0,1,full,362.8571,,,213.0,3786.0,21.0,1.3647,ok,22.0,1.8182,yes,,2026-08-18,35.3333,-0.6067,1.6333,No flag,Within measurement error,-0.3714,0.3714,3.0,ACWR describes how recent load compares with longer-term load. It does not predict injury.,no,Athlete 18,Midfielders,a0018@example.edu
A0018,2026-08-22,560.0,1,full,442.8571,,,845.0,8264.0,17.0,-1.6377,ok,22.0,-2.1818,yes,,2026-08-18,35.3333,-0.6067,1.6333,No flag,Within measurement error,-0.3714,0.3714,4.0,ACWR describes how recent load compares with longer-term load. It does not predict injury.,no,Athlete 18,Midfielders,a0018@example.edu
A0018,2026-08-23,0.0,0,full,442.8571,,,0.0,0.0,,,no form,,,not expected,,2026-08-18,35.3333,-0.6067,1.6333,No flag,Within measurement error,-0.3714,0.3714,5.0,ACWR describes how recent load compares with longer-term load. It does not predict injury.,no,Athlete 18,Midfielders,a0018@example.edu
A0018,2026-08-24,650.0,2,full,450.0,,,353.0,5767.0,19.0,0.0,ok,22.0,0.0,yes,,2026-08-18,35.3333,-0.6067,1.6333,No flag,Within measurement error,-0.3714,0.3714,6.0,ACWR describes how recent load compares with longer-term load. It does not predict injury.,no,Athlete 18,Midfielders,a0018@example.edu
A0018,2026-08-25,540.0,1,full,462.8571,,,367.0,5905.0,19.0,-0.0716,ok,22.0,-0.0909,yes,,2026-08-25,35.6,-0.34,1.6333,No flag,Within measurement error,-0.2082,0.2082,0.0,ACWR describes how recent load compares with longer-term load. It does not predict injury.,no,Athlete 18,Midfielders,a0018@example.edu
A0018,2026-08-26,360.0,1,full,450.0,,,371.0,6247.0,20.0,0.6933,ok,22.0,0.8636,yes,,2026-08-25,35.6,-0.34,1.6333,No flag,Within measurement error,-0.2082,0.2082,1.0,ACWR describes how recent load compares with longer-term load. It does not predict injury.,no,Athlete 18,Midfielders,a0018@example.edu
A0018,2026-08-27,610.0,2,full,431.4286,,,345.0,5848.0,21.0,1.4391,ok,22.0,1.7727,yes,,2026-08-25,35.6,-0.34,1.6333,No flag,Within measurement error,-0.2082,0.2082,2.0,ACWR describes how recent load compares with longer-term load. It does not predict injury.,no,Athlete 18,Midfielders,a0018@example.edu
A0018,2026-08-28,180.0,1,full,414.2857,,,254.0,3896.0,20.0,0.5685,ok,22.0,0.7273,yes,,2026-08-25,35.6,-0.34,1.6333,No flag,Within measurement error,-0.2082,0.2082,3.0,ACWR describes how recent load compares with longer-term load. It does not predict injury.,no,Athlete 18,Midfielders,a0018@example.edu
A0018,2026-08-29,406.0,1,full,392.2857,,,804.0,6878.0,17.0,-1.8015,ok,22.0,-2.3182,yes,,2026-08-25,35.6,-0.34,1.6333,No flag,Within measurement error,-0.2082,0.2082,4.0,ACWR describes how recent load compares with longer-term load. It does not predict injury.,no,Athlete 18,Midfielders,a0018@example.edu
A0018,2026-08-30,0.0,0,full,392.2857,,,0.0,0.0,,,no form,,,not expected,,2026-08-25,35.6,-0.34,1.6333,No flag,Within measurement error,-0.2082,0.2082,5.0,ACWR describes how recent load compares with longer-term load. It does not predict injury.,no,Athlete 18,Midfielders,a0018@example.edu
A0018,2026-08-31,790.0,2,full,412.2857,,,399.0,5962.0,16.0,-2.4214,ok,22.0,-3.2727,yes,review,2026-08-25,35.6,-0.34,1.6333,No flag,Within measurement error,-0.2082,0.2082,6.0,ACWR describes how recent load compares with longer-term load. It does not predict injury.,no,Athlete 18,Midfielders,a0018@example.edu
A0018,2026-09-01,540.0,1,full,412.2857,397.7143,1.0366,279.0,5707.0,20.0,0.6524,ok,22.0,0.9545,yes,,2026-09-01,35.1667,-0.7733,1.6333,No flag,Within measurement error,-0.4735,0.4735,0.0,ACWR describes how recent load compares with longer-term load. It does not predict injury.,no,Athlete 18,Midfielders,a0018@example.edu
A0018,2026-09-02,450.0,1,full,425.1429,397.7143,1.069,350.0,6330.0,17.0,-1.4156,ok,22.0,-2.0909,yes,,2026-09-01,35.1667,-0.7733,1.6333,No flag,Within measurement error,-0.4735,0.4735,1.0,ACWR describes how recent load compares with longer-term load. It does not predict injury.,no,Athlete 18,Midfielders,a0018@example.edu
A0018,2026-09-03,610.0,2,full,425.1429,395.9286,1.0738,285.0,5189.0,17.0,-1.2961,ok,22.0,-2.0,yes,,2026-09-01,35.1667,-0.7733,1.6333,No flag,Within measurement error,-0.4735,0.4735,2.0,ACWR describes how recent load compares with longer-term load. It does not predict injury.,no,Athlete 18,Midfielders,a0018@example.edu
A0018,2026-09-04,180.0,1,full,425.1429,395.9286,1.0738,253.0,3590.0,21.0,1.3342,ok,23.0,2.087,yes,,2026-09-01,35.1667,-0.7733,1.6333,No flag,Within measurement error,-0.4735,0.4735,3.0,ACWR describes how recent load compares with longer-term load. It does not predict injury.,no,Athlete 18,Midfielders,a0018@example.edu
A0018,2026-09-05,546.0,1,full,445.1429,415.4286,1.0715,1155.0,10893.0,19.0,-0.027,ok,23.0,-0.0435,yes,,2026-09-01,35.1667,-0.7733,1.6333,No flag,Within measurement error,-0.4735,0.4735,4.0,ACWR describes how recent load compares with longer-term load. It does not predict injury.,no,Athlete 18,Midfielders,a0018@example.edu
A0018,2026-09-06,0.0,0,full,445.1429,415.4286,1.0715,0.0,0.0,,,no form,,,not expected,,2026-09-01,35.1667,-0.7733,1.6333,No flag,Within measurement error,-0.4735,0.4735,5.0,ACWR describes how recent load compares with longer-term load. It does not predict injury.,yes,Athlete 18,Midfielders,a0018@example.edu
A0018,2026-09-07,790.0,2,full,445.1429,418.6429,1.0633,262.0,5508.0,19.0,-0.0546,ok,23.0,-0.087,yes,,2026-09-01,35.1667,-0.7733,1.6333,No flag,Within measurement error,-0.4735,0.4735,6.0,ACWR describes how recent load compares with longer-term load. It does not predict injury.,yes,Athlete 18,Midfielders,a0018@example.edu
A0018,2026-09-08,450.0,1,full,432.2857,412.2143,1.0487,218.0,5939.0,19.0,-0.0828,ok,23.0,-0.1304,yes,,2026-09-08,36.3667,0.4267,1.6333,No flag,Within measurement error,0.2612,-0.2612,0.0,ACWR describes how recent load compares with longer-term load. It does not predict injury.,yes,Athlete 18,Midfielders,a0018@example.edu
A0018,2026-09-09,360.0,1,full,419.4286,405.7857,1.0336,356.0,5944.0,17.0,-1.3342,ok,23.0,-2.087,yes,,2026-09-08,36.3667,0.4267,1.6333,No flag,Within measurement error,0.2612,-0.2612,1.0,ACWR describes how recent load compares with longer-term load. It does not predict injury.,yes,Athlete 18,Midfielders,a0018@example.edu
A0018,2026-09-10,650.0,2,full,425.1429,409.0,1.0395,384.0,5816.0,18.0,-0.6297,ok,24.0,-1.0,yes,,2026-09-08,36.3667,0.4267,1.6333,No flag,Within measurement error,0.2612,-0.2612,2.0,ACWR describes how recent load compares with longer-term load. It does not predict injury.,yes,Athlete 18,Midfielders,a0018@example.edu
A0018,2026-09-11,180.0,1,full,425.1429,406.8571,1.0449,203.0,4011.0,16.0,-1.8477,ok,24.0,-2.9583,yes,,2026-09-08,36.3667,0.4267,1.6333,No flag,Within measurement error,0.2612,-0.2612,3.0,ACWR describes how recent load compares with longer-term load. It does not predict injury.,yes,Athlete 18,Midfielders,a0018@example.edu
A0018,2026-09-12,665.0,1,full,442.1429,430.6071,1.0268,1334.0,11603.0,,,no form,,,no,,2026-09-08,36.3667,0.4267,1.6333,No flag,Within measurement error,0.2612,-0.2612,4.0,ACWR describes how recent load compares with longer-term load. It does not predict injury.,yes,Athlete 18,Midfielders,a0018@example.edu
A0018,2026-09-13,0.0,0,full,442.1429,430.6071,1.0268,0.0,0.0,,,no form,,,not expected,,2026-09-08,36.3667,0.4267,1.6333,No flag,Within measurement error,0.2612,-0.2612,5.0,ACWR describes how recent load compares with longer-term load. It does not predict injury.,yes,Athlete 18,Midfielders,a0018@example.edu
A0018,2026-09-14,740.0,2,full,435.0,435.6071,0.9986,384.0,5819.0,19.0,0.0503,ok,23.0,0.087,yes,,2026-09-08,36.3667,0.4267,1.6333,No flag,Within measurement error,0.2612,-0.2612,6.0,ACWR describes how recent load compares with longer-term load. It does not predict injury.,yes,Athlete 18,Midfielders,a0018@example.edu
A0018,2026-09-15,,1,full,,,,384.0,5927.0,21.0,1.3023,ok,23.0,2.1739,yes,,2026-09-15,35.0667,-0.8733,1.6333,No flag,Within measurement error,-0.5347,0.5347,0.0,ACWR describes how recent load compares with longer-term load. It does not predict injury.,yes,Athlete 18,Midfielders,a0018@example.edu
A0018,2026-09-16,450.0,1,full,,,,373.0,6313.0,20.0,0.6284,ok,23.0,1.087,yes,,2026-09-15,35.0667,-0.8733,1.6333,No flag,Within measurement error,-0.5347,0.5347,1.0,ACWR describes how recent load compares with longer-term load. It does not predict injury.,yes,Athlete 18,Midfielders,a0018@example.edu
A0018,2026-09-17,660.0,2,full,,,,349.0,6591.0,20.0,0.6701,ok,23.0,1.1304,yes,,2026-09-15,35.0667,-0.8733,1.6333,No flag,Within measurement error,-0.5347,0.5347,2.0,ACWR describes how recent load compares with longer-term load. It does not predict injury.,yes,Athlete 18,Midfielders,a0018@example.edu
A0018,2026-09-18,180.0,1,full,,,,181.0,4116.0,18.0,-0.5031,ok,23.0,-0.8261,yes,,2026-09-15,35.0667,-0.8733,1.6333,No flag,Within measurement error,-0.5347,0.5347,3.0,ACWR describes how recent load compares with longer-term load. It does not predict injury.,yes,Athlete 18,Midfielders,a0018@example.edu
A0018,2026-09-19,560.0,1,full,,,,1086.0,9835.0,17.0,-1.0737,ok,23.0,-1.6957,yes,,2026-09-15,35.0667,-0.8733,1.6333,No flag,Within measurement error,-0.5347,0.5347,4.0,ACWR describes how recent load compares with longer-term load. It does not predict injury.,yes,Athlete 18,Midfielders,a0018@example.edu
A0018,2026-09-20,0.0,0,full,,,,0.0,0.0,,,no form,,,not expected,,2026-09-15,35.0667,-0.8733,1.6333,No flag,Within measurement error,-0.5347,0.5347,5.0,ACWR describes how recent load compares with longer-term load. It does not predict injury.,yes,Athlete 18,Midfielders,a0018@example.edu
A0018,2026-09-21,650.0,2,full,,,,409.0,6690.0,20.0,0.8259,ok,23.0,1.3043,yes,,2026-09-15,35.0667,-0.8733,1.6333,No flag,Within measurement error,-0.5347,0.5347,6.0,ACWR describes how recent load compares with longer-term load. It does not predict injury.,yes,Athlete 18,Midfielders,a0018@example.edu
A0018,2026-09-22,450.0,1,full,421.4286,,,359.0,5649.0,20.0,0.7872,ok,23.0,1.2609,yes,,2026-09-22,35.8667,-0.0733,1.6333,No flag,Within measurement error,-0.0449,0.0449,0.0,ACWR describes how recent load compares with longer-term load. It does not predict injury.,yes,Athlete 18,Midfielders,a0018@example.edu
A0018,2026-09-23,360.0,1,full,408.5714,,,346.0,5868.0,20.0,0.7503,ok,23.0,1.2174,yes,,2026-09-22,35.8667,-0.0733,1.6333,No flag,Within measurement error,-0.0449,0.0449,1.0,ACWR describes how recent load compares with longer-term load. It does not predict injury.,yes,Athlete 18,Midfielders,a0018@example.edu
A0018,2026-09-24,650.0,2,full,407.1429,,,377.0,5982.0,20.0,0.7503,ok,23.0,1.2174,yes,,2026-09-22,35.8667,-0.0733,1.6333,No flag,Within measurement error,-0.0449,0.0449,2.0,ACWR describes how recent load compares with longer-term load. It does not predict injury.,yes,Athlete 18,Midfielders,a0018@example.edu
A0018,2026-09-25,180.0,1,full,407.1429,,,166.0,4082.0,20.0,0.8016,ok,23.0,1.2609,yes,,2026-09-22,35.8667,-0.0733,1.6333,No flag,Within measurement error,-0.0449,0.0449,3.0,ACWR describes how recent load compares with longer-term load. It does not predict injury.,yes,Athlete 18,Midfielders,a0018@example.edu
A0018,2026-09-26,427.0,1,full,388.1429,,,742.0,8289.0,17.0,-1.1056,ok,23.0,-1.7391,yes,,2026-09-22,35.8667,-0.0733,1.6333,No flag,Within measurement error,-0.0449,0.0449,4.0,ACWR describes how recent load compares with longer-term load. It does not predict injury.,yes,Athlete 18,Midfielders,a0018@example.edu
A0018,2026-09-27,0.0,0,full,388.1429,,,0.0,0.0,,,no form,,,not expected,,2026-09-22,35.8667,-0.0733,1.6333,No flag,Within measurement error,-0.0449,0.0449,5.0,ACWR describes how recent load compares with longer-term load. It does not predict injury.,yes,Athlete 18,Midfielders,a0018@example.edu
A0018,2026-09-28,700.0,2,full,395.2857,,,311.0,5955.0,16.0,-1.7413,ok,23.0,-2.7391,yes,,2026-09-22,35.8667,-0.0733,1.6333,No flag,Within measurement error,-0.0449,0.0449,6.0,ACWR describes how recent load compares with longer-term load. It does not predict injury.,yes,Athlete 18,Midfielders,a0018@example.edu
A0018,2026-09-29,540.0,1,full,408.1429,,,447.0,6039.0,18.0,-0.4699,ok,23.0,-0.7391,yes,,2026-09-29,35.2,-0.74,1.6333,No flag,Within measurement error,-0.4531,0.4531,0.0,ACWR describes how recent load compares with longer-term load. It does not predict injury.,yes,Athlete 18,Midfielders,a0018@example.edu
A0018,2026-09-30,360.0,1,full,408.1429,,,339.0,5580.0,19.0,0.2236,ok,23.0,0.3478,yes,,2026-09-29,35.2,-0.74,1.6333,No flag,Within measurement error,-0.4531,0.4531,1.0,ACWR describes how recent load compares with longer-term load. It does not predict injury.,yes,Athlete 18,Midfielders,a0018@example.edu
A0018,2026-10-01,610.0,2,full,402.4286,,,331.0,5807.0,17.0,-1.1486,ok,23.0,-1.7391,yes,,2026-09-29,35.2,-0.74,1.6333,No flag,Within measurement error,-0.4531,0.4531,2.0,ACWR describes how recent load compares with longer-term load. It does not predict injury.,yes,Athlete 18,Midfielders,a0018@example.edu
A0018,2026-10-02,180.0,1,full,402.4286,,,177.0,3569.0,20.0,0.8328,ok,23.0,1.2609,yes,,2026-09-29,35.2,-0.74,1.6333,No flag,Within measurement error,-0.4531,0.4531,3.0,ACWR describes how recent load compares with longer-term load. It does not predict injury.,yes,Athlete 18,Midfielders,a0018@example.edu
A0018,2026-10-03,760.0,1,full,450.0,,,1146.0,12113.0,20.0,0.8936,ok,23.0,1.3043,yes,,2026-09-29,35.2,-0.74,1.6333,No flag,Within measurement error,-0.4531,0.4531,4.0,ACWR describes how recent load compares with longer-term load. It does not predict injury.,yes,Athlete 18,Midfielders,a0018@example.edu
A0019,2026-07-06,550.0,2,full,,,,365.0,4764.0,19.0,,baseline too short,0.0,,yes,,,,,,,,,,,ACWR describes how recent load compares with longer-term load. It does not predict injury.,no,Athlete 19,Forwards,a0019@example.edu
A0019,2026-07-07,360.0,1,full,,,,275.0,4568.0,20.0,,baseline too short,1.0,,yes,,2026-07-07,30.4667,,,Baseline,Baseline test,,,0.0,ACWR describes how recent load compares with longer-term load. It does not predict injury.,no,Athlete 19,Forwards,a0019@example.edu
A0019,2026-07-08,360.0,1,full,,,,264.0,5143.0,21.0,,baseline too short,2.0,,yes,,2026-07-07,30.4667,,,Baseline,Baseline test,,,1.0,ACWR describes how recent load compares with longer-term load. It does not predict injury.,no,Athlete 19,Forwards,a0019@example.edu
A0019,2026-07-09,550.0,2,full,,,,371.0,5244.0,19.0,,baseline too short,3.0,,yes,,2026-07-09,31.5667,,,Baseline,Baseline test,,,0.0,ACWR describes how recent load compares with longer-term load. It does not predict injury.,no,Athlete 19,Forwards,a0019@example.edu
A0019,2026-07-10,120.0,1,full,,,,231.0,3729.0,19.0,,baseline too short,4.0,,yes,,2026-07-09,31.5667,,,Baseline,Baseline test,,,1.0,ACWR describes how recent load compares with longer-term load. It does not predict injury.,no,Athlete 19,Forwards,a0019@example.edu
A0019,2026-07-11,0.0,0,full,,,,0.0,0.0,23.0,,baseline too short,5.0,,yes,,2026-07-09,31.5667,,,Baseline,Baseline test,,,2.0,ACWR describes how recent load compares with longer-term load. It does not predict injury.,no,Athlete 19,Forwards,a0019@example.edu
A0019,2026-07-12,0.0,0,full,277.1429,,,0.0,0.0,,,no form,,,not expected,,2026-07-09,31.5667,,,Baseline,Baseline test,,,3.0,ACWR describes how recent load compares with longer-term load. It does not predict injury.,no,Athlete 19,Forwards,a0019@example.edu
A0019,2026-07-13,420.0,2,full,258.5714,,,297.0,4852.0,17.0,,baseline too short,6.0,,yes,,2026-07-09,31.5667,,,Baseline,Baseline test,,,4.0,ACWR describes how recent load compares with longer-term load. It does not predict injury.,no,Athlete 19,Forwards,a0019@example.edu
A0019,2026-07-14,450.0,1,full,271.4286,,,383.0,4791.0,19.0,,baseline too short,7.0,,yes,,2026-07-14,31.2667,,,Baseline,Baseline test,,,0.0,ACWR describes how recent load compares with longer-term load. It does not predict injury.,no,Athlete 19,Forwards,a0019@example.edu
A0019,2026-07-15,180.0,1,full,245.7143,,,341.0,5384.0,18.0,,baseline too short,8.0,,yes,,2026-07-14,31.2667,,,Baseline,Baseline test,,,1.0,ACWR describes how recent load compares with longer-term load. It does not predict injury.,no,Athlete 19,Forwards,a0019@example.edu
A0019,2026-07-16,560.0,2,full,247.1429,,,336.0,5232.0,20.0,,baseline too short,9.0,,yes,,2026-07-14,31.2667,,,Baseline,Baseline test,,,2.0,ACWR describes how recent load compares with longer-term load. It does not predict injury.,no,Athlete 19,Forwards,a0019@example.edu
A0019,2026-07-17,180.0,1,full,255.7143,,,198.0,3254.0,17.0,,baseline too short,10.0,,yes,,2026-07-14,31.2667,,,Baseline,Baseline test,,,3.0,ACWR describes how recent load compares with longer-term load. It does not predict injury.,no,Athlete 19,Forwards,a0019@example.edu
A0019,2026-07-18,0.0,0,full,255.7143,,,0.0,0.0,20.0,,baseline too short,11.0,,yes,,2026-07-14,31.2667,,,Baseline,Baseline test,,,4.0,ACWR describes how recent load compares with longer-term load. It does not predict injury.,no,Athlete 19,Forwards,a0019@example.edu
A0019,2026-07-19,0.0,0,full,255.7143,,,0.0,0.0,,,no form,,,not expected,,2026-07-14,31.2667,,,Baseline,Baseline test,,,5.0,ACWR describes how recent load compares with longer-term load. It does not predict injury.,no,Athlete 19,Forwards,a0019@example.edu
A0019,2026-07-20,830.0,2,full,314.2857,,,512.0,8236.0,22.0,,baseline too short,12.0,,yes,,2026-07-14,31.2667,,,Baseline,Baseline test,,,6.0,ACWR describes how recent load compares with longer-term load. It does not predict injury.,no,Athlete 19,Forwards,a0019@example.edu
A0019,2026-07-21,540.0,1,full,327.1429,,,603.0,8758.0,19.0,,baseline too short,13.0,,yes,,2026-07-21,32.5,,,Baseline,Baseline test,,,0.0,ACWR describes how recent load compares with longer-term load. It does not predict injury.,no,Athlete 19,Forwards,a0019@example.edu
A0019,2026-07-22,450.0,1,full,365.7143,,,529.0,8695.0,19.0,-0.2944,ok,14.0,-0.5,yes,,2026-07-21,32.5,,,Baseline,Baseline test,,,1.0,ACWR describes how recent load compares with longer-term load. It does not predict injury.,no,Athlete 19,Forwards,a0019@example.edu
A0019,2026-07-23,840.0,2,full,405.7143,,,456.0,8156.0,19.0,-0.2843,ok,15.0,-0.4667,yes,,2026-07-21,32.5,,,Baseline,Baseline test,,,2.0,ACWR describes how recent load compares with longer-term load. It does not predict injury.,no,Athlete 19,Forwards,a0019@example.edu
A0019,2026-07-24,240.0,1,full,414.2857,,,,,19.0,-0.2751,ok,16.0,-0.4375,yes,,2026-07-21,32.5,,,Baseline,Baseline test,,,3.0,ACWR describes how recent load compares with longer-term load. It does not predict injury.,no,Athlete 19,Forwards,a0019@example.edu
A0019,2026-07-25,0.0,0,full,414.2857,,,0.0,0.0,20.0,0.3811,ok,17.0,0.5882,yes,,2026-07-21,32.5,,,Baseline,Baseline test,,,4.0,ACWR describes how recent load compares with longer-term load. It does not predict injury.,no,Athlete 19,Forwards,a0019@example.edu
A0019,2026-07-26,0.0,0,full,414.2857,,,0.0,0.0,,,no form,,,not expected,,2026-07-21,32.5,,,Baseline,Baseline test,,,5.0,ACWR describes how recent load compares with longer-term load. It does not predict injury.,no,Athlete 19,Forwards,a0019@example.edu
A0019,2026-07-27,650.0,2,full,388.5714,,,390.0,6881.0,19.0,-0.2955,ok,18.0,-0.4444,yes,,2026-07-21,32.5,,,Baseline,Baseline test,,,6.0,ACWR describes how recent load compares with longer-term load. It does not predict injury.,no,Athlete 19,Forwards,a0019@example.edu
A0019,2026-07-28,630.0,1,full,401.4286,,,355.0,6229.0,,,no form,,,no,,2026-07-28,31.4667,,,Baseline,Baseline test,,,0.0,ACWR describes how recent load compares with longer-term load. It does not predict injury.,no,Athlete 19,Forwards,a0019@example.edu
A0019,2026-07-29,720.0,1,full,440.0,,,403.0,6976.0,20.0,0.3952,ok,19.0,0.5789,yes,,2026-07-28,31.4667,,,Baseline,Baseline test,,,1.0,ACWR describes how recent load compares with longer-term load. It does not predict injury.,no,Athlete 19,Forwards,a0019@example.edu
A0019,2026-07-30,,2,full,,,,502.0,6901.0,,,no form,,,no,,2026-07-28,31.4667,,,Baseline,Baseline test,,,2.0,ACWR describes how recent load compares with longer-term load. It does not predict injury.,no,Athlete 19,Forwards,a0019@example.edu
A0019,2026-07-31,240.0,1,full,,,,274.0,4262.0,17.0,-1.7112,ok,20.0,-2.45,yes,,2026-07-28,31.4667,,,Baseline,Baseline test,,,3.0,ACWR describes how recent load compares with longer-term load. It does not predict injury.,no,Athlete 19,Forwards,a0019@example.edu
A0019,2026-08-01,0.0,0,full,,,,0.0,0.0,19.0,-0.223,ok,21.0,-0.3333,yes,,2026-07-28,31.4667,,,Baseline,Baseline test,,,4.0,ACWR describes how recent load compares with longer-term load. It does not predict injury.,no,Athlete 19,Forwards,a0019@example.edu
A0019,2026-08-02,0.0,0,full,,,,0.0,0.0,,,no form,,,not expected,,2026-07-28,31.4667,,,Baseline,Baseline test,,,5.0,ACWR describes how recent load compares with longer-term load. It does not predict injury.,no,Athlete 19,Forwards,a0019@example.edu
A0019,2026-08-03,790.0,2,full,,,,412.0,6815.0,21.0,1.1518,ok,22.0,1.6818,yes,,2026-07-28,31.4667,,,Baseline,Baseline test,,,6.0,ACWR describes how recent load compares with longer-term load. It does not predict injury.,no,Athlete 19,Forwards,a0019@example.edu
A0019,2026-08-04,630.0,1,full,,,,464.0,6947.0,19.0,-0.2725,ok,22.0,-0.4091,yes,,2026-08-04,31.3,-0.1533,1.6333,No flag,Within measurement error,-0.0939,0.0939,0.0,ACWR describes how recent load compares with longer-term load. It does not predict injury.,no,Athlete 19,Forwards,a0019@example.edu
A0019,2026-08-05,360.0,1,full,,,,324.0,6636.0,21.0,1.0928,ok,22.0,1.6364,yes,,2026-08-04,31.3,-0.1533,1.6333,No flag,Within measurement error,-0.0939,0.0939,1.0,ACWR describes how recent load compares with longer-term load. It does not predict injury.,no,Athlete 19,Forwards,a0019@example.edu
A0019,2026-08-06,560.0,2,full,368.5714,,,465.0,6325.0,17.0,-1.5784,ok,22.0,-2.3636,yes,,2026-08-04,31.3,-0.1533,1.6333,No flag,Within measurement error,-0.0939,0.0939,2.0,ACWR describes how recent load compares with longer-term load. It does not predict injury.,no,Athlete 19,Forwards,a0019@example.edu
A0019,2026-08-07,240.0,1,full,368.5714,,,268.0,3810.0,21.0,1.0938,ok,22.0,1.7273,yes,,2026-08-04,31.3,-0.1533,1.6333,No flag,Within measurement error,-0.0939,0.0939,3.0,ACWR describes how recent load compares with longer-term load. It does not predict injury.,no,Athlete 19,Forwards,a0019@example.edu
A0019,2026-08-08,0.0,0,full,368.5714,,,0.0,0.0,19.0,-0.2245,ok,22.0,-0.3636,yes,,2026-08-04,31.3,-0.1533,1.6333,No flag,Within measurement error,-0.0939,0.0939,4.0,ACWR describes how recent load compares with longer-term load. It does not predict injury.,no,Athlete 19,Forwards,a0019@example.edu
A0019,2026-08-09,0.0,0,full,368.5714,,,0.0,0.0,,,no form,,,not expected,,2026-08-04,31.3,-0.1533,1.6333,No flag,Within measurement error,-0.0939,0.0939,5.0,ACWR describes how recent load compares with longer-term load. It does not predict injury.,no,Athlete 19,Forwards,a0019@example.edu
A0019,2026-08-10,740.0,2,full,361.4286,,,415.0,7214.0,17.0,-1.5563,ok,22.0,-2.1818,yes,,2026-08-04,31.3,-0.1533,1.6333,No flag,Within measurement error,-0.0939,0.0939,6.0,ACWR describes how recent load compares with longer-term load. It does not predict injury.,no,Athlete 19,Forwards,a0019@example.edu
A0019,2026-08-11,720.0,1,full,374.2857,,,393.0,6732.0,,,no form,,,no,,2026-08-11,31.0,-0.4533,1.6333,No flag,Within measurement error,-0.2776,0.2776,0.0,ACWR describes how recent load compares with longer-term load. It does not predict injury.,no,Athlete 19,Forwards,a0019@example.edu
A0019,2026-08-12,540.0,1,full,400.0,,,422.0,6325.0,18.0,-0.8291,ok,21.0,-1.1905,yes,,2026-08-11,31.0,-0.4533,1.6333,No flag,Within measurement error,-0.2776,0.2776,1.0,ACWR describes how recent load compares with longer-term load. It does not predict injury.,no,Athlete 19,Forwards,a0019@example.edu
A0019,2026-08-13,740.0,2,full,425.7143,,,444.0,6306.0,20.0,0.5638,ok,21.0,0.8095,yes,,2026-08-11,31.0,-0.4533,1.6333,No flag,Within measurement error,-0.2776,0.2776,2.0,ACWR describes how recent load compares with longer-term load. It does not predict injury.,no,Athlete 19,Forwards,a0019@example.edu
A0019,2026-08-14,120.0,1,full,408.5714,,,243.0,3795.0,19.0,-0.1326,ok,21.0,-0.1905,yes,,2026-08-11,31.0,-0.4533,1.6333,No flag,Within measurement error,-0.2776,0.2776,3.0,ACWR describes how recent load compares with longer-term load. It does not predict injury.,no,Athlete 19,Forwards,a0019@example.edu
A0019,2026-08-15,0.0,0,full,408.5714,,,0.0,0.0,21.0,1.2727,ok,21.0,1.7143,yes,,2026-08-11,31.0,-0.4533,1.6333,No flag,Within measurement error,-0.2776,0.2776,4.0,ACWR describes how recent load compares with longer-term load. It does not predict injury.,no,Athlete 19,Forwards,a0019@example.edu
A0019,2026-08-16,0.0,0,full,408.5714,,,0.0,0.0,,,no form,,,not expected,,2026-08-11,31.0,-0.4533,1.6333,No flag,Within measurement error,-0.2776,0.2776,5.0,ACWR describes how recent load compares with longer-term load. It does not predict injury.,no,Athlete 19,Forwards,a0019@example.edu
A0019,2026-08-17,700.0,2,full,402.8571,,,320.0,6257.0,18.0,-0.9589,ok,21.0,-1.3333,yes,,2026-08-11,31.0,-0.4533,1.6333,No flag,Within measurement error,-0.2776,0.2776,6.0,ACWR describes how recent load compares with longer-term load. It does not predict injury.,no,Athlete 19,Forwards,a0019@example.edu
A0019,2026-08-18,540.0,1,full,377.1429,,,269.0,5786.0,20.0,0.6717,ok,21.0,0.8571,yes,,2026-08-18,31.3,-0.1533,1.6333,No flag,Within measurement error,-0.0939,0.0939,0.0,ACWR describes how recent load compares with longer-term load. It does not predict injury.,no,Athlete 19,Forwards,a0019@example.edu
A0019,2026-08-19,450.0,1,full,364.2857,,,346.0,6224.0,20.0,0.628,ok,21.0,0.8095,yes,,2026-08-18,31.3,-0.1533,1.6333,No flag,Within measurement error,-0.0939,0.0939,1.0,ACWR describes how recent load compares with longer-term load. It does not predict injury.,no,Athlete 19,Forwards,a0019@example.edu
A0019,2026-08-20,560.0,2,full,338.5714,,,376.0,6256.0,,,no form,,,no,,2026-08-18,31.3,-0.1533,1.6333,No flag,Within measurement error,-0.0939,0.0939,2.0,ACWR describes how recent load compares with longer-term load. It does not predict injury.,no,Athlete 19,Forwards,a0019@example.edu
A0019,2026-08-21,180.0,1,full,347.1429,,,257.0,4799.0,18.0,-0.9379,ok,20.0,-1.25,yes,,2026-08-18,31.3,-0.1533,1.6333,No flag,Within measurement error,-0.0939,0.0939,3.0,ACWR describes how recent load compares with longer-term load. It does not predict injury.,no,Athlete 19,Forwards,a0019@example.edu
A0019,2026-08-22,357.0,1,full,398.1429,,,630.0,6220.0,17.0,-1.6163,ok,20.0,-2.2,yes,,2026-08-18,31.3,-0.1533,1.6333,No flag,Within measurement error,-0.0939,0.0939,4.0,ACWR describes how recent load compares with longer-term load. It does not predict injury.,no,Athlete 19,Forwards,a0019@example.edu
A0019,2026-08-23,0.0,0,full,398.1429,,,0.0,0.0,,,no form,,,not expected,,2026-08-18,31.3,-0.1533,1.6333,No flag,Within measurement error,-0.0939,0.0939,5.0,ACWR describes how recent load compares with longer-term load. It does not predict injury.,no,Athlete 19,Forwards,a0019@example.edu
A0019,2026-08-24,790.0,2,full,411.0,,,356.0,5871.0,17.0,-1.4318,ok,20.0,-2.05,yes,,2026-08-18,31.3,-0.1533,1.6333,No flag,Within measurement error,-0.0939,0.0939,6.0,ACWR describes how recent load compares with longer-term load. It does not predict injury.,no,Athlete 19,Forwards,a0019@example.edu
A0019,2026-08-25,630.0,1,full,423.8571,,,364.0,6210.0,18.0,-0.6319,ok,20.0,-0.95,yes,,2026-08-25,30.9667,-0.4867,1.6333,No flag,Within measurement error,-0.298,0.298,0.0,ACWR describes how recent load compares with longer-term load. It does not predict injury.,no,Athlete 19,Forwards,a0019@example.edu
A0019,2026-08-26,450.0,1,full,423.8571,,,379.0,6118.0,20.0,0.74,ok,21.0,1.0952,yes,,2026-08-25,30.9667,-0.4867,1.6333,No flag,Within measurement error,-0.298,0.298,1.0,ACWR describes how recent load compares with longer-term load. It does not predict injury.,no,Athlete 19,Forwards,a0019@example.edu
A0019,2026-08-27,560.0,2,full,423.8571,389.1786,1.0891,408.0,6282.0,22.0,2.0913,ok,21.0,3.0952,yes,,2026-08-25,30.9667,-0.4867,1.6333,No flag,Within measurement error,-0.298,0.298,2.0,ACWR describes how recent load compares with longer-term load. It does not predict injury.,no,Athlete 19,Forwards,a0019@example.edu
A0019,2026-08-28,180.0,1,full,423.8571,387.0357,1.0951,248.0,4285.0,17.0,-1.2881,ok,22.0,-2.0455,yes,,2026-08-25,30.9667,-0.4867,1.6333,No flag,Within measurement error,-0.298,0.298,3.0,ACWR describes how recent load compares with longer-term load. It does not predict injury.,no,Athlete 19,Forwards,a0019@example.edu
A0019,2026-08-29,665.0,1,full,467.8571,410.7857,1.1389,934.0,12253.0,19.0,-0.0286,ok,22.0,-0.0455,yes,,2026-08-25,30.9667,-0.4867,1.6333,No flag,Within measurement error,-0.298,0.298,4.0,ACWR describes how recent load compares with longer-term load. It does not predict injury.,no,Athlete 19,Forwards,a0019@example.edu
A0019,2026-08-30,0.0,0,full,467.8571,410.7857,1.1389,0.0,0.0,,,no form,,,not expected,,2026-08-25,30.9667,-0.4867,1.6333,No flag,Within measurement error,-0.298,0.298,5.0,ACWR describes how recent load compares with longer-term load. It does not predict injury.,no,Athlete 19,Forwards,a0019@example.edu
A0019,2026-08-31,690.0,2,full,453.5714,407.2143,1.1138,447.0,6843.0,17.0,-1.2881,ok,22.0,-2.0455,yes,,2026-08-25,30.9667,-0.4867,1.6333,No flag,Within measurement error,-0.298,0.298,6.0,ACWR describes how recent load compares with longer-term load. It does not predict injury.,no,Athlete 19,Forwards,a0019@example.edu
A0019,2026-09-01,0.0,0,out,363.5714,384.7143,0.945,0.0,0.0,20.0,0.7181,ok,22.0,1.1364,yes,,2026-08-25,30.9667,-0.4867,1.6333,No flag,Within measurement error,-0.298,0.298,7.0,ACWR describes how recent load compares with longer-term load. It does not predict injury.,no,Athlete 19,Forwards,a0019@example.edu
A0019,2026-09-02,0.0,0,out,299.2857,371.8571,0.8048,0.0,0.0,19.0,0.0568,ok,22.0,0.0909,yes,,2026-08-25,30.9667,-0.4867,1.6333,No flag,Within measurement error,-0.298,0.298,8.0,ACWR describes how recent load compares with longer-term load. It does not predict injury.,no,Athlete 19,Forwards,a0019@example.edu
A0019,2026-09-03,0.0,0,out,219.2857,351.8571,0.6232,0.0,0.0,18.0,-0.5341,ok,22.0,-0.8182,yes,,2026-08-25,30.9667,-0.4867,1.6333,No flag,Within measurement error,-0.298,0.298,9.0,ACWR describes how recent load compares with longer-term load. It does not predict injury.,no,Athlete 19,Forwards,a0019@example.edu
A0019,2026-09-04,0.0,0,out,193.5714,343.2857,0.5639,0.0,0.0,19.0,0.0915,ok,22.0,0.1364,yes,,2026-08-25,30.9667,-0.4867,1.6333,No flag,Within measurement error,-0.298,0.298,10.0,ACWR describes how recent load compares with longer-term load. It does not predict injury.,no,Athlete 19,Forwards,a0019@example.edu
A0019,2026-09-05,0.0,0,out,98.5714,343.2857,0.2871,0.0,0.0,19.0,0.161,ok,22.0,0.2273,yes,,2026-08-25,30.9667,-0.4867,1.6333,No flag,Within measurement error,-0.298,0.298,11.0,ACWR describes how recent load compares with longer-term load. It does not predict injury.,no,Athlete 19,Forwards,a0019@example.edu
A0019,2026-09-06,0.0,0,out,98.5714,343.2857,0.2871,0.0,0.0,,,no form,,,not expected,,2026-08-25,30.9667,-0.4867,1.6333,No flag,Within measurement error,-0.298,0.298,12.0,ACWR describes how recent load compares with longer-term load. It does not predict injury.,yes,Athlete 19,Forwards,a0019@example.edu
A0019,2026-09-07,0.0,0,out,0.0,316.8571,0.0,0.0,0.0,16.0,-1.9638,ok,22.0,-2.7727,yes,,2026-08-25,30.9667,-0.4867,1.6333,No flag,Within measurement error,-0.298,0.298,13.0,ACWR describes how recent load compares with longer-term load. It does not predict injury.,yes,Athlete 19,Forwards,a0019@example.edu
A0019,2026-09-08,0.0,0,out,0.0,291.1429,0.0,0.0,0.0,16.0,-1.8355,ok,22.0,-2.7273,yes,,2026-08-25,30.9667,-0.4867,1.6333,No flag,Within measurement error,-0.298,0.298,14.0,ACWR describes how recent load compares with longer-term load. It does not predict injury.,yes,Athlete 19,Forwards,a0019@example.edu
A0019,2026-09-09,0.0,0,out,0.0,271.8571,0.0,0.0,0.0,19.0,0.251,ok,23.0,0.3913,yes,,2026-08-25,30.9667,-0.4867,1.6333,No flag,Within measurement error,-0.298,0.298,15.0,ACWR describes how recent load compares with longer-term load. It does not predict injury.,yes,Athlete 19,Forwards,a0019@example.edu
A0019,2026-09-10,0.0,0,out,0.0,245.4286,0.0,0.0,0.0,18.0,-0.4193,ok,23.0,-0.6522,yes,,2026-08-25,30.9667,-0.4867,1.6333,No flag,Within measurement error,-0.298,0.298,16.0,ACWR describes how recent load compares with longer-term load. It does not predict injury.,yes,Athlete 19,Forwards,a0019@example.edu
A0019,2026-09-11,0.0,0,out,0.0,241.1429,0.0,0.0,0.0,19.0,0.2838,ok,23.0,0.4348,yes,,2026-08-25,30.9667,-0.4867,1.6333,No flag,Within measurement error,-0.298,0.298,17.0,ACWR describes how recent load compares with longer-term load. It does not predict injury.,yes,Athlete 19,Forwards,a0019@example.edu
A0019,2026-09-12,0.0,0,out,0.0,241.1429,0.0,0.0,0.0,19.0,0.2838,ok,23.0,0.4348,yes,,2026-08-25,30.9667,-0.4867,1.6333,No flag,Within measurement error,-0.298,0.298,18.0,ACWR describes how recent load compares with longer-term load. It does not predict injury.,yes,Athlete 19,Forwards,a0019@example.edu
A0019,2026-09-13,0.0,0,modified,0.0,241.1429,0.0,0.0,0.0,,,no form,,,not expected,,2026-08-25,30.9667,-0.4867,1.6333,No flag,Within measurement error,-0.298,0.298,19.0,ACWR describes how recent load compares with longer-term load. It does not predict injury.,yes,Athlete 19,Forwards,a0019@example.edu
A0019,2026-09-14,285.0,2,modified,40.7143,226.3214,0.1799,174.0,3272.0,17.0,-1.0252,ok,23.0,-1.4783,yes,,2026-08-25,30.9667,-0.4867,1.6333,No flag,Within measurement error,-0.298,0.298,20.0,ACWR describes how recent load compares with longer-term load. It does not predict injury.,yes,Athlete 19,Forwards,a0019@example.edu
A0019,2026-09-15,225.0,1,modified,72.8571,215.0714,0.3388,191.0,3220.0,20.0,1.0635,ok,23.0,1.5652,yes,,2026-09-15,32.1333,0.68,1.6333,No flag,Within measurement error,0.4163,-0.4163,0.0,ACWR describes how recent load compares with longer-term load. It does not predict injury.,yes,Athlete 19,Forwards,a0019@example.edu
A0019,2026-09-16,225.0,1,modified,105.0,207.0357,0.5072,213.0,3199.0,17.0,-0.9749,ok,23.0,-1.4348,yes,,2026-09-15,32.1333,0.68,1.6333,No flag,Within measurement error,0.4163,-0.4163,1.0,ACWR describes how recent load compares with longer-term load. It does not predict injury.,yes,Athlete 19,Forwards,a0019@example.edu
A0019,2026-09-17,435.0,2,modified,167.1429,202.5714,0.8251,165.0,2101.0,19.0,0.4766,ok,23.0,0.6957,yes,,2026-09-15,32.1333,0.68,1.6333,No flag,Within measurement error,0.4163,-0.4163,2.0,ACWR describes how recent load compares with longer-term load. It does not predict injury.,yes,Athlete 19,Forwards,a0019@example.edu
A0019,2026-09-18,180.0,1,modified,192.8571,202.5714,0.952,199.0,3070.0,16.0,-1.6265,ok,24.0,-2.3333,yes,,2026-09-15,32.1333,0.68,1.6333,No flag,Within measurement error,0.4163,-0.4163,3.0,ACWR describes how recent load compares with longer-term load. It does not predict injury.,yes,Athlete 19,Forwards,a0019@example.edu
A0019,2026-09-19,0.0,0,modified,192.8571,189.8214,1.016,0.0,0.0,21.0,1.8202,ok,24.0,2.75,yes,,2026-09-15,32.1333,0.68,1.6333,No flag,Within measurement error,0.4163,-0.4163,4.0,ACWR describes how recent load compares with longer-term load. It does not predict injury.,yes,Athlete 19,Forwards,a0019@example.edu
A0019,2026-09-20,0.0,0,full,192.8571,189.8214,1.016,0.0,0.0,,,no form,,,not expected,,2026-09-15,32.1333,0.68,1.6333,No flag,Within measurement error,0.4163,-0.4163,5.0,ACWR describes how recent load compares with longer-term load. It does not predict injury.,yes,Athlete 19,Forwards,a0019@example.edu
A0019,2026-09-21,700.0,2,full,252.1429,186.6071,1.3512,,,16.0,-1.524,ok,24.0,-2.4167,yes,,2026-09-15,32.1333,0.68,1.6333,No flag,Within measurement error,0.4163,-0.4163,6.0,ACWR describes how recent load compares with longer-term load. It does not predict injury.,yes,Athlete 19,Forwards,a0019@example.edu
A0019,2026-09-22,450.0,1,full,284.2857,180.1786,1.5778,331.0,6089.0,,,no form,,,no,,2026-09-22,29.9667,-1.4867,1.6333,No flag,Within measurement error,-0.9102,0.9102,0.0,ACWR describes how recent load compares with longer-term load. It does not predict injury.,yes,Athlete 19,Forwards,a0019@example.edu
A0019,2026-09-23,360.0,1,full,303.5714,176.9643,1.7154,403.0,6475.0,18.0,-0.2341,ok,23.0,-0.3913,yes,,2026-09-22,29.9667,-1.4867,1.6333,No flag,Within measurement error,-0.9102,0.9102,1.0,ACWR describes how recent load compares with longer-term load. It does not predict injury.,yes,Athlete 19,Forwards,a0019@example.edu
A0019,2026-09-24,610.0,2,full,328.5714,178.75,1.8382,372.0,6235.0,18.0,-0.1861,ok,23.0,-0.3043,yes,,2026-09-22,29.9667,-1.4867,1.6333,No flag,Within measurement error,-0.9102,0.9102,2.0,ACWR describes how recent load compares with longer-term load. It does not predict injury.,yes,Athlete 19,Forwards,a0019@example.edu
A0019,2026-09-25,240.0,1,full,337.1429,180.8929,1.8638,277.0,4359.0,18.0,-0.0916,ok,23.0,-0.1304,yes,,2026-09-22,29.9667,-1.4867,1.6333,No flag,Within measurement error,-0.9102,0.9102,3.0,ACWR describes how recent load compares with longer-term load. It does not predict injury.,yes,Athlete 19,Forwards,a0019@example.edu
A0019,2026-09-26,540.0,1,full,414.2857,176.4286,2.3482,1153.0,12381.0,19.0,0.5888,ok,23.0,0.8261,yes,,2026-09-22,29.9667,-1.4867,1.6333,No flag,Within measurement error,-0.9102,0.9102,4.0,ACWR describes how recent load compares with longer-term load. It does not predict injury.,yes,Athlete 19,Forwards,a0019@example.edu
A0019,2026-09-27,0.0,0,full,414.2857,176.4286,2.3482,0.0,0.0,,,no form,,,not expected,,2026-09-22,29.9667,-1.4867,1.6333,No flag,Within measurement error,-0.9102,0.9102,5.0,ACWR describes how recent load compares with longer-term load. It does not predict injury.,yes,Athlete 19,Forwards,a0019@example.edu
A0019,2026-09-28,750.0,2,full,421.4286,178.5714,2.36,460.0,6972.0,,,no form,,,no,,2026-09-22,29.9667,-1.4867,1.6333,No flag,Within measurement error,-0.9102,0.9102,6.0,ACWR describes how recent load compares with longer-term load. It does not predict injury.,yes,Athlete 19,Forwards,a0019@example.edu
A0019,2026-09-29,540.0,1,full,434.2857,197.8571,2.1949,375.0,6264.0,20.0,1.2555,ok,22.0,1.7727,yes,,2026-09-29,31.8,0.3467,1.6333,No flag,Within measurement error,0.2123,-0.2123,0.0,ACWR describes how recent load compares with longer-term load. It does not predict injury.,yes,Athlete 19,Forwards,a0019@example.edu
A0019,2026-09-30,450.0,1,full,447.1429,213.9286,2.0902,264.0,6125.0,23.0,3.3803,ok,22.0,4.7727,yes,,2026-09-29,31.8,0.3467,1.6333,No flag,Within measurement error,0.2123,-0.2123,1.0,ACWR describes how recent load compares with longer-term load. It does not predict injury.,yes,Athlete 19,Forwards,a0019@example.edu
A0019,2026-10-01,,2,full,,,,210.0,4964.0,18.0,-0.2356,ok,22.0,-0.4091,yes,,2026-09-29,31.8,0.3467,1.6333,No flag,Within measurement error,0.2123,-0.2123,2.0,ACWR describes how recent load compares with longer-term load. It does not predict injury.,yes,Athlete 19,Forwards,a0019@example.edu
A0019,2026-10-02,180.0,1,full,,,,180.0,4324.0,20.0,0.9162,ok,22.0,1.5909,yes,,2026-09-29,31.8,0.3467,1.6333,No flag,Within measurement error,0.2123,-0.2123,3.0,ACWR describes how recent load compares with longer-term load. It does not predict injury.,yes,Athlete 19,Forwards,a0019@example.edu
A0019,2026-10-03,528.0,1,full,,,,818.0,8712.0,19.0,0.309,ok,22.0,0.5455,yes,,2026-09-29,31.8,0.3467,1.6333,No flag,Within measurement error,0.2123,-0.2123,4.0,ACWR describes how recent load compares with longer-term load. It does not predict injury.,yes,Athlete 19,Forwards,a0019@example.edu
A0020,2026-07-06,650.0,2,full,,,,311.0,4710.0,18.0,,baseline too short,0.0,,yes,,,,,,,,,,,ACWR describes how recent load compares with longer-term load. It does not predict injury.,no,Athlete 20,Forwards,a0020@example.edu
A0020,2026-07-07,450.0,1,full,,,,302.0,5051.0,20.0,,baseline too short,1.0,,yes,,2026-07-07,34.9667,,,Baseline,Baseline test,,,0.0,ACWR describes how recent load compares with longer-term load. It does not predict injury.,no,Athlete 20,Forwards,a0020@example.edu
A0020,2026-07-08,360.0,1,full,,,,262.0,5079.0,20.0,,baseline too short,2.0,,yes,,2026-07-07,34.9667,,,Baseline,Baseline test,,,1.0,ACWR describes how recent load compares with longer-term load. It does not predict injury.,no,Athlete 20,Forwards,a0020@example.edu
A0020,2026-07-09,,2,full,,,,234.0,4886.0,20.0,,baseline too short,3.0,,yes,,2026-07-09,36.9,,,Baseline,Baseline test,,,0.0,ACWR describes how recent load compares with longer-term load. It does not predict injury.,no,Athlete 20,Forwards,a0020@example.edu
A0020,2026-07-10,60.0,1,full,,,,191.0,3344.0,22.0,,baseline too short,4.0,,yes,,2026-07-09,36.9,,,Baseline,Baseline test,,,1.0,ACWR describes how recent load compares with longer-term load. It does not predict injury.,no,Athlete 20,Forwards,a0020@example.edu
A0020,2026-07-11,0.0,0,full,,,,0.0,0.0,17.0,,baseline too short,5.0,,yes,,2026-07-09,36.9,,,Baseline,Baseline test,,,2.0,ACWR describes how recent load compares with longer-term load. It does not predict injury.,no,Athlete 20,Forwards,a0020@example.edu
A0020,2026-07-12,0.0,0,full,,,,0.0,0.0,,,no form,,,not expected,,2026-07-09,36.9,,,Baseline,Baseline test,,,3.0,ACWR describes how recent load compares with longer-term load. It does not predict injury.,no,Athlete 20,Forwards,a0020@example.edu
A0020,2026-07-13,370.0,2,full,,,,341.0,4814.0,21.0,,baseline too short,6.0,,yes,,2026-07-09,36.9,,,Baseline,Baseline test,,,4.0,ACWR describes how recent load compares with longer-term load. It does not predict injury.,no,Athlete 20,Forwards,a0020@example.edu
A0020,2026-07-14,450.0,1,full,,,,359.0,4967.0,,,no form,,,no,,2026-07-14,34.5,,,Baseline,Baseline test,,,0.0,ACWR describes how recent load compares with longer-term load. It does not predict injury.,no,Athlete 20,Forwards,a0020@example.edu
A0020,2026-07-15,360.0,1,full,,,,279.0,5067.0,17.0,,baseline too short,7.0,,yes,,2026-07-14,34.5,,,Baseline,Baseline test,,,1.0,ACWR describes how recent load compares with longer-term load. It does not predict injury.,no,Athlete 20,Forwards,a0020@example.edu
A0020,2026-07-16,510.0,2,full,250.0,,,341.0,4895.0,19.0,,baseline too short,8.0,,yes,,2026-07-14,34.5,,,Baseline,Baseline test,,,2.0,ACWR describes how recent load compares with longer-term load. It does not predict injury.,no,Athlete 20,Forwards,a0020@example.edu
A0020,2026-07-17,120.0,1,full,258.5714,,,214.0,3417.0,20.0,,baseline too short,9.0,,yes,,2026-07-14,34.5,,,Baseline,Baseline test,,,3.0,ACWR describes how recent load compares with longer-term load. It does not predict injury.,no,Athlete 20,Forwards,a0020@example.edu
A0020,2026-07-18,0.0,0,full,258.5714,,,0.0,0.0,20.0,,baseline too short,10.0,,yes,,2026-07-14,34.5,,,Baseline,Baseline test,,,4.0,ACWR describes how recent load compares with longer-term load. It does not predict injury.,no,Athlete 20,Forwards,a0020@example.edu
A0020,2026-07-19,0.0,0,full,258.5714,,,0.0,0.0,,,no form,,,not expected,,2026-07-14,34.5,,,Baseline,Baseline test,,,5.0,ACWR describes how recent load compares with longer-term load. It does not predict injury.,no,Athlete 20,Forwards,a0020@example.edu
A0020,2026-07-20,840.0,2,full,325.7143,,,520.0,7411.0,18.0,,baseline too short,11.0,,yes,,2026-07-14,34.5,,,Baseline,Baseline test,,,6.0,ACWR describes how recent load compares with longer-term load. It does not predict injury.,no,Athlete 20,Forwards,a0020@example.edu
A0020,2026-07-21,630.0,1,full,351.4286,,,459.0,7783.0,19.0,,baseline too short,12.0,,yes,,2026-07-21,35.3,,,Baseline,Baseline test,,,0.0,ACWR describes how recent load compares with longer-term load. It does not predict injury.,no,Athlete 20,Forwards,a0020@example.edu
A0020,2026-07-22,630.0,1,full,390.0,,,441.0,7377.0,,,no form,,,no,,2026-07-21,35.3,,,Baseline,Baseline test,,,1.0,ACWR describes how recent load compares with longer-term load. It does not predict injury.,no,Athlete 20,Forwards,a0020@example.edu
A0020,2026-07-23,930.0,2,full,450.0,,,509.0,8043.0,20.0,,baseline too short,13.0,,yes,,2026-07-21,35.3,,,Baseline,Baseline test,,,2.0,ACWR describes how recent load compares with longer-term load. It does not predict injury.,no,Athlete 20,Forwards,a0020@example.edu
A0020,2026-07-24,240.0,1,full,467.1429,,,347.0,5086.0,20.0,0.4443,ok,14.0,0.6429,yes,,2026-07-21,35.3,,,Baseline,Baseline test,,,3.0,ACWR describes how recent load compares with longer-term load. It does not predict injury.,no,Athlete 20,Forwards,a0020@example.edu
A0020,2026-07-25,0.0,0,full,467.1429,,,0.0,0.0,18.0,-0.9971,ok,15.0,-1.4,yes,,2026-07-21,35.3,,,Baseline,Baseline test,,,4.0,ACWR describes how recent load compares with longer-term load. It does not predict injury.,no,Athlete 20,Forwards,a0020@example.edu
A0020,2026-07-26,0.0,0,full,467.1429,,,0.0,0.0,,,no form,,,not expected,,2026-07-21,35.3,,,Baseline,Baseline test,,,5.0,ACWR describes how recent load compares with longer-term load. It does not predict injury.,no,Athlete 20,Forwards,a0020@example.edu
A0020,2026-07-27,700.0,2,full,447.1429,,,313.0,6630.0,20.0,0.4908,ok,16.0,0.6875,yes,,2026-07-21,35.3,,,Baseline,Baseline test,,,6.0,ACWR describes how recent load compares with longer-term load. It does not predict injury.,no,Athlete 20,Forwards,a0020@example.edu
A0020,2026-07-28,720.0,1,full,460.0,,,,,18.0,-0.99,ok,17.0,-1.3529,yes,,2026-07-28,35.5667,,,Baseline,Baseline test,,,0.0,ACWR describes how recent load compares with longer-term load. It does not predict injury.,no,Athlete 20,Forwards,a0020@example.edu
A0020,2026-07-29,450.0,1,full,434.2857,,,396.0,6134.0,17.0,-1.6704,ok,18.0,-2.2778,yes,,2026-07-28,35.5667,,,Baseline,Baseline test,,,1.0,ACWR describes how recent load compares with longer-term load. It does not predict injury.,no,Athlete 20,Forwards,a0020@example.edu
A0020,2026-07-30,740.0,2,full,407.1429,,,415.0,6054.0,17.0,-1.5148,ok,19.0,-2.1579,yes,,2026-07-28,35.5667,,,Baseline,Baseline test,,,2.0,ACWR describes how recent load compares with longer-term load. It does not predict injury.,no,Athlete 20,Forwards,a0020@example.edu
A0020,2026-07-31,180.0,1,full,398.5714,,,271.0,4861.0,19.0,-0.0341,ok,20.0,-0.05,yes,,2026-07-28,35.5667,,,Baseline,Baseline test,,,3.0,ACWR describes how recent load compares with longer-term load. It does not predict injury.,no,Athlete 20,Forwards,a0020@example.edu
A0020,2026-08-01,0.0,0,modified,398.5714,,,0.0,0.0,21.0,1.3644,ok,21.0,1.9524,yes,,2026-07-28,35.5667,,,Baseline,Baseline test,,,4.0,ACWR describes how recent load compares with longer-term load. It does not predict injury.,no,Athlete 20,Forwards,a0020@example.edu
A0020,2026-08-02,0.0,0,full,398.5714,,,0.0,0.0,,,no form,,,not expected,,2026-07-28,35.5667,,,Baseline,Baseline test,,,5.0,ACWR describes how recent load compares with longer-term load. It does not predict injury.,no,Athlete 20,Forwards,a0020@example.edu
A0020,2026-08-03,,2,full,,,,372.0,7072.0,19.0,-0.0936,ok,22.0,-0.1364,yes,,2026-07-28,35.5667,,,Baseline,Baseline test,,,6.0,ACWR describes how recent load compares with longer-term load. It does not predict injury.,no,Athlete 20,Forwards,a0020@example.edu
A0020,2026-08-04,540.0,1,full,,,,429.0,7116.0,16.0,-2.2166,ok,22.0,-3.1818,yes,review,2026-08-04,34.6,-0.8467,1.6333,No flag,Within measurement error,-0.5184,0.5184,0.0,ACWR describes how recent load compares with longer-term load. It does not predict injury.,no,Athlete 20,Forwards,a0020@example.edu
A0020,2026-08-05,450.0,1,full,,,,,,,,no form,,,no,,2026-08-04,34.6,-0.8467,1.6333,No flag,Within measurement error,-0.5184,0.5184,1.0,ACWR describes how recent load compares with longer-term load. It does not predict injury.,no,Athlete 20,Forwards,a0020@example.edu
A0020,2026-08-06,740.0,2,full,,,,344.0,5871.0,18.0,-0.5967,ok,21.0,-0.9524,yes,,2026-08-04,34.6,-0.8467,1.6333,No flag,Within measurement error,-0.5184,0.5184,2.0,ACWR describes how recent load compares with longer-term load. It does not predict injury.,no,Athlete 20,Forwards,a0020@example.edu
A0020,2026-08-07,180.0,1,full,,,,297.0,4483.0,,,no form,,,no,,2026-08-04,34.6,-0.8467,1.6333,No flag,Within measurement error,-0.5184,0.5184,3.0,ACWR describes how recent load compares with longer-term load. It does not predict injury.,no,Athlete 20,Forwards,a0020@example.edu
A0020,2026-08-08,0.0,0,full,,,,0.0,0.0,18.0,-0.4812,ok,20.0,-0.7,yes,,2026-08-04,34.6,-0.8467,1.6333,No flag,Within measurement error,-0.5184,0.5184,4.0,ACWR describes how recent load compares with longer-term load. It does not predict injury.,no,Athlete 20,Forwards,a0020@example.edu
A0020,2026-08-09,0.0,0,full,,,,0.0,0.0,,,no form,,,not expected,,2026-08-04,34.6,-0.8467,1.6333,No flag,Within measurement error,-0.5184,0.5184,5.0,ACWR describes how recent load compares with longer-term load. It does not predict injury.,no,Athlete 20,Forwards,a0020@example.edu
A0020,2026-08-10,690.0,2,full,371.4286,,,427.0,6602.0,17.0,-1.2415,ok,20.0,-1.75,yes,,2026-08-04,34.6,-0.8467,1.6333,No flag,Within measurement error,-0.5184,0.5184,6.0,ACWR describes how recent load compares with longer-term load. It does not predict injury.,no,Athlete 20,Forwards,a0020@example.edu
A0020,2026-08-11,540.0,1,full,371.4286,,,361.0,5750.0,18.0,-0.4055,ok,20.0,-0.55,yes,,2026-08-11,34.5333,-0.9133,1.6333,No flag,Within measurement error,-0.5592,0.5592,0.0,ACWR describes how recent load compares with longer-term load. It does not predict injury.,no,Athlete 20,Forwards,a0020@example.edu
A0020,2026-08-12,540.0,1,full,384.2857,,,264.0,5901.0,20.0,1.1121,ok,21.0,1.4762,yes,,2026-08-11,34.5333,-0.9133,1.6333,No flag,Within measurement error,-0.5592,0.5592,1.0,ACWR describes how recent load compares with longer-term load. It does not predict injury.,no,Athlete 20,Forwards,a0020@example.edu
A0020,2026-08-13,660.0,2,full,372.8571,,,380.0,6520.0,20.0,1.0127,ok,21.0,1.3333,yes,,2026-08-11,34.5333,-0.9133,1.6333,No flag,Within measurement error,-0.5592,0.5592,2.0,ACWR describes how recent load compares with longer-term load. It does not predict injury.,no,Athlete 20,Forwards,a0020@example.edu
A0020,2026-08-14,180.0,1,full,372.8571,,,222.0,4469.0,19.0,0.2121,ok,21.0,0.2857,yes,,2026-08-11,34.5333,-0.9133,1.6333,No flag,Within measurement error,-0.5592,0.5592,3.0,ACWR describes how recent load compares with longer-term load. It does not predict injury.,no,Athlete 20,Forwards,a0020@example.edu
A0020,2026-08-15,0.0,0,full,372.8571,,,0.0,0.0,21.0,1.7723,ok,21.0,2.3333,yes,,2026-08-11,34.5333,-0.9133,1.6333,No flag,Within measurement error,-0.5592,0.5592,4.0,ACWR describes how recent load compares with longer-term load. It does not predict injury.,no,Athlete 20,Forwards,a0020@example.edu
A0020,2026-08-16,0.0,0,full,372.8571,,,0.0,0.0,,,no form,,,not expected,,2026-08-11,34.5333,-0.9133,1.6333,No flag,Within measurement error,-0.5592,0.5592,5.0,ACWR describes how recent load compares with longer-term load. It does not predict injury.,no,Athlete 20,Forwards,a0020@example.edu
A0020,2026-08-17,650.0,2,full,367.1429,,,372.0,6493.0,20.0,0.9293,ok,21.0,1.2857,yes,,2026-08-11,34.5333,-0.9133,1.6333,No flag,Within measurement error,-0.5592,0.5592,6.0,ACWR describes how recent load compares with longer-term load. It does not predict injury.,no,Athlete 20,Forwards,a0020@example.edu
A0020,2026-08-18,540.0,1,full,367.1429,,,309.0,6542.0,18.0,-0.578,ok,21.0,-0.8095,yes,,2026-08-18,35.2333,-0.2133,1.6333,No flag,Within measurement error,-0.1306,0.1306,0.0,ACWR describes how recent load compares with longer-term load. It does not predict injury.,no,Athlete 20,Forwards,a0020@example.edu
A0020,2026-08-19,360.0,1,full,341.4286,,,,,19.0,0.1688,ok,21.0,0.2381,yes,,2026-08-18,35.2333,-0.2133,1.6333,No flag,Within measurement error,-0.1306,0.1306,1.0,ACWR describes how recent load compares with longer-term load. It does not predict injury.,no,Athlete 20,Forwards,a0020@example.edu
A0020,2026-08-20,700.0,2,full,347.1429,,,393.0,6070.0,20.0,0.8908,ok,22.0,1.2273,yes,,2026-08-18,35.2333,-0.2133,1.6333,No flag,Within measurement error,-0.1306,0.1306,2.0,ACWR describes how recent load compares with longer-term load. It does not predict injury.,no,Athlete 20,Forwards,a0020@example.edu
A0020,2026-08-21,240.0,1,full,355.7143,,,222.0,4009.0,18.0,-0.5609,ok,22.0,-0.7727,yes,,2026-08-18,35.2333,-0.2133,1.6333,No flag,Within measurement error,-0.1306,0.1306,3.0,ACWR describes how recent load compares with longer-term load. It does not predict injury.,no,Athlete 20,Forwards,a0020@example.edu
A0020,2026-08-22,760.0,1,full,464.2857,,,940.0,12466.0,18.0,-0.5018,ok,22.0,-0.6818,yes,,2026-08-18,35.2333,-0.2133,1.6333,No flag,Within measurement error,-0.1306,0.1306,4.0,ACWR describes how recent load compares with longer-term load. It does not predict injury.,no,Athlete 20,Forwards,a0020@example.edu
A0020,2026-08-23,0.0,0,full,464.2857,,,0.0,0.0,,,no form,,,not expected,,2026-08-18,35.2333,-0.2133,1.6333,No flag,Within measurement error,-0.1306,0.1306,5.0,ACWR describes how recent load compares with longer-term load. It does not predict injury.,no,Athlete 20,Forwards,a0020@example.edu
A0020,2026-08-24,830.0,2,full,490.0,,,196.0,5827.0,,,no form,,,no,,2026-08-18,35.2333,-0.2133,1.6333,No flag,Within measurement error,-0.1306,0.1306,6.0,ACWR describes how recent load compares with longer-term load. It does not predict injury.,no,Athlete 20,Forwards,a0020@example.edu
A0020,2026-08-25,450.0,1,full,477.1429,,,309.0,5651.0,19.0,0.2803,ok,21.0,0.381,yes,,2026-08-25,35.9667,0.52,1.6333,No flag,Within measurement error,0.3184,-0.3184,0.0,ACWR describes how recent load compares with longer-term load. It does not predict injury.,no,Athlete 20,Forwards,a0020@example.edu
A0020,2026-08-26,540.0,1,full,502.8571,,,362.0,6046.0,17.0,-1.2309,ok,21.0,-1.6667,yes,,2026-08-25,35.9667,0.52,1.6333,No flag,Within measurement error,0.3184,-0.3184,1.0,ACWR describes how recent load compares with longer-term load. It does not predict injury.,no,Athlete 20,Forwards,a0020@example.edu
A0020,2026-08-27,700.0,2,full,502.8571,,,370.0,5968.0,,,no form,,,no,,2026-08-25,35.9667,0.52,1.6333,No flag,Within measurement error,0.3184,-0.3184,2.0,ACWR describes how recent load compares with longer-term load. It does not predict injury.,no,Athlete 20,Forwards,a0020@example.edu
A0020,2026-08-28,180.0,1,full,494.2857,,,249.0,4474.0,17.0,-1.313,ok,20.0,-1.75,yes,,2026-08-25,35.9667,0.52,1.6333,No flag,Within measurement error,0.3184,-0.3184,3.0,ACWR describes how recent load compares with longer-term load. It does not predict injury.,no,Athlete 20,Forwards,a0020@example.edu
A0020,2026-08-29,536.0,1,full,462.2857,,,661.0,7628.0,19.0,0.2523,ok,20.0,0.35,yes,,2026-08-25,35.9667,0.52,1.6333,No flag,Within measurement error,0.3184,-0.3184,4.0,ACWR describes how recent load compares with longer-term load. It does not predict injury.,no,Athlete 20,Forwards,a0020@example.edu
A0020,2026-08-30,0.0,0,full,462.2857,,,0.0,0.0,,,no form,,,not expected,,2026-08-25,35.9667,0.52,1.6333,No flag,Within measurement error,0.3184,-0.3184,5.0,ACWR describes how recent load compares with longer-term load. It does not predict injury.,no,Athlete 20,Forwards,a0020@example.edu
A0020,2026-08-31,560.0,2,full,423.7143,413.0714,1.0258,334.0,6245.0,14.0,-3.565,ok,20.0,-4.55,yes,review,2026-08-25,35.9667,0.52,1.6333,No flag,Within measurement error,0.3184,-0.3184,6.0,ACWR describes how recent load compares with longer-term load. It does not predict injury.,no,Athlete 20,Forwards,a0020@example.edu
A0020,2026-09-01,450.0,1,full,423.7143,409.8571,1.0338,350.0,6106.0,20.0,1.0459,ok,20.0,1.7,yes,,2026-09-01,34.7,-0.7467,1.6333,No flag,Within measurement error,-0.4572,0.4572,0.0,ACWR describes how recent load compares with longer-term load. It does not predict injury.,no,Athlete 20,Forwards,a0020@example.edu
A0020,2026-09-02,540.0,1,full,423.7143,413.0714,1.0258,353.0,5648.0,17.0,-0.9537,ok,20.0,-1.5,yes,,2026-09-01,34.7,-0.7467,1.6333,No flag,Within measurement error,-0.4572,0.4572,1.0,ACWR describes how recent load compares with longer-term load. It does not predict injury.,no,Athlete 20,Forwards,a0020@example.edu
A0020,2026-09-03,510.0,2,full,396.5714,404.8571,0.9795,429.0,6325.0,21.0,1.6404,ok,21.0,2.5714,yes,,2026-09-01,34.7,-0.7467,1.6333,No flag,Within measurement error,-0.4572,0.4572,2.0,ACWR describes how recent load compares with longer-term load. It does not predict injury.,no,Athlete 20,Forwards,a0020@example.edu
A0020,2026-09-04,240.0,1,full,405.1429,407.0,0.9954,278.0,3923.0,18.0,-0.3441,ok,21.0,-0.5714,yes,,2026-09-01,34.7,-0.7467,1.6333,No flag,Within measurement error,-0.4572,0.4572,3.0,ACWR describes how recent load compares with longer-term load. It does not predict injury.,no,Athlete 20,Forwards,a0020@example.edu
A0020,2026-09-05,656.0,1,full,422.2857,430.4286,0.9811,858.0,10169.0,18.0,-0.3357,ok,22.0,-0.5455,yes,,2026-09-01,34.7,-0.7467,1.6333,No flag,Within measurement error,-0.4572,0.4572,4.0,ACWR describes how recent load compares with longer-term load. It does not predict injury.,no,Athlete 20,Forwards,a0020@example.edu
A0020,2026-09-06,0.0,0,full,422.2857,430.4286,0.9811,0.0,0.0,,,no form,,,not expected,,2026-09-01,34.7,-0.7467,1.6333,No flag,Within measurement error,-0.4572,0.4572,5.0,ACWR describes how recent load compares with longer-term load. It does not predict injury.,yes,Athlete 20,Forwards,a0020@example.edu
A0020,2026-09-07,560.0,2,full,422.2857,425.7857,0.9918,412.0,6305.0,17.0,-0.951,ok,22.0,-1.5455,yes,,2026-09-01,34.7,-0.7467,1.6333,No flag,Within measurement error,-0.4572,0.4572,6.0,ACWR describes how recent load compares with longer-term load. It does not predict injury.,yes,Athlete 20,Forwards,a0020@example.edu
A0020,2026-09-08,450.0,1,full,422.2857,422.5714,0.9993,381.0,6189.0,20.0,0.8951,ok,22.0,1.4545,yes,,2026-09-08,35.5,0.0533,1.6333,No flag,Within measurement error,0.0327,-0.0327,0.0,ACWR describes how recent load compares with longer-term load. It does not predict injury.,yes,Athlete 20,Forwards,a0020@example.edu
A0020,2026-09-09,450.0,1,full,409.4286,419.3571,0.9763,409.0,5789.0,,,no form,,,no,,2026-09-08,35.5,0.0533,1.6333,No flag,Within measurement error,0.0327,-0.0327,1.0,ACWR describes how recent load compares with longer-term load. It does not predict injury.,yes,Athlete 20,Forwards,a0020@example.edu
A0020,2026-09-10,650.0,2,full,429.4286,419.0,1.0249,297.0,5788.0,20.0,0.8603,ok,21.0,1.4286,yes,,2026-09-08,35.5,0.0533,1.6333,No flag,Within measurement error,0.0327,-0.0327,2.0,ACWR describes how recent load compares with longer-term load. It does not predict injury.,yes,Athlete 20,Forwards,a0020@example.edu
A0020,2026-09-11,120.0,1,full,412.2857,416.8571,0.989,289.0,4378.0,,,no form,,,no,,2026-09-08,35.5,0.0533,1.6333,No flag,Within measurement error,0.0327,-0.0327,3.0,ACWR describes how recent load compares with longer-term load. It does not predict injury.,yes,Athlete 20,Forwards,a0020@example.edu
A0020,2026-09-12,688.0,1,full,416.8571,441.4286,0.9443,969.0,10513.0,19.0,0.2646,ok,20.0,0.45,yes,,2026-09-08,35.5,0.0533,1.6333,No flag,Within measurement error,0.0327,-0.0327,4.0,ACWR describes how recent load compares with longer-term load. It does not predict injury.,yes,Athlete 20,Forwards,a0020@example.edu
A0020,2026-09-13,0.0,0,full,416.8571,441.4286,0.9443,0.0,0.0,,,no form,,,not expected,,2026-09-08,35.5,0.0533,1.6333,No flag,Within measurement error,0.0327,-0.0327,5.0,ACWR describes how recent load compares with longer-term load. It does not predict injury.,yes,Athlete 20,Forwards,a0020@example.edu
A0020,2026-09-14,840.0,2,full,456.8571,448.2143,1.0193,260.0,5806.0,16.0,-1.5264,ok,20.0,-2.45,yes,,2026-09-08,35.5,0.0533,1.6333,No flag,Within measurement error,0.0327,-0.0327,6.0,ACWR describes how recent load compares with longer-term load. It does not predict injury.,yes,Athlete 20,Forwards,a0020@example.edu
A0020,2026-09-15,450.0,1,full,456.8571,445.0,1.0266,202.0,5226.0,19.0,0.4544,ok,20.0,0.75,yes,,2026-09-15,34.3,-1.1467,1.6333,No flag,Within measurement error,-0.7021,0.7021,0.0,ACWR describes how recent load compares with longer-term load. It does not predict injury.,yes,Athlete 20,Forwards,a0020@example.edu
A0020,2026-09-16,360.0,1,full,444.0,445.0,0.9978,461.0,6241.0,20.0,1.0256,ok,20.0,1.7,yes,,2026-09-15,34.3,-1.1467,1.6333,No flag,Within measurement error,-0.7021,0.7021,1.0,ACWR describes how recent load compares with longer-term load. It does not predict injury.,yes,Athlete 20,Forwards,a0020@example.edu
A0020,2026-09-17,650.0,2,full,444.0,443.2143,1.0018,399.0,6131.0,20.0,0.9738,ok,20.0,1.65,yes,,2026-09-15,34.3,-1.1467,1.6333,No flag,Within measurement error,-0.7021,0.7021,2.0,ACWR describes how recent load compares with longer-term load. It does not predict injury.,yes,Athlete 20,Forwards,a0020@example.edu
A0020,2026-09-18,300.0,1,full,469.7143,445.3571,1.0547,245.0,3805.0,16.0,-1.3869,ok,20.0,-2.35,yes,,2026-09-15,34.3,-1.1467,1.6333,No flag,Within measurement error,-0.7021,0.7021,3.0,ACWR describes how recent load compares with longer-term load. It does not predict injury.,yes,Athlete 20,Forwards,a0020@example.edu
A0020,2026-09-19,434.0,1,full,433.4286,433.7143,0.9993,630.0,6854.0,20.0,0.9868,ok,20.0,1.75,yes,,2026-09-15,34.3,-1.1467,1.6333,No flag,Within measurement error,-0.7021,0.7021,4.0,ACWR describes how recent load compares with longer-term load. It does not predict injury.,yes,Athlete 20,Forwards,a0020@example.edu
A0020,2026-09-20,0.0,0,full,433.4286,433.7143,0.9993,0.0,0.0,,,no form,,,not expected,,2026-09-15,34.3,-1.1467,1.6333,No flag,Within measurement error,-0.7021,0.7021,5.0,ACWR describes how recent load compares with longer-term load. It does not predict injury.,yes,Athlete 20,Forwards,a0020@example.edu
A0020,2026-09-21,700.0,2,full,413.4286,429.0714,0.9635,500.0,6291.0,16.0,-1.2952,ok,20.0,-2.35,yes,,2026-09-15,34.3,-1.1467,1.6333,No flag,Within measurement error,-0.7021,0.7021,6.0,ACWR describes how recent load compares with longer-term load. It does not predict injury.,yes,Athlete 20,Forwards,a0020@example.edu
A0020,2026-09-22,540.0,1,full,426.2857,432.2857,0.9861,401.0,6513.0,18.0,-0.1293,ok,21.0,-0.2381,yes,,2026-09-22,34.7,-0.7467,1.6333,No flag,Within measurement error,-0.4572,0.4572,0.0,ACWR describes how recent load compares with longer-term load. It does not predict injury.,yes,Athlete 20,Forwards,a0020@example.edu
A0020,2026-09-23,270.0,1,full,413.4286,422.6429,0.9782,432.0,6005.0,19.0,0.4415,ok,21.0,0.8095,yes,,2026-09-22,34.7,-0.7467,1.6333,No flag,Within measurement error,-0.4572,0.4572,1.0,ACWR describes how recent load compares with longer-term load. It does not predict injury.,yes,Athlete 20,Forwards,a0020@example.edu
A0020,2026-09-24,790.0,2,full,433.4286,425.8571,1.0178,345.0,5368.0,19.0,0.3924,ok,21.0,0.7143,yes,,2026-09-22,34.7,-0.7467,1.6333,No flag,Within measurement error,-0.4572,0.4572,2.0,ACWR describes how recent load compares with longer-term load. It does not predict injury.,yes,Athlete 20,Forwards,a0020@example.edu
A0020,2026-09-25,120.0,1,full,407.7143,423.7143,0.9622,293.0,4291.0,18.0,-0.1784,ok,22.0,-0.3182,yes,,2026-09-22,34.7,-0.7467,1.6333,No flag,Within measurement error,-0.4572,0.4572,3.0,ACWR describes how recent load compares with longer-term load. It does not predict injury.,yes,Athlete 20,Forwards,a0020@example.edu
A0020,2026-09-26,574.0,1,full,427.7143,425.0714,1.0062,717.0,10734.0,16.0,-1.3425,ok,22.0,-2.3636,yes,,2026-09-22,34.7,-0.7467,1.6333,No flag,Within measurement error,-0.4572,0.4572,4.0,ACWR describes how recent load compares with longer-term load. It does not predict injury.,yes,Athlete 20,Forwards,a0020@example.edu
A0020,2026-09-27,0.0,0,full,427.7143,425.0714,1.0062,0.0,0.0,,,no form,,,not expected,,2026-09-22,34.7,-0.7467,1.6333,No flag,Within measurement error,-0.4572,0.4572,5.0,ACWR describes how recent load compares with longer-term load. It does not predict injury.,yes,Athlete 20,Forwards,a0020@example.edu
A0020,2026-09-28,650.0,2,full,420.5714,428.2857,0.982,395.0,6069.0,,,no form,,,no,,2026-09-22,34.7,-0.7467,1.6333,No flag,Within measurement error,-0.4572,0.4572,6.0,ACWR describes how recent load compares with longer-term load. It does not predict injury.,yes,Athlete 20,Forwards,a0020@example.edu
A0020,2026-09-29,540.0,1,full,420.5714,431.5,0.9747,362.0,5700.0,18.0,-0.268,ok,21.0,-0.4286,yes,,2026-09-29,36.5667,1.12,1.6333,No flag,Within measurement error,0.6857,-0.6857,0.0,ACWR describes how recent load compares with longer-term load. It does not predict injury.,yes,Athlete 20,Forwards,a0020@example.edu
A0020,2026-09-30,450.0,1,full,446.2857,428.2857,1.042,393.0,6153.0,20.0,1.0684,ok,21.0,1.6667,yes,,2026-09-29,36.5667,1.12,1.6333,No flag,Within measurement error,0.6857,-0.6857,1.0,ACWR describes how recent load compares with longer-term load. It does not predict injury.,yes,Athlete 20,Forwards,a0020@example.edu
A0020,2026-10-01,700.0,2,full,433.4286,435.0714,0.9962,358.0,5794.0,18.0,-0.3035,ok,21.0,-0.4762,yes,,2026-09-29,36.5667,1.12,1.6333,No flag,Within measurement error,0.6857,-0.6857,2.0,ACWR describes how recent load compares with longer-term load. It does not predict injury.,yes,Athlete 20,Forwards,a0020@example.edu
A0020,2026-10-02,180.0,1,full,442.0,432.9286,1.021,304.0,4447.0,19.0,0.4564,ok,21.0,0.6667,yes,,2026-09-29,36.5667,1.12,1.6333,No flag,Within measurement error,0.6857,-0.6857,3.0,ACWR describes how recent load compares with longer-term load. It does not predict injury.,yes,Athlete 20,Forwards,a0020@example.edu
A0020,2026-10-03,553.0,1,full,439.0,429.25,1.0227,1071.0,9503.0,18.0,-0.26,ok,21.0,-0.381,yes,,2026-09-29,36.5667,1.12,1.6333,No flag,Within measurement error,0.6857,-0.6857,4.0,ACWR describes how recent load compares with longer-term load. It does not predict injury.,yes,Athlete 20,Forwards,a0020@example.edu
A0021,2026-07-06,550.0,2,full,,,,295.0,4515.0,15.0,,baseline too short,0.0,,yes,,,,,,,,,,,ACWR describes how recent load compares with longer-term load. It does not predict injury.,no,Athlete 21,Forwards,a0021@example.edu
A0021,2026-07-07,360.0,1,full,,,,316.0,4917.0,18.0,,baseline too short,1.0,,yes,,2026-07-07,35.2333,,,Baseline,Baseline test,,,0.0,ACWR describes how recent load compares with longer-term load. It does not predict injury.,no,Athlete 21,Forwards,a0021@example.edu
A0021,2026-07-08,450.0,1,full,,,,286.0,4923.0,18.0,,baseline too short,2.0,,yes,,2026-07-07,35.2333,,,Baseline,Baseline test,,,1.0,ACWR describes how recent load compares with longer-term load. It does not predict injury.,no,Athlete 21,Forwards,a0021@example.edu
A0021,2026-07-09,740.0,2,full,,,,323.0,4794.0,18.0,,baseline too short,3.0,,yes,,2026-07-09,33.5,,,Baseline,Baseline test,,,0.0,ACWR describes how recent load compares with longer-term load. It does not predict injury.,no,Athlete 21,Forwards,a0021@example.edu
A0021,2026-07-10,240.0,1,full,,,,213.0,3074.0,17.0,,baseline too short,4.0,,yes,,2026-07-09,33.5,,,Baseline,Baseline test,,,1.0,ACWR describes how recent load compares with longer-term load. It does not predict injury.,no,Athlete 21,Forwards,a0021@example.edu
A0021,2026-07-11,0.0,0,full,,,,0.0,0.0,17.0,,baseline too short,5.0,,yes,,2026-07-09,33.5,,,Baseline,Baseline test,,,2.0,ACWR describes how recent load compares with longer-term load. It does not predict injury.,no,Athlete 21,Forwards,a0021@example.edu
A0021,2026-07-12,0.0,0,full,334.2857,,,0.0,0.0,,,no form,,,not expected,,2026-07-09,33.5,,,Baseline,Baseline test,,,3.0,ACWR describes how recent load compares with longer-term load. It does not predict injury.,no,Athlete 21,Forwards,a0021@example.edu
A0021,2026-07-13,370.0,2,full,308.5714,,,189.0,5367.0,16.0,,baseline too short,6.0,,yes,,2026-07-09,33.5,,,Baseline,Baseline test,,,4.0,ACWR describes how recent load compares with longer-term load. It does not predict injury.,no,Athlete 21,Forwards,a0021@example.edu
A0021,2026-07-14,450.0,1,full,321.4286,,,230.0,4500.0,17.0,,baseline too short,7.0,,yes,,2026-07-14,35.3333,,,Baseline,Baseline test,,,0.0,ACWR describes how recent load compares with longer-term load. It does not predict injury.,no,Athlete 21,Forwards,a0021@example.edu
A0021,2026-07-15,360.0,1,full,308.5714,,,220.0,4508.0,16.0,,baseline too short,8.0,,yes,,2026-07-14,35.3333,,,Baseline,Baseline test,,,1.0,ACWR describes how recent load compares with longer-term load. It does not predict injury.,no,Athlete 21,Forwards,a0021@example.edu
A0021,2026-07-16,420.0,2,full,262.8571,,,286.0,4353.0,,,no form,,,no,,2026-07-14,35.3333,,,Baseline,Baseline test,,,2.0,ACWR describes how recent load compares with longer-term load. It does not predict injury.,no,Athlete 21,Forwards,a0021@example.edu
A0021,2026-07-17,120.0,1,full,245.7143,,,120.0,2698.0,16.0,,baseline too short,9.0,,yes,,2026-07-14,35.3333,,,Baseline,Baseline test,,,3.0,ACWR describes how recent load compares with longer-term load. It does not predict injury.,no,Athlete 21,Forwards,a0021@example.edu
A0021,2026-07-18,0.0,0,full,245.7143,,,0.0,0.0,,,no form,,,no,,2026-07-14,35.3333,,,Baseline,Baseline test,,,4.0,ACWR describes how recent load compares with longer-term load. It does not predict injury.,no,Athlete 21,Forwards,a0021@example.edu
A0021,2026-07-19,0.0,0,full,245.7143,,,0.0,0.0,,,no form,,,not expected,,2026-07-14,35.3333,,,Baseline,Baseline test,,,5.0,ACWR describes how recent load compares with longer-term load. It does not predict injury.,no,Athlete 21,Forwards,a0021@example.edu
A0021,2026-07-20,750.0,2,full,300.0,,,492.0,8450.0,17.0,,baseline too short,10.0,,yes,,2026-07-14,35.3333,,,Baseline,Baseline test,,,6.0,ACWR describes how recent load compares with longer-term load. It does not predict injury.,no,Athlete 21,Forwards,a0021@example.edu
A0021,2026-07-21,630.0,1,full,325.7143,,,398.0,8202.0,19.0,,baseline too short,11.0,,yes,,2026-07-21,35.3,,,Baseline,Baseline test,,,0.0,ACWR describes how recent load compares with longer-term load. It does not predict injury.,no,Athlete 21,Forwards,a0021@example.edu
A0021,2026-07-22,540.0,1,full,351.4286,,,615.0,8455.0,16.0,,baseline too short,12.0,,yes,,2026-07-21,35.3,,,Baseline,Baseline test,,,1.0,ACWR describes how recent load compares with longer-term load. It does not predict injury.,no,Athlete 21,Forwards,a0021@example.edu
A0021,2026-07-23,890.0,2,full,418.5714,,,449.0,7659.0,18.0,,baseline too short,13.0,,yes,,2026-07-21,35.3,,,Baseline,Baseline test,,,2.0,ACWR describes how recent load compares with longer-term load. It does not predict injury.,no,Athlete 21,Forwards,a0021@example.edu
A0021,2026-07-24,240.0,1,full,435.7143,,,375.0,5531.0,18.0,0.9014,ok,14.0,1.0,yes,,2026-07-21,35.3,,,Baseline,Baseline test,,,3.0,ACWR describes how recent load compares with longer-term load. It does not predict injury.,no,Athlete 21,Forwards,a0021@example.edu
A0021,2026-07-25,0.0,0,full,435.7143,,,0.0,0.0,17.0,-0.0606,ok,15.0,-0.0667,yes,,2026-07-21,35.3,,,Baseline,Baseline test,,,4.0,ACWR describes how recent load compares with longer-term load. It does not predict injury.,no,Athlete 21,Forwards,a0021@example.edu
A0021,2026-07-26,0.0,0,full,435.7143,,,0.0,0.0,,,no form,,,not expected,,2026-07-21,35.3,,,Baseline,Baseline test,,,5.0,ACWR describes how recent load compares with longer-term load. It does not predict injury.,no,Athlete 21,Forwards,a0021@example.edu
A0021,2026-07-27,790.0,2,full,441.4286,,,288.0,6309.0,15.0,-1.941,ok,16.0,-2.0625,yes,,2026-07-21,35.3,,,Baseline,Baseline test,,,6.0,ACWR describes how recent load compares with longer-term load. It does not predict injury.,no,Athlete 21,Forwards,a0021@example.edu
A0021,2026-07-28,540.0,1,full,428.5714,,,407.0,6435.0,17.0,0.0514,ok,17.0,0.0588,yes,,2026-07-28,34.4667,,,Baseline,Baseline test,,,0.0,ACWR describes how recent load compares with longer-term load. It does not predict injury.,no,Athlete 21,Forwards,a0021@example.edu
A0021,2026-07-29,450.0,1,full,415.7143,,,338.0,6744.0,16.0,-0.8509,ok,18.0,-0.9444,yes,,2026-07-28,34.4667,,,Baseline,Baseline test,,,1.0,ACWR describes how recent load compares with longer-term load. It does not predict injury.,no,Athlete 21,Forwards,a0021@example.edu
A0021,2026-07-30,560.0,2,full,368.5714,,,360.0,6315.0,17.0,0.0957,ok,19.0,0.1053,yes,,2026-07-28,34.4667,,,Baseline,Baseline test,,,2.0,ACWR describes how recent load compares with longer-term load. It does not predict injury.,no,Athlete 21,Forwards,a0021@example.edu
A0021,2026-07-31,360.0,1,full,385.7143,,,202.0,4055.0,16.0,-0.8402,ok,20.0,-0.9,yes,,2026-07-28,34.4667,,,Baseline,Baseline test,,,3.0,ACWR describes how recent load compares with longer-term load. It does not predict injury.,no,Athlete 21,Forwards,a0021@example.edu
A0021,2026-08-01,0.0,0,full,385.7143,,,0.0,0.0,19.0,2.0171,ok,21.0,2.1429,yes,,2026-07-28,34.4667,,,Baseline,Baseline test,,,4.0,ACWR describes how recent load compares with longer-term load. It does not predict injury.,no,Athlete 21,Forwards,a0021@example.edu
A0021,2026-08-02,0.0,0,full,385.7143,350.3571,1.1009,0.0,0.0,,,no form,,,not expected,,2026-07-28,34.4667,,,Baseline,Baseline test,,,5.0,ACWR describes how recent load compares with longer-term load. It does not predict injury.,no,Athlete 21,Forwards,a0021@example.edu
A0021,2026-08-03,700.0,2,full,372.8571,355.7143,1.0482,387.0,5746.0,15.0,-1.7252,ok,22.0,-1.9545,yes,,2026-07-28,34.4667,,,Baseline,Baseline test,,,6.0,ACWR describes how recent load compares with longer-term load. It does not predict injury.,no,Athlete 21,Forwards,a0021@example.edu
A0021,2026-08-04,540.0,1,full,372.8571,362.1429,1.0296,367.0,6211.0,17.0,0.0401,ok,22.0,0.0455,yes,,2026-08-04,35.2,0.4333,1.6333,No flag,Within measurement error,0.2653,-0.2653,0.0,ACWR describes how recent load compares with longer-term load. It does not predict injury.,no,Athlete 21,Forwards,a0021@example.edu
A0021,2026-08-05,450.0,1,full,372.8571,362.1429,1.0296,416.0,5983.0,17.0,0.082,ok,22.0,0.0909,yes,,2026-08-04,35.2,0.4333,1.6333,No flag,Within measurement error,0.2653,-0.2653,1.0,ACWR describes how recent load compares with longer-term load. It does not predict injury.,no,Athlete 21,Forwards,a0021@example.edu
A0021,2026-08-06,650.0,2,full,385.7143,358.9286,1.0746,348.0,6487.0,18.0,1.0501,ok,22.0,1.1364,yes,,2026-08-04,35.2,0.4333,1.6333,No flag,Within measurement error,0.2653,-0.2653,2.0,ACWR describes how recent load compares with longer-term load. It does not predict injury.,no,Athlete 21,Forwards,a0021@example.edu
A0021,2026-08-07,180.0,1,full,360.0,356.7857,1.009,291.0,4555.0,16.0,-0.7981,ok,22.0,-0.8636,yes,,2026-08-04,35.2,0.4333,1.6333,No flag,Within measurement error,0.2653,-0.2653,3.0,ACWR describes how recent load compares with longer-term load. It does not predict injury.,no,Athlete 21,Forwards,a0021@example.edu
A0021,2026-08-08,0.0,0,full,360.0,356.7857,1.009,0.0,0.0,15.0,-1.6574,ok,22.0,-1.8182,yes,,2026-08-04,35.2,0.4333,1.6333,No flag,Within measurement error,0.2653,-0.2653,4.0,ACWR describes how recent load compares with longer-term load. It does not predict injury.,no,Athlete 21,Forwards,a0021@example.edu
A0021,2026-08-09,0.0,0,full,360.0,356.7857,1.009,0.0,0.0,,,no form,,,not expected,,2026-08-04,35.2,0.4333,1.6333,No flag,Within measurement error,0.2653,-0.2653,5.0,ACWR describes how recent load compares with longer-term load. It does not predict injury.,no,Athlete 21,Forwards,a0021@example.edu
A0021,2026-08-10,610.0,2,full,347.1429,365.3571,0.9501,419.0,6727.0,18.0,1.0951,ok,22.0,1.2727,yes,,2026-08-04,35.2,0.4333,1.6333,No flag,Within measurement error,0.2653,-0.2653,6.0,ACWR describes how recent load compares with longer-term load. It does not predict injury.,no,Athlete 21,Forwards,a0021@example.edu
A0021,2026-08-11,540.0,1,full,347.1429,368.5714,0.9419,389.0,6529.0,16.0,-0.693,ok,22.0,-0.8182,yes,,2026-08-11,34.7,-0.0667,1.6333,No flag,Within measurement error,-0.0408,0.0408,0.0,ACWR describes how recent load compares with longer-term load. It does not predict injury.,no,Athlete 21,Forwards,a0021@example.edu
A0021,2026-08-12,360.0,1,full,334.2857,368.5714,0.907,484.0,6801.0,19.0,1.8677,ok,22.0,2.2273,yes,,2026-08-11,34.7,-0.0667,1.6333,No flag,Within measurement error,-0.0408,0.0408,1.0,ACWR describes how recent load compares with longer-term load. It does not predict injury.,no,Athlete 21,Forwards,a0021@example.edu
A0021,2026-08-13,750.0,2,full,348.5714,380.3571,0.9164,,,17.0,0.0716,ok,22.0,0.0909,yes,,2026-08-11,34.7,-0.0667,1.6333,No flag,Within measurement error,-0.0408,0.0408,2.0,ACWR describes how recent load compares with longer-term load. It does not predict injury.,no,Athlete 21,Forwards,a0021@example.edu
A0021,2026-08-14,240.0,1,full,357.1429,384.6429,0.9285,193.0,3964.0,17.0,0.0701,ok,23.0,0.087,yes,,2026-08-11,34.7,-0.0667,1.6333,No flag,Within measurement error,-0.0408,0.0408,3.0,ACWR describes how recent load compares with longer-term load. It does not predict injury.,no,Athlete 21,Forwards,a0021@example.edu
A0021,2026-08-15,0.0,0,full,357.1429,384.6429,0.9285,0.0,0.0,19.0,1.6696,ok,23.0,2.0435,yes,,2026-08-11,34.7,-0.0667,1.6333,No flag,Within measurement error,-0.0408,0.0408,4.0,ACWR describes how recent load compares with longer-term load. It does not predict injury.,no,Athlete 21,Forwards,a0021@example.edu
A0021,2026-08-16,0.0,0,full,357.1429,384.6429,0.9285,0.0,0.0,,,no form,,,not expected,,2026-08-11,34.7,-0.0667,1.6333,No flag,Within measurement error,-0.0408,0.0408,5.0,ACWR describes how recent load compares with longer-term load. It does not predict injury.,no,Athlete 21,Forwards,a0021@example.edu
A0021,2026-08-17,560.0,2,full,350.0,377.8571,0.9263,276.0,5868.0,16.0,-0.8217,ok,24.0,-1.0417,yes,,2026-08-11,34.7,-0.0667,1.6333,No flag,Within measurement error,-0.0408,0.0408,6.0,ACWR describes how recent load compares with longer-term load. It does not predict injury.,no,Athlete 21,Forwards,a0021@example.edu
A0021,2026-08-18,540.0,1,full,350.0,374.6429,0.9342,295.0,5562.0,15.0,-1.556,ok,24.0,-2.0,yes,,2026-08-18,35.1,0.3333,1.6333,No flag,Within measurement error,0.2041,-0.2041,0.0,ACWR describes how recent load compares with longer-term load. It does not predict injury.,no,Athlete 21,Forwards,a0021@example.edu
A0021,2026-08-19,360.0,1,full,350.0,368.2143,0.9505,443.0,5846.0,18.0,0.9157,ok,24.0,1.1667,yes,,2026-08-18,35.1,0.3333,1.6333,No flag,Within measurement error,0.2041,-0.2041,1.0,ACWR describes how recent load compares with longer-term load. It does not predict injury.,no,Athlete 21,Forwards,a0021@example.edu
A0021,2026-08-20,790.0,2,full,355.7143,364.6429,0.9755,273.0,6093.0,17.0,0.065,ok,24.0,0.0833,yes,,2026-08-18,35.1,0.3333,1.6333,No flag,Within measurement error,0.2041,-0.2041,2.0,ACWR describes how recent load compares with longer-term load. It does not predict injury.,no,Athlete 21,Forwards,a0021@example.edu
A0021,2026-08-21,300.0,1,full,364.2857,366.7857,0.9932,190.0,4012.0,19.0,1.684,ok,24.0,2.125,yes,,2026-08-18,35.1,0.3333,1.6333,No flag,Within measurement error,0.2041,-0.2041,3.0,ACWR describes how recent load compares with longer-term load. It does not predict injury.,no,Athlete 21,Forwards,a0021@example.edu
A0021,2026-08-22,728.0,1,full,468.2857,392.7857,1.1922,1185.0,11070.0,19.0,1.5831,ok,24.0,2.0833,yes,,2026-08-18,35.1,0.3333,1.6333,No flag,Within measurement error,0.2041,-0.2041,4.0,ACWR describes how recent load compares with longer-term load. It does not predict injury.,no,Athlete 21,Forwards,a0021@example.edu
A0021,2026-08-23,0.0,0,full,468.2857,392.7857,1.1922,0.0,0.0,,,no form,,,not expected,,2026-08-18,35.1,0.3333,1.6333,No flag,Within measurement error,0.2041,-0.2041,5.0,ACWR describes how recent load compares with longer-term load. It does not predict injury.,no,Athlete 21,Forwards,a0021@example.edu
A0021,2026-08-24,740.0,2,full,494.0,391.0,1.2634,372.0,5730.0,13.0,-2.892,ok,24.0,-4.0,yes,review,2026-08-18,35.1,0.3333,1.6333,No flag,Within measurement error,0.2041,-0.2041,6.0,ACWR describes how recent load compares with longer-term load. It does not predict injury.,no,Athlete 21,Forwards,a0021@example.edu
A0021,2026-08-25,450.0,1,full,481.1429,387.7857,1.2407,249.0,5562.0,17.0,0.0535,ok,24.0,0.0833,yes,,2026-08-25,35.7667,1.0,1.6333,No flag,Within measurement error,0.6123,-0.6123,0.0,ACWR describes how recent load compares with longer-term load. It does not predict injury.,no,Athlete 21,Forwards,a0021@example.edu
A0021,2026-08-26,450.0,1,full,494.0,387.7857,1.2739,369.0,5790.0,16.0,-0.5883,ok,24.0,-0.9167,yes,,2026-08-25,35.7667,1.0,1.6333,No flag,Within measurement error,0.6123,-0.6123,1.0,ACWR describes how recent load compares with longer-term load. It does not predict injury.,no,Athlete 21,Forwards,a0021@example.edu
A0021,2026-08-27,650.0,2,full,474.0,391.0,1.2123,376.0,6243.0,17.0,0.0535,ok,24.0,0.0833,yes,,2026-08-25,35.7667,1.0,1.6333,No flag,Within measurement error,0.6123,-0.6123,2.0,ACWR describes how recent load compares with longer-term load. It does not predict injury.,no,Athlete 21,Forwards,a0021@example.edu
A0021,2026-08-28,300.0,1,full,474.0,388.8571,1.219,231.0,3711.0,15.0,-1.2302,ok,24.0,-1.9167,yes,,2026-08-25,35.7667,1.0,1.6333,No flag,Within measurement error,0.6123,-0.6123,3.0,ACWR describes how recent load compares with longer-term load. It does not predict injury.,no,Athlete 21,Forwards,a0021@example.edu
A0021,2026-08-29,760.0,1,full,478.5714,416.0,1.1504,1014.0,11472.0,19.0,1.331,ok,24.0,2.125,yes,,2026-08-25,35.7667,1.0,1.6333,No flag,Within measurement error,0.6123,-0.6123,4.0,ACWR describes how recent load compares with longer-term load. It does not predict injury.,no,Athlete 21,Forwards,a0021@example.edu
A0021,2026-08-30,0.0,0,full,478.5714,416.0,1.1504,0.0,0.0,,,no form,,,not expected,,2026-08-25,35.7667,1.0,1.6333,No flag,Within measurement error,0.6123,-0.6123,5.0,ACWR describes how recent load compares with longer-term load. It does not predict injury.,no,Athlete 21,Forwards,a0021@example.edu
A0021,2026-08-31,600.0,2,full,458.5714,412.4286,1.1119,346.0,6464.0,,,no form,,,no,,2026-08-25,35.7667,1.0,1.6333,No flag,Within measurement error,0.6123,-0.6123,6.0,ACWR describes how recent load compares with longer-term load. It does not predict injury.,no,Athlete 21,Forwards,a0021@example.edu
A0021,2026-09-01,450.0,1,full,458.5714,409.2143,1.1206,351.0,5959.0,16.0,-0.6052,ok,23.0,-0.9565,yes,,2026-09-01,37.6333,2.8667,1.6333,Noted,Larger than measurement error; may or may not be worthwhile,1.7551,-1.7551,0.0,ACWR describes how recent load compares with longer-term load. It does not predict injury.,no,Athlete 21,Forwards,a0021@example.edu
A0021,2026-09-02,360.0,1,full,445.7143,406.0,1.0978,322.0,6578.0,19.0,1.3101,ok,23.0,2.087,yes,,2026-09-01,37.6333,2.8667,1.6333,Noted,Larger than measurement error; may or may not be worthwhile,1.7551,-1.7551,1.0,ACWR describes how recent load compares with longer-term load. It does not predict injury.,no,Athlete 21,Forwards,a0021@example.edu
A0021,2026-09-03,650.0,2,full,445.7143,406.0,1.0978,343.0,6262.0,,,no form,,,no,,2026-09-01,37.6333,2.8667,1.6333,Noted,Larger than measurement error; may or may not be worthwhile,1.7551,-1.7551,2.0,ACWR describes how recent load compares with longer-term load. It does not predict injury.,no,Athlete 21,Forwards,a0021@example.edu
A0021,2026-09-04,180.0,1,full,428.5714,406.0,1.0556,138.0,4441.0,18.0,0.624,ok,22.0,1.0455,yes,,2026-09-01,37.6333,2.8667,1.6333,Noted,Larger than measurement error; may or may not be worthwhile,1.7551,-1.7551,3.0,ACWR describes how recent load compares with longer-term load. It does not predict injury.,no,Athlete 21,Forwards,a0021@example.edu
A0021,2026-09-05,455.0,1,full,385.0,422.25,0.9118,481.0,7842.0,16.0,-0.624,ok,22.0,-1.0455,yes,,2026-09-01,37.6333,2.8667,1.6333,Noted,Larger than measurement error; may or may not be worthwhile,1.7551,-1.7551,4.0,ACWR describes how recent load compares with longer-term load. It does not predict injury.,no,Athlete 21,Forwards,a0021@example.edu
A0021,2026-09-06,0.0,0,full,385.0,422.25,0.9118,0.0,0.0,,,no form,,,not expected,,2026-09-01,37.6333,2.8667,1.6333,Noted,Larger than measurement error; may or may not be worthwhile,1.7551,-1.7551,5.0,ACWR describes how recent load compares with longer-term load. It does not predict injury.,yes,Athlete 21,Forwards,a0021@example.edu
A0021,2026-09-07,380.0,2,full,353.5714,414.0357,0.854,406.0,6306.0,,,no form,,,no,,2026-09-01,37.6333,2.8667,1.6333,Noted,Larger than measurement error; may or may not be worthwhile,1.7551,-1.7551,6.0,ACWR describes how recent load compares with longer-term load. It does not predict injury.,yes,Athlete 21,Forwards,a0021@example.edu
A0021,2026-09-08,450.0,1,full,353.5714,410.8214,0.8606,368.0,6494.0,18.0,0.5746,ok,21.0,0.9524,yes,,2026-09-08,37.4667,2.7,1.6333,Noted,Larger than measurement error; may or may not be worthwhile,1.6531,-1.6531,0.0,ACWR describes how recent load compares with longer-term load. It does not predict injury.,yes,Athlete 21,Forwards,a0021@example.edu
A0021,2026-09-09,450.0,1,full,366.4286,414.0357,0.885,441.0,6014.0,16.0,-0.6919,ok,21.0,-1.1429,yes,,2026-09-08,37.4667,2.7,1.6333,Noted,Larger than measurement error; may or may not be worthwhile,1.6531,-1.6531,1.0,ACWR describes how recent load compares with longer-term load. It does not predict injury.,yes,Athlete 21,Forwards,a0021@example.edu
A0021,2026-09-10,700.0,2,full,373.5714,412.25,0.9062,310.0,6004.0,19.0,1.2403,ok,21.0,2.0,yes,,2026-09-08,37.4667,2.7,1.6333,Noted,Larger than measurement error; may or may not be worthwhile,1.6531,-1.6531,2.0,ACWR describes how recent load compares with longer-term load. It does not predict injury.,yes,Athlete 21,Forwards,a0021@example.edu
A0021,2026-09-11,180.0,1,full,373.5714,410.1071,0.9109,155.0,3534.0,16.0,-0.6556,ok,21.0,-1.0952,yes,,2026-09-08,37.4667,2.7,1.6333,Noted,Larger than measurement error; may or may not be worthwhile,1.6531,-1.6531,3.0,ACWR describes how recent load compares with longer-term load. It does not predict injury.,yes,Athlete 21,Forwards,a0021@example.edu
A0021,2026-09-12,608.0,1,full,395.4286,431.8214,0.9157,,,21.0,2.3422,ok,21.0,3.9524,yes,,2026-09-08,37.4667,2.7,1.6333,Noted,Larger than measurement error; may or may not be worthwhile,1.6531,-1.6531,4.0,ACWR describes how recent load compares with longer-term load. It does not predict injury.,yes,Athlete 21,Forwards,a0021@example.edu
A0021,2026-09-13,0.0,0,full,395.4286,431.8214,0.9157,0.0,0.0,,,no form,,,not expected,,2026-09-08,37.4667,2.7,1.6333,Noted,Larger than measurement error; may or may not be worthwhile,1.6531,-1.6531,5.0,ACWR describes how recent load compares with longer-term load. It does not predict injury.,yes,Athlete 21,Forwards,a0021@example.edu
A0021,2026-09-14,650.0,2,full,434.0,435.0357,0.9976,382.0,5770.0,16.0,-0.6172,ok,21.0,-1.1429,yes,,2026-09-08,37.4667,2.7,1.6333,Noted,Larger than measurement error; may or may not be worthwhile,1.6531,-1.6531,6.0,ACWR describes how recent load compares with longer-term load. It does not predict injury.,yes,Athlete 21,Forwards,a0021@example.edu
A0021,2026-09-15,540.0,1,full,446.8571,435.0357,1.0272,392.0,6314.0,18.0,0.4629,ok,21.0,0.8571,yes,,2026-09-15,38.3,3.5333,1.6333,Noted,Larger than measurement error; may or may not be worthwhile,2.1633,-2.1633,0.0,ACWR describes how recent load compares with longer-term load. It does not predict injury.,yes,Athlete 21,Forwards,a0021@example.edu
A0021,2026-09-16,360.0,1,full,434.0,435.0357,0.9976,324.0,6262.0,17.0,-0.1594,ok,21.0,-0.2857,yes,,2026-09-15,38.3,3.5333,1.6333,Noted,Larger than measurement error; may or may not be worthwhile,2.1633,-2.1633,1.0,ACWR describes how recent load compares with longer-term load. It does not predict injury.,yes,Athlete 21,Forwards,a0021@example.edu
A0021,2026-09-17,700.0,2,full,434.0,431.8214,1.005,324.0,5931.0,17.0,-0.1333,ok,21.0,-0.2381,yes,,2026-09-15,38.3,3.5333,1.6333,Noted,Larger than measurement error; may or may not be worthwhile,2.1633,-2.1633,2.0,ACWR describes how recent load compares with longer-term load. It does not predict injury.,yes,Athlete 21,Forwards,a0021@example.edu
A0021,2026-09-18,180.0,1,full,434.0,427.5357,1.0151,261.0,3999.0,17.0,-0.1333,ok,21.0,-0.2381,yes,,2026-09-15,38.3,3.5333,1.6333,Noted,Larger than measurement error; may or may not be worthwhile,2.1633,-2.1633,3.0,ACWR describes how recent load compares with longer-term load. It does not predict injury.,yes,Athlete 21,Forwards,a0021@example.edu
A0021,2026-09-19,574.0,1,full,429.1429,422.0357,1.0168,779.0,10604.0,18.0,0.4925,ok,21.0,0.8571,yes,,2026-09-15,38.3,3.5333,1.6333,Noted,Larger than measurement error; may or may not be worthwhile,2.1633,-2.1633,4.0,ACWR describes how recent load compares with longer-term load. It does not predict injury.,yes,Athlete 21,Forwards,a0021@example.edu
A0021,2026-09-20,0.0,0,full,429.1429,422.0357,1.0168,0.0,0.0,,,no form,,,not expected,,2026-09-15,38.3,3.5333,1.6333,Noted,Larger than measurement error; may or may not be worthwhile,2.1633,-2.1633,5.0,ACWR describes how recent load compares with longer-term load. It does not predict injury.,yes,Athlete 21,Forwards,a0021@example.edu
A0021,2026-09-21,650.0,2,full,429.1429,418.8214,1.0246,459.0,5826.0,17.0,-0.056,ok,21.0,-0.0952,yes,,2026-09-15,38.3,3.5333,1.6333,Noted,Larger than measurement error; may or may not be worthwhile,2.1633,-2.1633,6.0,ACWR describes how recent load compares with longer-term load. It does not predict injury.,yes,Athlete 21,Forwards,a0021@example.edu
A0021,2026-09-22,540.0,1,full,429.1429,422.0357,1.0168,315.0,6013.0,16.0,-0.9059,ok,21.0,-1.2857,yes,,2026-09-22,37.2667,2.5,1.6333,Noted,Larger than measurement error; may or may not be worthwhile,1.5307,-1.5307,0.0,ACWR describes how recent load compares with longer-term load. It does not predict injury.,yes,Athlete 21,Forwards,a0021@example.edu
A0021,2026-09-23,450.0,1,full,442.0,422.0357,1.0473,405.0,5646.0,17.0,-0.1647,ok,21.0,-0.2381,yes,,2026-09-22,37.2667,2.5,1.6333,Noted,Larger than measurement error; may or may not be worthwhile,1.5307,-1.5307,1.0,ACWR describes how recent load compares with longer-term load. It does not predict injury.,yes,Athlete 21,Forwards,a0021@example.edu
A0021,2026-09-24,600.0,2,full,427.7143,420.25,1.0178,336.0,5809.0,16.0,-0.9059,ok,21.0,-1.2857,yes,,2026-09-22,37.2667,2.5,1.6333,Noted,Larger than measurement error; may or may not be worthwhile,1.5307,-1.5307,2.0,ACWR describes how recent load compares with longer-term load. It does not predict injury.,yes,Athlete 21,Forwards,a0021@example.edu
A0021,2026-09-25,180.0,1,full,427.7143,415.9643,1.0282,318.0,4122.0,17.0,-0.1647,ok,21.0,-0.2381,yes,,2026-09-22,37.2667,2.5,1.6333,Noted,Larger than measurement error; may or may not be worthwhile,1.5307,-1.5307,3.0,ACWR describes how recent load compares with longer-term load. It does not predict injury.,yes,Athlete 21,Forwards,a0021@example.edu
A0021,2026-09-26,544.0,1,full,423.4286,408.25,1.0372,787.0,8114.0,16.0,-0.9847,ok,21.0,-1.3333,yes,,2026-09-22,37.2667,2.5,1.6333,Noted,Larger than measurement error; may or may not be worthwhile,1.5307,-1.5307,4.0,ACWR describes how recent load compares with longer-term load. It does not predict injury.,yes,Athlete 21,Forwards,a0021@example.edu
A0021,2026-09-27,0.0,0,full,423.4286,408.25,1.0372,0.0,0.0,,,no form,,,not expected,,2026-09-22,37.2667,2.5,1.6333,Noted,Larger than measurement error; may or may not be worthwhile,1.5307,-1.5307,5.0,ACWR describes how recent load compares with longer-term load. It does not predict injury.,yes,Athlete 21,Forwards,a0021@example.edu
A0021,2026-09-28,560.0,2,full,410.5714,406.8214,1.0092,342.0,6079.0,15.0,-1.6502,ok,21.0,-2.1905,yes,,2026-09-22,37.2667,2.5,1.6333,Noted,Larger than measurement error; may or may not be worthwhile,1.5307,-1.5307,6.0,ACWR describes how recent load compares with longer-term load. It does not predict injury.,yes,Athlete 21,Forwards,a0021@example.edu
A0021,2026-09-29,450.0,1,full,397.7143,406.8214,0.9776,386.0,6127.0,16.0,-0.7922,ok,22.0,-1.0909,yes,,2026-09-29,37.3667,2.6,1.6333,Noted,Larger than measurement error; may or may not be worthwhile,1.5919,-1.5919,0.0,ACWR describes how recent load compares with longer-term load. It does not predict injury.,yes,Athlete 21,Forwards,a0021@example.edu
A0021,2026-09-30,360.0,1,full,384.8571,406.8214,0.946,362.0,6115.0,,,no form,,,no,,2026-09-29,37.3667,2.6,1.6333,Noted,Larger than measurement error; may or may not be worthwhile,1.5919,-1.5919,1.0,ACWR describes how recent load compares with longer-term load. It does not predict injury.,yes,Athlete 21,Forwards,a0021@example.edu
A0021,2026-10-01,740.0,2,full,404.8571,410.0357,0.9874,277.0,5732.0,16.0,-0.7454,ok,21.0,-1.0,yes,,2026-09-29,37.3667,2.6,1.6333,Noted,Larger than measurement error; may or may not be worthwhile,1.5919,-1.5919,2.0,ACWR describes how recent load compares with longer-term load. It does not predict injury.,yes,Athlete 21,Forwards,a0021@example.edu
A0021,2026-10-02,180.0,1,full,404.8571,410.0357,0.9874,330.0,4288.0,18.0,0.7881,ok,22.0,1.0455,yes,,2026-09-29,37.3667,2.6,1.6333,Noted,Larger than measurement error; may or may not be worthwhile,1.5919,-1.5919,3.0,ACWR describes how recent load compares with longer-term load. It does not predict injury.,yes,Athlete 21,Forwards,a0021@example.edu
A0021,2026-10-03,665.0,1,full,422.1429,417.5357,1.011,1150.0,11460.0,,,no form,,,no,,2026-09-29,37.3667,2.6,1.6333,Noted,Larger than measurement error; may or may not be worthwhile,1.5919,-1.5919,4.0,ACWR describes how recent load compares with longer-term load. It does not predict injury.,yes,Athlete 21,Forwards,a0021@example.edu
A0022,2026-07-06,600.0,2,full,,,,378.0,4874.0,19.0,,baseline too short,0.0,,yes,,,,,,,,,,,ACWR describes how recent load compares with longer-term load. It does not predict injury.,no,Athlete 22,Forwards,a0022@example.edu
A0022,2026-07-07,540.0,1,full,,,,218.0,4899.0,21.0,,baseline too short,1.0,,yes,,2026-07-07,40.2,,,Baseline,Baseline test,,,0.0,ACWR describes how recent load compares with longer-term load. It does not predict injury.,no,Athlete 22,Forwards,a0022@example.edu
A0022,2026-07-08,360.0,1,full,,,,234.0,4259.0,18.0,,baseline too short,2.0,,yes,,2026-07-07,40.2,,,Baseline,Baseline test,,,1.0,ACWR describes how recent load compares with longer-term load. It does not predict injury.,no,Athlete 22,Forwards,a0022@example.edu
A0022,2026-07-09,560.0,2,full,,,,260.0,4798.0,18.0,,baseline too short,3.0,,yes,,2026-07-09,38.3667,,,Baseline,Baseline test,,,0.0,ACWR describes how recent load compares with longer-term load. It does not predict injury.,no,Athlete 22,Forwards,a0022@example.edu
A0022,2026-07-10,180.0,1,full,,,,169.0,3031.0,20.0,,baseline too short,4.0,,yes,,2026-07-09,38.3667,,,Baseline,Baseline test,,,1.0,ACWR describes how recent load compares with longer-term load. It does not predict injury.,no,Athlete 22,Forwards,a0022@example.edu
A0022,2026-07-11,0.0,0,full,,,,0.0,0.0,19.0,,baseline too short,5.0,,yes,,2026-07-09,38.3667,,,Baseline,Baseline test,,,2.0,ACWR describes how recent load compares with longer-term load. It does not predict injury.,no,Athlete 22,Forwards,a0022@example.edu
A0022,2026-07-12,0.0,0,full,320.0,,,0.0,0.0,,,no form,,,not expected,,2026-07-09,38.3667,,,Baseline,Baseline test,,,3.0,ACWR describes how recent load compares with longer-term load. It does not predict injury.,no,Athlete 22,Forwards,a0022@example.edu
A0022,2026-07-13,460.0,2,full,300.0,,,174.0,4461.0,,,no form,,,no,,2026-07-09,38.3667,,,Baseline,Baseline test,,,4.0,ACWR describes how recent load compares with longer-term load. It does not predict injury.,no,Athlete 22,Forwards,a0022@example.edu
A0022,2026-07-14,360.0,1,full,274.2857,,,245.0,4772.0,19.0,,baseline too short,6.0,,yes,,2026-07-14,38.9667,,,Baseline,Baseline test,,,0.0,ACWR describes how recent load compares with longer-term load. It does not predict injury.,no,Athlete 22,Forwards,a0022@example.edu
A0022,2026-07-15,360.0,1,full,274.2857,,,317.0,4809.0,19.0,,baseline too short,7.0,,yes,,2026-07-14,38.9667,,,Baseline,Baseline test,,,1.0,ACWR describes how recent load compares with longer-term load. It does not predict injury.,no,Athlete 22,Forwards,a0022@example.edu
A0022,2026-07-16,460.0,2,full,260.0,,,257.0,4941.0,19.0,,baseline too short,8.0,,yes,,2026-07-14,38.9667,,,Baseline,Baseline test,,,2.0,ACWR describes how recent load compares with longer-term load. It does not predict injury.,no,Athlete 22,Forwards,a0022@example.edu
A0022,2026-07-17,120.0,1,full,251.4286,,,193.0,2803.0,19.0,,baseline too short,9.0,,yes,,2026-07-14,38.9667,,,Baseline,Baseline test,,,3.0,ACWR describes how recent load compares with longer-term load. It does not predict injury.,no,Athlete 22,Forwards,a0022@example.edu
A0022,2026-07-18,0.0,0,full,251.4286,,,0.0,0.0,21.0,,baseline too short,10.0,,yes,,2026-07-14,38.9667,,,Baseline,Baseline test,,,4.0,ACWR describes how recent load compares with longer-term load. It does not predict injury.,no,Athlete 22,Forwards,a0022@example.edu
A0022,2026-07-19,0.0,0,full,251.4286,,,0.0,0.0,,,no form,,,not expected,,2026-07-14,38.9667,,,Baseline,Baseline test,,,5.0,ACWR describes how recent load compares with longer-term load. It does not predict injury.,no,Athlete 22,Forwards,a0022@example.edu
A0022,2026-07-20,980.0,2,full,325.7143,,,421.0,7369.0,20.0,,baseline too short,11.0,,yes,,2026-07-14,38.9667,,,Baseline,Baseline test,,,6.0,ACWR describes how recent load compares with longer-term load. It does not predict injury.,no,Athlete 22,Forwards,a0022@example.edu
A0022,2026-07-21,720.0,1,full,377.1429,,,418.0,6264.0,20.0,,baseline too short,12.0,,yes,,2026-07-21,39.0333,,,Baseline,Baseline test,,,0.0,ACWR describes how recent load compares with longer-term load. It does not predict injury.,no,Athlete 22,Forwards,a0022@example.edu
A0022,2026-07-22,450.0,1,full,390.0,,,531.0,8694.0,22.0,,baseline too short,13.0,,yes,,2026-07-21,39.0333,,,Baseline,Baseline test,,,1.0,ACWR describes how recent load compares with longer-term load. It does not predict injury.,no,Athlete 22,Forwards,a0022@example.edu
A0022,2026-07-23,750.0,2,full,431.4286,,,532.0,8286.0,20.0,0.3701,ok,14.0,0.4286,yes,,2026-07-21,39.0333,,,Baseline,Baseline test,,,2.0,ACWR describes how recent load compares with longer-term load. It does not predict injury.,no,Athlete 22,Forwards,a0022@example.edu
A0022,2026-07-24,300.0,1,full,457.1429,,,313.0,5522.0,19.0,-0.5351,ok,15.0,-0.6,yes,,2026-07-21,39.0333,,,Baseline,Baseline test,,,3.0,ACWR describes how recent load compares with longer-term load. It does not predict injury.,no,Athlete 22,Forwards,a0022@example.edu
A0022,2026-07-25,0.0,0,full,457.1429,,,0.0,0.0,19.0,-0.5144,ok,16.0,-0.5625,yes,,2026-07-21,39.0333,,,Baseline,Baseline test,,,4.0,ACWR describes how recent load compares with longer-term load. It does not predict injury.,no,Athlete 22,Forwards,a0022@example.edu
A0022,2026-07-26,0.0,0,full,457.1429,,,0.0,0.0,,,no form,,,not expected,,2026-07-21,39.0333,,,Baseline,Baseline test,,,5.0,ACWR describes how recent load compares with longer-term load. It does not predict injury.,no,Athlete 22,Forwards,a0022@example.edu
A0022,2026-07-27,740.0,2,full,422.8571,,,357.0,5678.0,19.0,-0.4959,ok,17.0,-0.5294,yes,,2026-07-21,39.0333,,,Baseline,Baseline test,,,6.0,ACWR describes how recent load compares with longer-term load. It does not predict injury.,no,Athlete 22,Forwards,a0022@example.edu
A0022,2026-07-28,540.0,1,full,397.1429,,,232.0,5374.0,19.0,-0.4793,ok,18.0,-0.5,yes,,2026-07-28,38.8333,,,Baseline,Baseline test,,,0.0,ACWR describes how recent load compares with longer-term load. It does not predict injury.,no,Athlete 22,Forwards,a0022@example.edu
A0022,2026-07-29,450.0,1,full,397.1429,,,312.0,6035.0,19.0,-0.4643,ok,19.0,-0.4737,yes,,2026-07-28,38.8333,,,Baseline,Baseline test,,,1.0,ACWR describes how recent load compares with longer-term load. It does not predict injury.,no,Athlete 22,Forwards,a0022@example.edu
A0022,2026-07-30,740.0,2,full,395.7143,,,382.0,6152.0,18.0,-1.4519,ok,20.0,-1.45,yes,,2026-07-28,38.8333,,,Baseline,Baseline test,,,2.0,ACWR describes how recent load compares with longer-term load. It does not predict injury.,no,Athlete 22,Forwards,a0022@example.edu
A0022,2026-07-31,120.0,1,full,370.0,,,269.0,4188.0,19.0,-0.3722,ok,21.0,-0.381,yes,,2026-07-28,38.8333,,,Baseline,Baseline test,,,3.0,ACWR describes how recent load compares with longer-term load. It does not predict injury.,no,Athlete 22,Forwards,a0022@example.edu
A0022,2026-08-01,0.0,0,full,370.0,,,0.0,0.0,21.0,1.6328,ok,22.0,1.6364,yes,,2026-07-28,38.8333,,,Baseline,Baseline test,,,4.0,ACWR describes how recent load compares with longer-term load. It does not predict injury.,no,Athlete 22,Forwards,a0022@example.edu
A0022,2026-08-02,0.0,0,full,370.0,349.6429,1.0582,0.0,0.0,,,no form,,,not expected,,2026-07-28,38.8333,,,Baseline,Baseline test,,,5.0,ACWR describes how recent load compares with longer-term load. It does not predict injury.,no,Athlete 22,Forwards,a0022@example.edu
A0022,2026-08-03,700.0,2,full,364.2857,353.2143,1.0313,285.0,5736.0,20.0,0.5451,ok,23.0,0.5652,yes,,2026-07-28,38.8333,,,Baseline,Baseline test,,,6.0,ACWR describes how recent load compares with longer-term load. It does not predict injury.,no,Athlete 22,Forwards,a0022@example.edu
A0022,2026-08-04,540.0,1,full,364.2857,353.2143,1.0313,362.0,6008.0,18.0,-1.4231,ok,23.0,-1.4783,yes,,2026-08-04,39.1,0.02,1.6333,No flag,Within measurement error,0.0122,-0.0122,0.0,ACWR describes how recent load compares with longer-term load. It does not predict injury.,no,Athlete 22,Forwards,a0022@example.edu
A0022,2026-08-05,540.0,1,full,377.1429,359.6429,1.0487,384.0,5917.0,18.0,-1.312,ok,23.0,-1.3478,yes,,2026-08-04,39.1,0.02,1.6333,No flag,Within measurement error,0.0122,-0.0122,1.0,ACWR describes how recent load compares with longer-term load. It does not predict injury.,no,Athlete 22,Forwards,a0022@example.edu
A0022,2026-08-06,790.0,2,full,384.2857,367.8571,1.0447,276.0,5780.0,20.0,0.6348,ok,23.0,0.6522,yes,,2026-08-04,39.1,0.02,1.6333,No flag,Within measurement error,0.0122,-0.0122,2.0,ACWR describes how recent load compares with longer-term load. It does not predict injury.,no,Athlete 22,Forwards,a0022@example.edu
A0022,2026-08-07,240.0,1,full,401.4286,370.0,1.0849,288.0,4319.0,19.0,-0.4383,ok,23.0,-0.4348,yes,,2026-08-04,39.1,0.02,1.6333,No flag,Within measurement error,0.0122,-0.0122,3.0,ACWR describes how recent load compares with longer-term load. It does not predict injury.,no,Athlete 22,Forwards,a0022@example.edu
A0022,2026-08-08,0.0,0,full,401.4286,370.0,1.0849,0.0,0.0,18.0,-1.4081,ok,23.0,-1.3913,yes,,2026-08-04,39.1,0.02,1.6333,No flag,Within measurement error,0.0122,-0.0122,4.0,ACWR describes how recent load compares with longer-term load. It does not predict injury.,no,Athlete 22,Forwards,a0022@example.edu
A0022,2026-08-09,0.0,0,full,401.4286,370.0,1.0849,0.0,0.0,,,no form,,,not expected,,2026-08-04,39.1,0.02,1.6333,No flag,Within measurement error,0.0122,-0.0122,5.0,ACWR describes how recent load compares with longer-term load. It does not predict injury.,no,Athlete 22,Forwards,a0022@example.edu
A0022,2026-08-10,740.0,2,full,407.1429,380.0,1.0714,324.0,5828.0,20.0,0.6348,ok,23.0,0.6522,yes,,2026-08-04,39.1,0.02,1.6333,No flag,Within measurement error,0.0122,-0.0122,6.0,ACWR describes how recent load compares with longer-term load. It does not predict injury.,no,Athlete 22,Forwards,a0022@example.edu
A0022,2026-08-11,540.0,1,full,407.1429,386.4286,1.0536,403.0,6146.0,18.0,-1.3567,ok,24.0,-1.375,yes,,2026-08-11,38.9667,-0.1133,1.6333,No flag,Within measurement error,-0.0694,0.0694,0.0,ACWR describes how recent load compares with longer-term load. It does not predict injury.,no,Athlete 22,Forwards,a0022@example.edu
A0022,2026-08-12,360.0,1,full,381.4286,386.4286,0.9871,497.0,6359.0,19.0,-0.3176,ok,24.0,-0.3333,yes,,2026-08-11,38.9667,-0.1133,1.6333,No flag,Within measurement error,-0.0694,0.0694,1.0,ACWR describes how recent load compares with longer-term load. It does not predict injury.,no,Athlete 22,Forwards,a0022@example.edu
A0022,2026-08-13,700.0,2,full,368.5714,395.0,0.9331,408.0,6290.0,18.0,-1.2704,ok,24.0,-1.3333,yes,,2026-08-11,38.9667,-0.1133,1.6333,No flag,Within measurement error,-0.0694,0.0694,2.0,ACWR describes how recent load compares with longer-term load. It does not predict injury.,no,Athlete 22,Forwards,a0022@example.edu
A0022,2026-08-14,180.0,1,full,360.0,397.1429,0.9065,216.0,4189.0,,,no form,,,no,,2026-08-11,38.9667,-0.1133,1.6333,No flag,Within measurement error,-0.0694,0.0694,3.0,ACWR describes how recent load compares with longer-term load. It does not predict injury.,no,Athlete 22,Forwards,a0022@example.edu
A0022,2026-08-15,0.0,0,full,360.0,397.1429,0.9065,0.0,0.0,20.0,0.6295,ok,23.0,0.6957,yes,,2026-08-11,38.9667,-0.1133,1.6333,No flag,Within measurement error,-0.0694,0.0694,4.0,ACWR describes how recent load compares with longer-term load. It does not predict injury.,no,Athlete 22,Forwards,a0022@example.edu
A0022,2026-08-16,0.0,0,full,360.0,397.1429,0.9065,0.0,0.0,,,no form,,,not expected,,2026-08-11,38.9667,-0.1133,1.6333,No flag,Within measurement error,-0.0694,0.0694,5.0,ACWR describes how recent load compares with longer-term load. It does not predict injury.,no,Athlete 22,Forwards,a0022@example.edu
A0022,2026-08-17,470.0,2,full,321.4286,378.9286,0.8483,348.0,6189.0,,,no form,,,no,,2026-08-11,38.9667,-0.1133,1.6333,No flag,Within measurement error,-0.0694,0.0694,6.0,ACWR describes how recent load compares with longer-term load. It does not predict injury.,no,Athlete 22,Forwards,a0022@example.edu
A0022,2026-08-18,540.0,1,full,321.4286,372.5,0.8629,505.0,6175.0,17.0,-2.0894,ok,22.0,-2.2273,yes,review,2026-08-18,40.1667,1.0867,1.6333,No flag,Within measurement error,0.6653,-0.6653,0.0,ACWR describes how recent load compares with longer-term load. It does not predict injury.,no,Athlete 22,Forwards,a0022@example.edu
A0022,2026-08-19,450.0,1,full,334.2857,372.5,0.8974,369.0,5517.0,20.0,0.7899,ok,22.0,0.9091,yes,,2026-08-18,40.1667,1.0867,1.6333,No flag,Within measurement error,0.6653,-0.6653,1.0,ACWR describes how recent load compares with longer-term load. It does not predict injury.,no,Athlete 22,Forwards,a0022@example.edu
A0022,2026-08-20,650.0,2,full,327.1429,368.9286,0.8867,418.0,5517.0,21.0,2.0494,ok,22.0,2.0,yes,,2026-08-18,40.1667,1.0867,1.6333,No flag,Within measurement error,0.6653,-0.6653,2.0,ACWR describes how recent load compares with longer-term load. It does not predict injury.,no,Athlete 22,Forwards,a0022@example.edu
A0022,2026-08-21,240.0,1,full,335.7143,366.7857,0.9153,203.0,3801.0,,,no form,,,no,,2026-08-18,40.1667,1.0867,1.6333,No flag,Within measurement error,0.6653,-0.6653,3.0,ACWR describes how recent load compares with longer-term load. It does not predict injury.,no,Athlete 22,Forwards,a0022@example.edu
A0022,2026-08-22,504.0,1,full,407.7143,384.7857,1.0596,599.0,8495.0,18.0,-0.9779,ok,21.0,-1.0476,yes,,2026-08-18,40.1667,1.0867,1.6333,No flag,Within measurement error,0.6653,-0.6653,4.0,ACWR describes how recent load compares with longer-term load. It does not predict injury.,no,Athlete 22,Forwards,a0022@example.edu
A0022,2026-08-23,0.0,0,full,407.7143,384.7857,1.0596,0.0,0.0,,,no form,,,not expected,,2026-08-18,40.1667,1.0867,1.6333,No flag,Within measurement error,0.6653,-0.6653,5.0,ACWR describes how recent load compares with longer-term load. It does not predict injury.,no,Athlete 22,Forwards,a0022@example.edu
A0022,2026-08-24,610.0,2,full,427.7143,380.1429,1.1251,389.0,5890.0,16.0,-2.7386,ok,21.0,-3.0,yes,review,2026-08-18,40.1667,1.0867,1.6333,No flag,Within measurement error,0.6653,-0.6653,6.0,ACWR describes how recent load compares with longer-term load. It does not predict injury.,no,Athlete 22,Forwards,a0022@example.edu
A0022,2026-08-25,540.0,1,full,427.7143,380.1429,1.1251,238.0,5087.0,19.0,0.1119,ok,21.0,0.1429,yes,,2026-08-25,38.9667,-0.1133,1.6333,No flag,Within measurement error,-0.0694,0.0694,0.0,ACWR describes how recent load compares with longer-term load. It does not predict injury.,no,Athlete 22,Forwards,a0022@example.edu
A0022,2026-08-26,360.0,1,full,414.8571,376.9286,1.1006,383.0,5962.0,14.0,-3.8061,ok,21.0,-4.8571,yes,review,2026-08-25,38.9667,-0.1133,1.6333,No flag,Within measurement error,-0.0694,0.0694,1.0,ACWR describes how recent load compares with longer-term load. It does not predict injury.,no,Athlete 22,Forwards,a0022@example.edu
A0022,2026-08-27,600.0,2,full,407.7143,371.9286,1.0962,296.0,4938.0,,,no form,,,no,,2026-08-25,38.9667,-0.1133,1.6333,No flag,Within measurement error,-0.0694,0.0694,2.0,ACWR describes how recent load compares with longer-term load. It does not predict injury.,no,Athlete 22,Forwards,a0022@example.edu
A0022,2026-08-28,180.0,1,full,399.1429,374.0714,1.067,155.0,3838.0,18.0,-0.3836,ok,20.0,-0.65,yes,,2026-08-25,38.9667,-0.1133,1.6333,No flag,Within measurement error,-0.0694,0.0694,3.0,ACWR describes how recent load compares with longer-term load. It does not predict injury.,no,Athlete 22,Forwards,a0022@example.edu
A0022,2026-08-29,539.0,1,full,404.1429,393.3214,1.0275,608.0,9452.0,18.0,-0.3533,ok,20.0,-0.6,yes,,2026-08-25,38.9667,-0.1133,1.6333,No flag,Within measurement error,-0.0694,0.0694,4.0,ACWR describes how recent load compares with longer-term load. It does not predict injury.,no,Athlete 22,Forwards,a0022@example.edu
A0022,2026-08-30,0.0,0,full,404.1429,393.3214,1.0275,0.0,0.0,,,no form,,,not expected,,2026-08-25,38.9667,-0.1133,1.6333,No flag,Within measurement error,-0.0694,0.0694,5.0,ACWR describes how recent load compares with longer-term load. It does not predict injury.,no,Athlete 22,Forwards,a0022@example.edu
A0022,2026-08-31,560.0,2,full,397.0,388.3214,1.0223,321.0,5540.0,19.0,0.3427,ok,20.0,0.55,yes,,2026-08-25,38.9667,-0.1133,1.6333,No flag,Within measurement error,-0.0694,0.0694,6.0,ACWR describes how recent load compares with longer-term load. It does not predict injury.,no,Athlete 22,Forwards,a0022@example.edu
A0022,2026-09-01,360.0,1,full,371.2857,381.8929,0.9722,375.0,5698.0,18.0,-0.2549,ok,20.0,-0.4,yes,,2026-09-01,39.5333,0.4533,1.6333,No flag,Within measurement error,0.2776,-0.2776,0.0,ACWR describes how recent load compares with longer-term load. It does not predict injury.,no,Athlete 22,Forwards,a0022@example.edu
A0022,2026-09-02,540.0,1,full,397.0,381.8929,1.0396,284.0,5192.0,20.0,1.0195,ok,20.0,1.6,yes,,2026-09-01,39.5333,0.4533,1.6333,No flag,Within measurement error,0.2776,-0.2776,1.0,ACWR describes how recent load compares with longer-term load. It does not predict injury.,no,Athlete 22,Forwards,a0022@example.edu
A0022,2026-09-03,700.0,2,full,411.2857,378.6786,1.0861,328.0,5941.0,20.0,0.934,ok,20.0,1.5,yes,,2026-09-01,39.5333,0.4533,1.6333,No flag,Within measurement error,0.2776,-0.2776,2.0,ACWR describes how recent load compares with longer-term load. It does not predict injury.,no,Athlete 22,Forwards,a0022@example.edu
A0022,2026-09-04,180.0,1,full,411.2857,376.5357,1.0923,232.0,3716.0,19.0,0.3113,ok,20.0,0.5,yes,,2026-09-01,39.5333,0.4533,1.6333,No flag,Within measurement error,0.2776,-0.2776,3.0,ACWR describes how recent load compares with longer-term load. It does not predict injury.,no,Athlete 22,Forwards,a0022@example.edu
A0022,2026-09-05,255.0,1,full,370.7143,385.6429,0.9613,615.0,6268.0,,,no form,,,no,,2026-09-01,39.5333,0.4533,1.6333,No flag,Within measurement error,0.2776,-0.2776,4.0,ACWR describes how recent load compares with longer-term load. It does not predict injury.,no,Athlete 22,Forwards,a0022@example.edu
A0022,2026-09-06,0.0,0,full,370.7143,385.6429,0.9613,0.0,0.0,,,no form,,,not expected,,2026-09-01,39.5333,0.4533,1.6333,No flag,Within measurement error,0.2776,-0.2776,5.0,ACWR describes how recent load compares with longer-term load. It does not predict injury.,yes,Athlete 22,Forwards,a0022@example.edu
A0022,2026-09-07,330.0,2,modified,337.8571,371.0,0.9107,175.0,2832.0,17.0,-0.9276,ok,19.0,-1.5263,yes,,2026-09-01,39.5333,0.4533,1.6333,No flag,Within measurement error,0.2776,-0.2776,6.0,ACWR describes how recent load compares with longer-term load. It does not predict injury.,yes,Athlete 22,Forwards,a0022@example.edu
A0022,2026-09-08,540.0,1,full,363.5714,371.0,0.98,300.0,6135.0,18.0,-0.2246,ok,19.0,-0.3684,yes,,2026-09-08,38.6,-0.48,1.6333,No flag,Within measurement error,-0.2939,0.2939,0.0,ACWR describes how recent load compares with longer-term load. It does not predict injury.,yes,Athlete 22,Forwards,a0022@example.edu
A0022,2026-09-09,450.0,1,full,350.7143,374.2143,0.9372,364.0,6115.0,21.0,1.6045,ok,19.0,2.6316,yes,,2026-09-08,38.6,-0.48,1.6333,No flag,Within measurement error,-0.2939,0.2939,1.0,ACWR describes how recent load compares with longer-term load. It does not predict injury.,yes,Athlete 22,Forwards,a0022@example.edu
A0022,2026-09-10,560.0,2,full,330.7143,369.2143,0.8957,,,19.0,0.3018,ok,19.0,0.5263,yes,,2026-09-08,38.6,-0.48,1.6333,No flag,Within measurement error,-0.2939,0.2939,2.0,ACWR describes how recent load compares with longer-term load. It does not predict injury.,yes,Athlete 22,Forwards,a0022@example.edu
A0022,2026-09-11,300.0,1,full,347.8571,373.5,0.9313,199.0,4355.0,19.0,0.2716,ok,19.0,0.4737,yes,,2026-09-08,38.6,-0.48,1.6333,No flag,Within measurement error,-0.2939,0.2939,3.0,ACWR describes how recent load compares with longer-term load. It does not predict injury.,yes,Athlete 22,Forwards,a0022@example.edu
A0022,2026-09-12,760.0,1,full,420.0,400.6429,1.0483,1221.0,11859.0,20.0,0.8526,ok,20.0,1.45,yes,,2026-09-08,38.6,-0.48,1.6333,No flag,Within measurement error,-0.2939,0.2939,4.0,ACWR describes how recent load compares with longer-term load. It does not predict injury.,yes,Athlete 22,Forwards,a0022@example.edu
A0022,2026-09-13,0.0,0,full,420.0,400.6429,1.0483,0.0,0.0,,,no form,,,not expected,,2026-09-08,38.6,-0.48,1.6333,No flag,Within measurement error,-0.2939,0.2939,5.0,ACWR describes how recent load compares with longer-term load. It does not predict injury.,yes,Athlete 22,Forwards,a0022@example.edu
A0022,2026-09-14,510.0,2,full,445.7143,402.0714,1.1085,359.0,5338.0,16.0,-1.4995,ok,20.0,-2.55,yes,,2026-09-08,38.6,-0.48,1.6333,No flag,Within measurement error,-0.2939,0.2939,6.0,ACWR describes how recent load compares with longer-term load. It does not predict injury.,yes,Athlete 22,Forwards,a0022@example.edu
A0022,2026-09-15,540.0,1,full,445.7143,402.0714,1.1085,361.0,5864.0,21.0,1.4707,ok,21.0,2.5714,yes,,2026-09-15,39.3,0.22,1.6333,No flag,Within measurement error,0.1347,-0.1347,0.0,ACWR describes how recent load compares with longer-term load. It does not predict injury.,yes,Athlete 22,Forwards,a0022@example.edu
A0022,2026-09-16,450.0,1,full,445.7143,402.0714,1.1085,370.0,6575.0,19.0,0.2114,ok,21.0,0.381,yes,,2026-09-15,39.3,0.22,1.6333,No flag,Within measurement error,0.1347,-0.1347,1.0,ACWR describes how recent load compares with longer-term load. It does not predict injury.,yes,Athlete 22,Forwards,a0022@example.edu
A0022,2026-09-17,650.0,2,full,458.5714,402.0714,1.1405,356.0,5762.0,,,no form,,,no,,2026-09-15,39.3,0.22,1.6333,No flag,Within measurement error,0.1347,-0.1347,2.0,ACWR describes how recent load compares with longer-term load. It does not predict injury.,yes,Athlete 22,Forwards,a0022@example.edu
A0022,2026-09-18,180.0,1,full,441.4286,399.9286,1.1038,170.0,3997.0,21.0,1.4729,ok,20.0,2.55,yes,,2026-09-15,39.3,0.22,1.6333,No flag,Within measurement error,0.1347,-0.1347,3.0,ACWR describes how recent load compares with longer-term load. It does not predict injury.,yes,Athlete 22,Forwards,a0022@example.edu
A0022,2026-09-19,588.0,1,full,416.8571,402.9286,1.0346,865.0,9678.0,19.0,0.2412,ok,21.0,0.4286,yes,,2026-09-15,39.3,0.22,1.6333,No flag,Within measurement error,0.1347,-0.1347,4.0,ACWR describes how recent load compares with longer-term load. It does not predict injury.,yes,Athlete 22,Forwards,a0022@example.edu
A0022,2026-09-20,0.0,0,full,416.8571,402.9286,1.0346,0.0,0.0,,,no form,,,not expected,,2026-09-15,39.3,0.22,1.6333,No flag,Within measurement error,0.1347,-0.1347,5.0,ACWR describes how recent load compares with longer-term load. It does not predict injury.,yes,Athlete 22,Forwards,a0022@example.edu
A0022,2026-09-21,600.0,2,full,429.7143,402.5714,1.0674,373.0,6269.0,,,no form,,,no,,2026-09-15,39.3,0.22,1.6333,No flag,Within measurement error,0.1347,-0.1347,6.0,ACWR describes how recent load compares with longer-term load. It does not predict injury.,yes,Athlete 22,Forwards,a0022@example.edu
A0022,2026-09-22,540.0,1,full,429.7143,402.5714,1.0674,329.0,5898.0,18.0,-0.4378,ok,20.0,-0.75,yes,,2026-09-22,38.4667,-0.6133,1.6333,No flag,Within measurement error,-0.3755,0.3755,0.0,ACWR describes how recent load compares with longer-term load. It does not predict injury.,yes,Athlete 22,Forwards,a0022@example.edu
A0022,2026-09-23,360.0,1,full,416.8571,402.5714,1.0355,260.0,5701.0,20.0,0.7559,ok,20.0,1.3,yes,,2026-09-22,38.4667,-0.6133,1.6333,No flag,Within measurement error,-0.3755,0.3755,1.0,ACWR describes how recent load compares with longer-term load. It does not predict injury.,yes,Athlete 22,Forwards,a0022@example.edu
A0022,2026-09-24,650.0,2,full,416.8571,404.3571,1.0309,379.0,6427.0,19.0,0.0,ok,20.0,0.0,yes,,2026-09-22,38.4667,-0.6133,1.6333,No flag,Within measurement error,-0.3755,0.3755,2.0,ACWR describes how recent load compares with longer-term load. It does not predict injury.,yes,Athlete 22,Forwards,a0022@example.edu
A0022,2026-09-25,180.0,1,full,416.8571,404.3571,1.0309,257.0,3676.0,18.0,-0.767,ok,21.0,-1.0,yes,,2026-09-22,38.4667,-0.6133,1.6333,No flag,Within measurement error,-0.3755,0.3755,3.0,ACWR describes how recent load compares with longer-term load. It does not predict injury.,yes,Athlete 22,Forwards,a0022@example.edu
A0022,2026-09-26,595.0,1,full,417.8571,406.3571,1.0283,952.0,10561.0,20.0,0.767,ok,21.0,1.0,yes,,2026-09-22,38.4667,-0.6133,1.6333,No flag,Within measurement error,-0.3755,0.3755,4.0,ACWR describes how recent load compares with longer-term load. It does not predict injury.,yes,Athlete 22,Forwards,a0022@example.edu
A0022,2026-09-27,0.0,0,full,417.8571,406.3571,1.0283,0.0,0.0,,,no form,,,not expected,,2026-09-22,38.4667,-0.6133,1.6333,No flag,Within measurement error,-0.3755,0.3755,5.0,ACWR describes how recent load compares with longer-term load. It does not predict injury.,yes,Athlete 22,Forwards,a0022@example.edu
A0022,2026-09-28,470.0,2,full,399.2857,403.1429,0.9904,262.0,5929.0,15.0,-3.1497,ok,21.0,-4.0952,yes,review,2026-09-22,38.4667,-0.6133,1.6333,No flag,Within measurement error,-0.3755,0.3755,6.0,ACWR describes how recent load compares with longer-term load. It does not predict injury.,yes,Athlete 22,Forwards,a0022@example.edu
A0022,2026-09-29,630.0,1,full,412.1429,412.7857,0.9984,443.0,5979.0,19.0,0.0603,ok,21.0,0.0952,yes,,2026-09-29,,,1.6333,No data,Not enough data,,,0.0,ACWR describes how recent load compares with longer-term load. It does not predict injury.,yes,Athlete 22,Forwards,a0022@example.edu
A0022,2026-09-30,450.0,1,full,425.0,409.5714,1.0377,307.0,5760.0,18.0,-0.6087,ok,21.0,-0.9524,yes,,2026-09-29,,,1.6333,No data,Not enough data,,,1.0,ACWR describes how recent load compares with longer-term load. It does not predict injury.,yes,Athlete 22,Forwards,a0022@example.edu
A0022,2026-10-01,550.0,2,full,410.7143,404.2143,1.0161,410.0,5754.0,20.0,0.7334,ok,21.0,1.1429,yes,,2026-09-29,,,1.6333,No data,Not enough data,,,2.0,ACWR describes how recent load compares with longer-term load. It does not predict injury.,yes,Athlete 22,Forwards,a0022@example.edu
A0022,2026-10-02,180.0,1,full,410.7143,404.2143,1.0161,259.0,3595.0,16.0,-1.8334,ok,21.0,-2.8571,yes,,2026-09-29,,,1.6333,No data,Not enough data,,,3.0,ACWR describes how recent load compares with longer-term load. It does not predict injury.,yes,Athlete 22,Forwards,a0022@example.edu
A0022,2026-10-03,760.0,1,full,434.2857,422.25,1.0285,1050.0,10918.0,19.0,0.1703,ok,21.0,0.2857,yes,,2026-09-29,,,1.6333,No data,Not enough data,,,4.0,ACWR describes how recent load compares with longer-term load. It does not predict injury.,yes,Athlete 22,Forwards,a0022@example.edu
A0023,2026-07-06,650.0,2,full,,,,247.0,3920.0,21.0,,baseline too short,0.0,,yes,,,,,,,,,,,ACWR describes how recent load compares with longer-term load. It does not predict injury.,no,Athlete 23,Forwards,a0023@example.edu
A0023,2026-07-07,450.0,1,full,,,,335.0,4765.0,,,no form,,,no,,2026-07-07,35.8,,,Baseline,Baseline test,,,0.0,ACWR describes how recent load compares with longer-term load. It does not predict injury.,no,Athlete 23,Forwards,a0023@example.edu
A0023,2026-07-08,450.0,1,full,,,,283.0,4477.0,19.0,,baseline too short,1.0,,yes,,2026-07-07,35.8,,,Baseline,Baseline test,,,1.0,ACWR describes how recent load compares with longer-term load. It does not predict injury.,no,Athlete 23,Forwards,a0023@example.edu
A0023,2026-07-09,,2,full,,,,177.0,4596.0,,,no form,,,no,,2026-07-09,35.5,,,Baseline,Baseline test,,,0.0,ACWR describes how recent load compares with longer-term load. It does not predict injury.,no,Athlete 23,Forwards,a0023@example.edu
A0023,2026-07-10,120.0,1,full,,,,188.0,3268.0,18.0,,baseline too short,2.0,,yes,,2026-07-09,35.5,,,Baseline,Baseline test,,,1.0,ACWR describes how recent load compares with longer-term load. It does not predict injury.,no,Athlete 23,Forwards,a0023@example.edu
A0023,2026-07-11,0.0,0,full,,,,0.0,0.0,20.0,,baseline too short,3.0,,yes,,2026-07-09,35.5,,,Baseline,Baseline test,,,2.0,ACWR describes how recent load compares with longer-term load. It does not predict injury.,no,Athlete 23,Forwards,a0023@example.edu
A0023,2026-07-12,0.0,0,full,,,,0.0,0.0,,,no form,,,not expected,,2026-07-09,35.5,,,Baseline,Baseline test,,,3.0,ACWR describes how recent load compares with longer-term load. It does not predict injury.,no,Athlete 23,Forwards,a0023@example.edu
A0023,2026-07-13,510.0,2,full,,,,349.0,4490.0,18.0,,baseline too short,4.0,,yes,,2026-07-09,35.5,,,Baseline,Baseline test,,,4.0,ACWR describes how recent load compares with longer-term load. It does not predict injury.,no,Athlete 23,Forwards,a0023@example.edu
A0023,2026-07-14,450.0,1,full,,,,289.0,4722.0,19.0,,baseline too short,5.0,,yes,,2026-07-14,35.3667,,,Baseline,Baseline test,,,0.0,ACWR describes how recent load compares with longer-term load. It does not predict injury.,no,Athlete 23,Forwards,a0023@example.edu
A0023,2026-07-15,270.0,1,full,,,,315.0,4297.0,18.0,,baseline too short,6.0,,yes,,2026-07-14,35.3667,,,Baseline,Baseline test,,,1.0,ACWR describes how recent load compares with longer-term load. It does not predict injury.,no,Athlete 23,Forwards,a0023@example.edu
A0023,2026-07-16,510.0,2,full,265.7143,,,210.0,4430.0,21.0,,baseline too short,7.0,,yes,,2026-07-14,35.3667,,,Baseline,Baseline test,,,2.0,ACWR describes how recent load compares with longer-term load. It does not predict injury.,no,Athlete 23,Forwards,a0023@example.edu
A0023,2026-07-17,120.0,1,full,265.7143,,,169.0,2948.0,21.0,,baseline too short,8.0,,yes,,2026-07-14,35.3667,,,Baseline,Baseline test,,,3.0,ACWR describes how recent load compares with longer-term load. It does not predict injury.,no,Athlete 23,Forwards,a0023@example.edu
A0023,2026-07-18,0.0,0,full,265.7143,,,0.0,0.0,20.0,,baseline too short,9.0,,yes,,2026-07-14,35.3667,,,Baseline,Baseline test,,,4.0,ACWR describes how recent load compares with longer-term load. It does not predict injury.,no,Athlete 23,Forwards,a0023@example.edu
A0023,2026-07-19,0.0,0,full,265.7143,,,0.0,0.0,,,no form,,,not expected,,2026-07-14,35.3667,,,Baseline,Baseline test,,,5.0,ACWR describes how recent load compares with longer-term load. It does not predict injury.,no,Athlete 23,Forwards,a0023@example.edu
A0023,2026-07-20,940.0,2,full,327.1429,,,412.0,7687.0,22.0,,baseline too short,10.0,,yes,,2026-07-14,35.3667,,,Baseline,Baseline test,,,6.0,ACWR describes how recent load compares with longer-term load. It does not predict injury.,no,Athlete 23,Forwards,a0023@example.edu
A0023,2026-07-21,540.0,1,full,340.0,,,488.0,7658.0,19.0,,baseline too short,11.0,,yes,,2026-07-21,35.6,,,Baseline,Baseline test,,,0.0,ACWR describes how recent load compares with longer-term load. It does not predict injury.,no,Athlete 23,Forwards,a0023@example.edu
A0023,2026-07-22,450.0,1,full,365.7143,,,468.0,6791.0,19.0,,baseline too short,12.0,,yes,,2026-07-21,35.6,,,Baseline,Baseline test,,,1.0,ACWR describes how recent load compares with longer-term load. It does not predict injury.,no,Athlete 23,Forwards,a0023@example.edu
A0023,2026-07-23,790.0,2,full,405.7143,,,561.0,6771.0,19.0,,baseline too short,13.0,,yes,,2026-07-21,35.6,,,Baseline,Baseline test,,,2.0,ACWR describes how recent load compares with longer-term load. It does not predict injury.,no,Athlete 23,Forwards,a0023@example.edu
A0023,2026-07-24,300.0,1,full,431.4286,,,264.0,4928.0,19.0,-0.4451,ok,14.0,-0.5714,yes,,2026-07-21,35.6,,,Baseline,Baseline test,,,3.0,ACWR describes how recent load compares with longer-term load. It does not predict injury.,no,Athlete 23,Forwards,a0023@example.edu
A0023,2026-07-25,0.0,0,full,431.4286,,,0.0,0.0,21.0,1.1772,ok,15.0,1.4667,yes,,2026-07-21,35.6,,,Baseline,Baseline test,,,4.0,ACWR describes how recent load compares with longer-term load. It does not predict injury.,no,Athlete 23,Forwards,a0023@example.edu
A0023,2026-07-26,0.0,0,full,431.4286,,,0.0,0.0,,,no form,,,not expected,,2026-07-21,35.6,,,Baseline,Baseline test,,,5.0,ACWR describes how recent load compares with longer-term load. It does not predict injury.,no,Athlete 23,Forwards,a0023@example.edu
A0023,2026-07-27,650.0,2,full,390.0,,,323.0,5508.0,21.0,1.0927,ok,16.0,1.375,yes,,2026-07-21,35.6,,,Baseline,Baseline test,,,6.0,ACWR describes how recent load compares with longer-term load. It does not predict injury.,no,Athlete 23,Forwards,a0023@example.edu
A0023,2026-07-28,540.0,1,full,390.0,,,403.0,5441.0,21.0,1.0245,ok,17.0,1.2941,yes,,2026-07-28,35.8333,,,Baseline,Baseline test,,,0.0,ACWR describes how recent load compares with longer-term load. It does not predict injury.,no,Athlete 23,Forwards,a0023@example.edu
A0023,2026-07-29,360.0,1,full,377.1429,,,427.0,5772.0,,,no form,,,no,,2026-07-28,35.8333,,,Baseline,Baseline test,,,1.0,ACWR describes how recent load compares with longer-term load. It does not predict injury.,no,Athlete 23,Forwards,a0023@example.edu
A0023,2026-07-30,610.0,2,full,351.4286,,,332.0,6041.0,23.0,2.5516,ok,18.0,3.2222,yes,,2026-07-28,35.8333,,,Baseline,Baseline test,,,2.0,ACWR describes how recent load compares with longer-term load. It does not predict injury.,no,Athlete 23,Forwards,a0023@example.edu
A0023,2026-07-31,180.0,1,full,334.2857,,,206.0,3425.0,21.0,0.7347,ok,19.0,1.0526,yes,,2026-07-28,35.8333,,,Baseline,Baseline test,,,3.0,ACWR describes how recent load compares with longer-term load. It does not predict injury.,no,Athlete 23,Forwards,a0023@example.edu
A0023,2026-08-01,0.0,0,full,334.2857,,,0.0,0.0,,,no form,,,no,,2026-07-28,35.8333,,,Baseline,Baseline test,,,4.0,ACWR describes how recent load compares with longer-term load. It does not predict injury.,no,Athlete 23,Forwards,a0023@example.edu
A0023,2026-08-02,0.0,0,full,334.2857,,,0.0,0.0,,,no form,,,not expected,,2026-07-28,35.8333,,,Baseline,Baseline test,,,5.0,ACWR describes how recent load compares with longer-term load. It does not predict injury.,no,Athlete 23,Forwards,a0023@example.edu
A0023,2026-08-03,700.0,2,full,341.4286,,,367.0,5353.0,19.0,-0.7071,ok,20.0,-1.0,yes,,2026-07-28,35.8333,,,Baseline,Baseline test,,,6.0,ACWR describes how recent load compares with longer-term load. It does not predict injury.,no,Athlete 23,Forwards,a0023@example.edu
A0023,2026-08-04,540.0,1,full,341.4286,,,297.0,5297.0,20.0,0.0709,ok,20.0,0.1,yes,,2026-08-04,35.8,0.18,1.6333,No flag,Within measurement error,0.1102,-0.1102,0.0,ACWR describes how recent load compares with longer-term load. It does not predict injury.,no,Athlete 23,Forwards,a0023@example.edu
A0023,2026-08-05,540.0,1,full,367.1429,,,356.0,5930.0,19.0,-0.658,ok,21.0,-0.9048,yes,,2026-08-04,35.8,0.18,1.6333,No flag,Within measurement error,0.1102,-0.1102,1.0,ACWR describes how recent load compares with longer-term load. It does not predict injury.,no,Athlete 23,Forwards,a0023@example.edu
A0023,2026-08-06,610.0,2,full,367.1429,347.5,1.0565,234.0,4886.0,22.0,1.5239,ok,21.0,2.0952,yes,,2026-08-04,35.8,0.18,1.6333,No flag,Within measurement error,0.1102,-0.1102,2.0,ACWR describes how recent load compares with longer-term load. It does not predict injury.,no,Athlete 23,Forwards,a0023@example.edu
A0023,2026-08-07,180.0,1,full,367.1429,349.6429,1.0501,264.0,4208.0,22.0,1.4142,ok,22.0,2.0,yes,,2026-08-04,35.8,0.18,1.6333,No flag,Within measurement error,0.1102,-0.1102,3.0,ACWR describes how recent load compares with longer-term load. It does not predict injury.,no,Athlete 23,Forwards,a0023@example.edu
A0023,2026-08-08,0.0,0,full,367.1429,349.6429,1.0501,0.0,0.0,20.0,-0.1297,ok,22.0,-0.1818,yes,,2026-08-04,35.8,0.18,1.6333,No flag,Within measurement error,0.1102,-0.1102,4.0,ACWR describes how recent load compares with longer-term load. It does not predict injury.,no,Athlete 23,Forwards,a0023@example.edu
A0023,2026-08-09,0.0,0,full,367.1429,349.6429,1.0501,0.0,0.0,,,no form,,,not expected,,2026-08-04,35.8,0.18,1.6333,No flag,Within measurement error,0.1102,-0.1102,5.0,ACWR describes how recent load compares with longer-term load. It does not predict injury.,no,Athlete 23,Forwards,a0023@example.edu
A0023,2026-08-10,650.0,2,full,360.0,354.6429,1.0151,442.0,5829.0,18.0,-1.5563,ok,22.0,-2.1818,yes,,2026-08-04,35.8,0.18,1.6333,No flag,Within measurement error,0.1102,-0.1102,6.0,ACWR describes how recent load compares with longer-term load. It does not predict injury.,no,Athlete 23,Forwards,a0023@example.edu
A0023,2026-08-11,450.0,1,full,347.1429,354.6429,0.9789,317.0,5626.0,18.0,-1.5563,ok,22.0,-2.1818,yes,,2026-08-11,34.7667,-0.8533,1.6333,No flag,Within measurement error,-0.5225,0.5225,0.0,ACWR describes how recent load compares with longer-term load. It does not predict injury.,no,Athlete 23,Forwards,a0023@example.edu
A0023,2026-08-12,540.0,1,full,347.1429,364.2857,0.9529,489.0,5881.0,22.0,1.2789,ok,22.0,1.8636,yes,,2026-08-11,34.7667,-0.8533,1.6333,No flag,Within measurement error,-0.5225,0.5225,1.0,ACWR describes how recent load compares with longer-term load. It does not predict injury.,no,Athlete 23,Forwards,a0023@example.edu
A0023,2026-08-13,740.0,2,full,365.7143,372.5,0.9818,237.0,5540.0,21.0,0.4777,ok,22.0,0.6818,yes,,2026-08-11,34.7667,-0.8533,1.6333,No flag,Within measurement error,-0.5225,0.5225,2.0,ACWR describes how recent load compares with longer-term load. It does not predict injury.,no,Athlete 23,Forwards,a0023@example.edu
A0023,2026-08-14,240.0,1,full,374.2857,376.7857,0.9934,196.0,3807.0,19.0,-0.9236,ok,22.0,-1.3182,yes,,2026-08-11,34.7667,-0.8533,1.6333,No flag,Within measurement error,-0.5225,0.5225,3.0,ACWR describes how recent load compares with longer-term load. It does not predict injury.,no,Athlete 23,Forwards,a0023@example.edu
A0023,2026-08-15,0.0,0,full,374.2857,376.7857,0.9934,0.0,0.0,23.0,1.9185,ok,22.0,2.7727,yes,,2026-08-11,34.7667,-0.8533,1.6333,No flag,Within measurement error,-0.5225,0.5225,4.0,ACWR describes how recent load compares with longer-term load. It does not predict injury.,no,Athlete 23,Forwards,a0023@example.edu
A0023,2026-08-16,0.0,0,full,374.2857,376.7857,0.9934,0.0,0.0,,,no form,,,not expected,,2026-08-11,34.7667,-0.8533,1.6333,No flag,Within measurement error,-0.5225,0.5225,5.0,ACWR describes how recent load compares with longer-term load. It does not predict injury.,no,Athlete 23,Forwards,a0023@example.edu
A0023,2026-08-17,375.0,2,modified,335.0,356.6071,0.9394,149.0,2487.0,19.0,-0.8743,ok,22.0,-1.3636,yes,,2026-08-11,34.7667,-0.8533,1.6333,No flag,Within measurement error,-0.5225,0.5225,6.0,ACWR describes how recent load compares with longer-term load. It does not predict injury.,no,Athlete 23,Forwards,a0023@example.edu
A0023,2026-08-18,450.0,1,full,335.0,353.3929,0.948,325.0,5273.0,18.0,-1.4454,ok,22.0,-2.2273,yes,,2026-08-18,35.8,0.18,1.6333,No flag,Within measurement error,0.1102,-0.1102,0.0,ACWR describes how recent load compares with longer-term load. It does not predict injury.,no,Athlete 23,Forwards,a0023@example.edu
A0023,2026-08-19,450.0,1,full,322.1429,353.3929,0.9116,374.0,5043.0,18.0,-1.3699,ok,22.0,-2.1818,yes,,2026-08-18,35.8,0.18,1.6333,No flag,Within measurement error,0.1102,-0.1102,1.0,ACWR describes how recent load compares with longer-term load. It does not predict injury.,no,Athlete 23,Forwards,a0023@example.edu
A0023,2026-08-20,740.0,2,full,322.1429,351.6071,0.9162,343.0,5480.0,,,no form,,,no,,2026-08-18,35.8,0.18,1.6333,No flag,Within measurement error,0.1102,-0.1102,2.0,ACWR describes how recent load compares with longer-term load. It does not predict injury.,no,Athlete 23,Forwards,a0023@example.edu
A0023,2026-08-21,300.0,1,full,330.7143,351.6071,0.9406,231.0,3679.0,23.0,1.6906,ok,21.0,2.8095,yes,,2026-08-18,35.8,0.18,1.6333,No flag,Within measurement error,0.1102,-0.1102,3.0,ACWR describes how recent load compares with longer-term load. It does not predict injury.,no,Athlete 23,Forwards,a0023@example.edu
A0023,2026-08-22,544.0,1,full,408.4286,371.0357,1.1008,682.0,6930.0,22.0,0.9274,ok,21.0,1.619,yes,,2026-08-18,35.8,0.18,1.6333,No flag,Within measurement error,0.1102,-0.1102,4.0,ACWR describes how recent load compares with longer-term load. It does not predict injury.,no,Athlete 23,Forwards,a0023@example.edu
A0023,2026-08-23,0.0,0,full,408.4286,371.0357,1.1008,0.0,0.0,,,no form,,,not expected,,2026-08-18,35.8,0.18,1.6333,No flag,Within measurement error,0.1102,-0.1102,5.0,ACWR describes how recent load compares with longer-term load. It does not predict injury.,no,Athlete 23,Forwards,a0023@example.edu
A0023,2026-08-24,560.0,2,full,434.8571,367.8214,1.1823,359.0,5693.0,17.0,-1.9296,ok,21.0,-3.4286,yes,,2026-08-18,35.8,0.18,1.6333,No flag,Within measurement error,0.1102,-0.1102,6.0,ACWR describes how recent load compares with longer-term load. It does not predict injury.,no,Athlete 23,Forwards,a0023@example.edu
A0023,2026-08-25,540.0,1,full,447.7143,367.8214,1.2172,297.0,5445.0,20.0,-0.1239,ok,21.0,-0.2381,yes,,2026-08-25,36.9333,1.3133,1.6333,No flag,Within measurement error,0.8041,-0.8041,0.0,ACWR describes how recent load compares with longer-term load. It does not predict injury.,no,Athlete 23,Forwards,a0023@example.edu
A0023,2026-08-26,270.0,1,full,422.0,364.6071,1.1574,317.0,5513.0,21.0,0.423,ok,21.0,0.8095,yes,,2026-08-25,36.9333,1.3133,1.6333,No flag,Within measurement error,0.8041,-0.8041,1.0,ACWR describes how recent load compares with longer-term load. It does not predict injury.,no,Athlete 23,Forwards,a0023@example.edu
A0023,2026-08-27,740.0,2,full,422.0,369.25,1.1429,312.0,5676.0,,,no form,,,no,,2026-08-25,36.9333,1.3133,1.6333,No flag,Within measurement error,0.8041,-0.8041,2.0,ACWR describes how recent load compares with longer-term load. It does not predict injury.,no,Athlete 23,Forwards,a0023@example.edu
A0023,2026-08-28,180.0,1,full,404.8571,369.25,1.0964,227.0,3607.0,22.0,1.0501,ok,21.0,1.9048,yes,,2026-08-25,36.9333,1.3133,1.6333,No flag,Within measurement error,0.8041,-0.8041,3.0,ACWR describes how recent load compares with longer-term load. It does not predict injury.,no,Athlete 23,Forwards,a0023@example.edu
A0023,2026-08-29,616.0,1,full,415.1429,391.25,1.0611,841.0,8629.0,23.0,1.543,ok,21.0,2.8571,yes,,2026-08-25,36.9333,1.3133,1.6333,No flag,Within measurement error,0.8041,-0.8041,4.0,ACWR describes how recent load compares with longer-term load. It does not predict injury.,no,Athlete 23,Forwards,a0023@example.edu
A0023,2026-08-30,0.0,0,full,415.1429,391.25,1.0611,0.0,0.0,,,no form,,,not expected,,2026-08-25,36.9333,1.3133,1.6333,No flag,Within measurement error,0.8041,-0.8041,5.0,ACWR describes how recent load compares with longer-term load. It does not predict injury.,no,Athlete 23,Forwards,a0023@example.edu
A0023,2026-08-31,690.0,2,full,433.7143,390.8929,1.1095,365.0,5457.0,18.0,-1.1918,ok,22.0,-2.2727,yes,,2026-08-25,36.9333,1.3133,1.6333,No flag,Within measurement error,0.8041,-0.8041,6.0,ACWR describes how recent load compares with longer-term load. It does not predict injury.,no,Athlete 23,Forwards,a0023@example.edu
A0023,2026-09-01,450.0,1,full,420.8571,387.6786,1.0856,366.0,5583.0,19.0,-0.6293,ok,22.0,-1.2273,yes,,2026-09-01,35.5667,-0.0533,1.6333,No flag,Within measurement error,-0.0327,0.0327,0.0,ACWR describes how recent load compares with longer-term load. It does not predict injury.,no,Athlete 23,Forwards,a0023@example.edu
A0023,2026-09-02,450.0,1,full,446.5714,384.4643,1.1615,302.0,5301.0,,,no form,,,no,,2026-09-01,35.5667,-0.0533,1.6333,No flag,Within measurement error,-0.0327,0.0327,1.0,ACWR describes how recent load compares with longer-term load. It does not predict injury.,no,Athlete 23,Forwards,a0023@example.edu
A0023,2026-09-03,650.0,2,full,433.7143,385.8929,1.1239,288.0,5435.0,21.0,0.3814,ok,21.0,0.7619,yes,,2026-09-01,35.5667,-0.0533,1.6333,No flag,Within measurement error,-0.0327,0.0327,2.0,ACWR describes how recent load compares with longer-term load. It does not predict injury.,no,Athlete 23,Forwards,a0023@example.edu
A0023,2026-09-04,240.0,1,full,442.2857,388.0357,1.1398,176.0,3655.0,19.0,-0.6058,ok,21.0,-1.1905,yes,,2026-09-01,35.5667,-0.0533,1.6333,No flag,Within measurement error,-0.0327,0.0327,3.0,ACWR describes how recent load compares with longer-term load. It does not predict injury.,no,Athlete 23,Forwards,a0023@example.edu
A0023,2026-09-05,469.0,1,full,421.2857,404.7857,1.0408,811.0,7917.0,20.0,-0.0246,ok,21.0,-0.0476,yes,,2026-09-01,35.5667,-0.0533,1.6333,No flag,Within measurement error,-0.0327,0.0327,4.0,ACWR describes how recent load compares with longer-term load. It does not predict injury.,no,Athlete 23,Forwards,a0023@example.edu
A0023,2026-09-06,0.0,0,full,421.2857,404.7857,1.0408,0.0,0.0,,,no form,,,not expected,,2026-09-01,35.5667,-0.0533,1.6333,No flag,Within measurement error,-0.0327,0.0327,5.0,ACWR describes how recent load compares with longer-term load. It does not predict injury.,yes,Athlete 23,Forwards,a0023@example.edu
A0023,2026-09-07,790.0,2,full,435.5714,409.7857,1.0629,319.0,5409.0,20.0,-0.0246,ok,21.0,-0.0476,yes,,2026-09-01,35.5667,-0.0533,1.6333,No flag,Within measurement error,-0.0327,0.0327,6.0,ACWR describes how recent load compares with longer-term load. It does not predict injury.,yes,Athlete 23,Forwards,a0023@example.edu
A0023,2026-09-08,540.0,1,full,448.4286,413.0,1.0858,353.0,5734.0,19.0,-0.6084,ok,21.0,-1.1429,yes,,2026-09-08,36.1333,0.5133,1.6333,No flag,Within measurement error,0.3143,-0.3143,0.0,ACWR describes how recent load compares with longer-term load. It does not predict injury.,yes,Athlete 23,Forwards,a0023@example.edu
A0023,2026-09-09,450.0,1,full,448.4286,409.7857,1.0943,295.0,5253.0,20.0,-0.1039,ok,21.0,-0.1905,yes,,2026-09-08,36.1333,0.5133,1.6333,No flag,Within measurement error,0.3143,-0.3143,1.0,ACWR describes how recent load compares with longer-term load. It does not predict injury.,yes,Athlete 23,Forwards,a0023@example.edu
A0023,2026-09-10,650.0,2,full,448.4286,406.5714,1.103,426.0,5765.0,19.0,-0.6132,ok,21.0,-1.0952,yes,,2026-09-08,36.1333,0.5133,1.6333,No flag,Within measurement error,0.3143,-0.3143,2.0,ACWR describes how recent load compares with longer-term load. It does not predict injury.,yes,Athlete 23,Forwards,a0023@example.edu
A0023,2026-09-11,240.0,1,full,448.4286,406.5714,1.103,226.0,3217.0,,,no form,,,no,,2026-09-08,36.1333,0.5133,1.6333,No flag,Within measurement error,0.3143,-0.3143,3.0,ACWR describes how recent load compares with longer-term load. It does not predict injury.,yes,Athlete 23,Forwards,a0023@example.edu
A0023,2026-09-12,536.0,1,full,458.0,425.7143,1.0758,876.0,7540.0,20.0,-0.0275,ok,20.0,-0.05,yes,,2026-09-08,36.1333,0.5133,1.6333,No flag,Within measurement error,0.3143,-0.3143,4.0,ACWR describes how recent load compares with longer-term load. It does not predict injury.,yes,Athlete 23,Forwards,a0023@example.edu
A0023,2026-09-13,0.0,0,full,458.0,425.7143,1.0758,0.0,0.0,,,no form,,,not expected,,2026-09-08,36.1333,0.5133,1.6333,No flag,Within measurement error,0.3143,-0.3143,5.0,ACWR describes how recent load compares with longer-term load. It does not predict injury.,yes,Athlete 23,Forwards,a0023@example.edu
A0023,2026-09-14,650.0,2,full,438.0,435.5357,1.0057,289.0,5720.0,19.0,-0.5348,ok,20.0,-0.9,yes,,2026-09-08,36.1333,0.5133,1.6333,No flag,Within measurement error,0.3143,-0.3143,6.0,ACWR describes how recent load compares with longer-term load. It does not predict injury.,yes,Athlete 23,Forwards,a0023@example.edu
A0023,2026-09-15,540.0,1,full,438.0,438.75,0.9983,468.0,6040.0,18.0,-1.1291,ok,20.0,-1.9,yes,,2026-09-15,34.7,-0.92,1.6333,No flag,Within measurement error,-0.5633,0.5633,0.0,ACWR describes how recent load compares with longer-term load. It does not predict injury.,yes,Athlete 23,Forwards,a0023@example.edu
A0023,2026-09-16,450.0,1,full,438.0,438.75,0.9983,337.0,5304.0,18.0,-1.1291,ok,20.0,-1.9,yes,,2026-09-15,34.7,-0.92,1.6333,No flag,Within measurement error,-0.5633,0.5633,1.0,ACWR describes how recent load compares with longer-term load. It does not predict injury.,yes,Athlete 23,Forwards,a0023@example.edu
A0023,2026-09-17,740.0,2,full,450.8571,438.75,1.0276,311.0,5405.0,21.0,0.6537,ok,20.0,1.1,yes,,2026-09-15,34.7,-0.92,1.6333,No flag,Within measurement error,-0.5633,0.5633,2.0,ACWR describes how recent load compares with longer-term load. It does not predict injury.,yes,Athlete 23,Forwards,a0023@example.edu
A0023,2026-09-18,180.0,1,full,442.2857,434.4643,1.018,264.0,3542.0,20.0,0.0287,ok,21.0,0.0476,yes,,2026-09-15,34.7,-0.92,1.6333,No flag,Within measurement error,-0.5633,0.5633,3.0,ACWR describes how recent load compares with longer-term load. It does not predict injury.,yes,Athlete 23,Forwards,a0023@example.edu
A0023,2026-09-19,544.0,1,full,443.4286,434.4643,1.0206,759.0,7910.0,21.0,0.7916,ok,21.0,1.1905,yes,,2026-09-15,34.7,-0.92,1.6333,No flag,Within measurement error,-0.5633,0.5633,4.0,ACWR describes how recent load compares with longer-term load. It does not predict injury.,yes,Athlete 23,Forwards,a0023@example.edu
A0023,2026-09-20,0.0,0,full,443.4286,434.4643,1.0206,0.0,0.0,,,no form,,,not expected,,2026-09-15,34.7,-0.92,1.6333,No flag,Within measurement error,-0.5633,0.5633,5.0,ACWR describes how recent load compares with longer-term load. It does not predict injury.,yes,Athlete 23,Forwards,a0023@example.edu
A0023,2026-09-21,510.0,2,full,423.4286,432.6786,0.9786,321.0,5943.0,20.0,0.1647,ok,21.0,0.2381,yes,,2026-09-15,34.7,-0.92,1.6333,No flag,Within measurement error,-0.5633,0.5633,6.0,ACWR describes how recent load compares with longer-term load. It does not predict injury.,yes,Athlete 23,Forwards,a0023@example.edu
A0023,2026-09-22,450.0,1,full,410.5714,429.4643,0.956,381.0,5955.0,18.0,-1.465,ok,21.0,-1.9048,yes,,2026-09-22,35.1,-0.52,1.6333,No flag,Within measurement error,-0.3184,0.3184,0.0,ACWR describes how recent load compares with longer-term load. It does not predict injury.,yes,Athlete 23,Forwards,a0023@example.edu
A0023,2026-09-23,450.0,1,full,410.5714,435.8929,0.9419,356.0,5514.0,22.0,1.6053,ok,21.0,2.1905,yes,,2026-09-22,35.1,-0.52,1.6333,No flag,Within measurement error,-0.3184,0.3184,1.0,ACWR describes how recent load compares with longer-term load. It does not predict injury.,yes,Athlete 23,Forwards,a0023@example.edu
A0023,2026-09-24,700.0,2,full,404.8571,434.4643,0.9319,340.0,5602.0,,,no form,,,no,,2026-09-22,35.1,-0.52,1.6333,No flag,Within measurement error,-0.3184,0.3184,2.0,ACWR describes how recent load compares with longer-term load. It does not predict injury.,yes,Athlete 23,Forwards,a0023@example.edu
A0023,2026-09-25,240.0,1,full,413.4286,436.6071,0.9469,242.0,3325.0,19.0,-0.6018,ok,21.0,-0.8571,yes,,2026-09-22,35.1,-0.52,1.6333,No flag,Within measurement error,-0.3184,0.3184,3.0,ACWR describes how recent load compares with longer-term load. It does not predict injury.,yes,Athlete 23,Forwards,a0023@example.edu
A0023,2026-09-26,760.0,1,full,444.2857,441.75,1.0057,1167.0,10624.0,20.0,0.2121,ok,21.0,0.2857,yes,,2026-09-22,35.1,-0.52,1.6333,No flag,Within measurement error,-0.3184,0.3184,4.0,ACWR describes how recent load compares with longer-term load. It does not predict injury.,yes,Athlete 23,Forwards,a0023@example.edu
A0023,2026-09-27,0.0,0,full,444.2857,441.75,1.0057,0.0,0.0,,,no form,,,not expected,,2026-09-22,35.1,-0.52,1.6333,No flag,Within measurement error,-0.3184,0.3184,5.0,ACWR describes how recent load compares with longer-term load. It does not predict injury.,yes,Athlete 23,Forwards,a0023@example.edu
A0023,2026-09-28,520.0,2,full,445.7143,435.6786,1.023,302.0,5607.0,19.0,-0.5096,ok,21.0,-0.5714,yes,,2026-09-22,35.1,-0.52,1.6333,No flag,Within measurement error,-0.3184,0.3184,6.0,ACWR describes how recent load compares with longer-term load. It does not predict injury.,yes,Athlete 23,Forwards,a0023@example.edu
A0023,2026-09-29,540.0,1,full,458.5714,438.8929,1.0448,203.0,5417.0,22.0,2.2226,ok,21.0,2.381,yes,,2026-09-29,36.5667,0.9467,1.6333,No flag,Within measurement error,0.5796,-0.5796,0.0,ACWR describes how recent load compares with longer-term load. It does not predict injury.,yes,Athlete 23,Forwards,a0023@example.edu
A0023,2026-09-30,360.0,1,full,445.7143,435.6786,1.023,294.0,5481.0,20.0,0.2019,ok,21.0,0.2381,yes,,2026-09-29,36.5667,0.9467,1.6333,No flag,Within measurement error,0.5796,-0.5796,1.0,ACWR describes how recent load compares with longer-term load. It does not predict injury.,yes,Athlete 23,Forwards,a0023@example.edu
A0023,2026-10-01,700.0,2,full,445.7143,437.4643,1.0189,424.0,5994.0,19.0,-0.6708,ok,22.0,-0.7727,yes,,2026-09-29,36.5667,0.9467,1.6333,No flag,Within measurement error,0.5796,-0.5796,2.0,ACWR describes how recent load compares with longer-term load. It does not predict injury.,yes,Athlete 23,Forwards,a0023@example.edu
A0023,2026-10-02,300.0,1,full,454.2857,439.6071,1.0334,184.0,3556.0,17.0,-2.3752,ok,22.0,-2.6818,yes,review,2026-09-29,36.5667,0.9467,1.6333,No flag,Within measurement error,0.5796,-0.5796,3.0,ACWR describes how recent load compares with longer-term load. It does not predict injury.,yes,Athlete 23,Forwards,a0023@example.edu
A0023,2026-10-03,616.0,1,full,433.7143,444.8571,0.975,822.0,9523.0,21.0,1.1187,ok,22.0,1.4091,yes,,2026-09-29,36.5667,0.9467,1.6333,No flag,Within measurement error,0.5796,-0.5796,4.0,ACWR describes how recent load compares with longer-term load. It does not predict injury.,yes,Athlete 23,Forwards,a0023@example.edu
A0024,2026-07-06,650.0,2,full,,,,355.0,4837.0,18.0,,baseline too short,0.0,,yes,,,,,,,,,,,ACWR describes how recent load compares with longer-term load. It does not predict injury.,no,Athlete 24,Forwards,a0024@example.edu
A0024,2026-07-07,450.0,1,full,,,,,,18.0,,baseline too short,1.0,,yes,,2026-07-07,32.8333,,,Baseline,Baseline test,,,0.0,ACWR describes how recent load compares with longer-term load. It does not predict injury.,no,Athlete 24,Forwards,a0024@example.edu
A0024,2026-07-08,270.0,1,full,,,,221.0,4663.0,20.0,,baseline too short,2.0,,yes,,2026-07-07,32.8333,,,Baseline,Baseline test,,,1.0,ACWR describes how recent load compares with longer-term load. It does not predict injury.,no,Athlete 24,Forwards,a0024@example.edu
A0024,2026-07-09,700.0,2,full,,,,,,17.0,,baseline too short,3.0,,yes,,2026-07-09,31.9667,,,Baseline,Baseline test,,,0.0,ACWR describes how recent load compares with longer-term load. It does not predict injury.,no,Athlete 24,Forwards,a0024@example.edu
A0024,2026-07-10,60.0,1,full,,,,165.0,3265.0,19.0,,baseline too short,4.0,,yes,,2026-07-09,31.9667,,,Baseline,Baseline test,,,1.0,ACWR describes how recent load compares with longer-term load. It does not predict injury.,no,Athlete 24,Forwards,a0024@example.edu
A0024,2026-07-11,0.0,0,full,,,,0.0,0.0,20.0,,baseline too short,5.0,,yes,,2026-07-09,31.9667,,,Baseline,Baseline test,,,2.0,ACWR describes how recent load compares with longer-term load. It does not predict injury.,no,Athlete 24,Forwards,a0024@example.edu
A0024,2026-07-12,0.0,0,full,304.2857,,,0.0,0.0,,,no form,,,not expected,,2026-07-09,31.9667,,,Baseline,Baseline test,,,3.0,ACWR describes how recent load compares with longer-term load. It does not predict injury.,no,Athlete 24,Forwards,a0024@example.edu
A0024,2026-07-13,510.0,2,full,284.2857,,,396.0,5193.0,19.0,,baseline too short,6.0,,yes,,2026-07-09,31.9667,,,Baseline,Baseline test,,,4.0,ACWR describes how recent load compares with longer-term load. It does not predict injury.,no,Athlete 24,Forwards,a0024@example.edu
A0024,2026-07-14,450.0,1,full,284.2857,,,282.0,5284.0,19.0,,baseline too short,7.0,,yes,,2026-07-14,33.6333,,,Baseline,Baseline test,,,0.0,ACWR describes how recent load compares with longer-term load. It does not predict injury.,no,Athlete 24,Forwards,a0024@example.edu
A0024,2026-07-15,270.0,1,full,284.2857,,,250.0,4596.0,21.0,,baseline too short,8.0,,yes,,2026-07-14,33.6333,,,Baseline,Baseline test,,,1.0,ACWR describes how recent load compares with longer-term load. It does not predict injury.,no,Athlete 24,Forwards,a0024@example.edu
A0024,2026-07-16,600.0,2,full,270.0,,,340.0,5197.0,18.0,,baseline too short,9.0,,yes,,2026-07-14,33.6333,,,Baseline,Baseline test,,,2.0,ACWR describes how recent load compares with longer-term load. It does not predict injury.,no,Athlete 24,Forwards,a0024@example.edu
A0024,2026-07-17,120.0,1,full,278.5714,,,171.0,3236.0,17.0,,baseline too short,10.0,,yes,,2026-07-14,33.6333,,,Baseline,Baseline test,,,3.0,ACWR describes how recent load compares with longer-term load. It does not predict injury.,no,Athlete 24,Forwards,a0024@example.edu
A0024,2026-07-18,0.0,0,full,278.5714,,,0.0,0.0,19.0,,baseline too short,11.0,,yes,,2026-07-14,33.6333,,,Baseline,Baseline test,,,4.0,ACWR describes how recent load compares with longer-term load. It does not predict injury.,no,Athlete 24,Forwards,a0024@example.edu
A0024,2026-07-19,0.0,0,full,278.5714,,,0.0,0.0,,,no form,,,not expected,,2026-07-14,33.6333,,,Baseline,Baseline test,,,5.0,ACWR describes how recent load compares with longer-term load. It does not predict injury.,no,Athlete 24,Forwards,a0024@example.edu
A0024,2026-07-20,840.0,2,full,325.7143,,,510.0,8242.0,21.0,,baseline too short,12.0,,yes,,2026-07-14,33.6333,,,Baseline,Baseline test,,,6.0,ACWR describes how recent load compares with longer-term load. It does not predict injury.,no,Athlete 24,Forwards,a0024@example.edu
A0024,2026-07-21,630.0,1,full,351.4286,,,615.0,8345.0,20.0,,baseline too short,13.0,,yes,,2026-07-21,32.9,,,Baseline,Baseline test,,,0.0,ACWR describes how recent load compares with longer-term load. It does not predict injury.,no,Athlete 24,Forwards,a0024@example.edu
A0024,2026-07-22,630.0,1,full,402.8571,,,467.0,7510.0,20.0,0.7687,ok,14.0,1.0,yes,,2026-07-21,32.9,,,Baseline,Baseline test,,,1.0,ACWR describes how recent load compares with longer-term load. It does not predict injury.,no,Athlete 24,Forwards,a0024@example.edu
A0024,2026-07-23,880.0,2,full,442.8571,,,616.0,7538.0,18.0,-0.8334,ok,15.0,-1.0667,yes,,2026-07-21,32.9,,,Baseline,Baseline test,,,2.0,ACWR describes how recent load compares with longer-term load. It does not predict injury.,no,Athlete 24,Forwards,a0024@example.edu
A0024,2026-07-24,300.0,1,full,468.5714,,,323.0,5392.0,21.0,1.5811,ok,16.0,2.0,yes,,2026-07-21,32.9,,,Baseline,Baseline test,,,3.0,ACWR describes how recent load compares with longer-term load. It does not predict injury.,no,Athlete 24,Forwards,a0024@example.edu
A0024,2026-07-25,0.0,0,full,468.5714,,,0.0,0.0,19.0,-0.0893,ok,17.0,-0.1176,yes,,2026-07-21,32.9,,,Baseline,Baseline test,,,4.0,ACWR describes how recent load compares with longer-term load. It does not predict injury.,no,Athlete 24,Forwards,a0024@example.edu
A0024,2026-07-26,0.0,0,full,468.5714,,,0.0,0.0,,,no form,,,not expected,,2026-07-21,32.9,,,Baseline,Baseline test,,,5.0,ACWR describes how recent load compares with longer-term load. It does not predict injury.,no,Athlete 24,Forwards,a0024@example.edu
A0024,2026-07-27,520.0,2,full,422.8571,,,364.0,5943.0,18.0,-0.8692,ok,18.0,-1.1111,yes,,2026-07-21,32.9,,,Baseline,Baseline test,,,6.0,ACWR describes how recent load compares with longer-term load. It does not predict injury.,no,Athlete 24,Forwards,a0024@example.edu
A0024,2026-07-28,630.0,1,full,422.8571,,,381.0,5521.0,21.0,1.5356,ok,19.0,1.9474,yes,,2026-07-28,33.2667,,,Baseline,Baseline test,,,0.0,ACWR describes how recent load compares with longer-term load. It does not predict injury.,no,Athlete 24,Forwards,a0024@example.edu
A0024,2026-07-29,540.0,1,full,410.0,,,387.0,5926.0,19.0,-0.1146,ok,20.0,-0.15,yes,,2026-07-28,33.2667,,,Baseline,Baseline test,,,1.0,ACWR describes how recent load compares with longer-term load. It does not predict injury.,no,Athlete 24,Forwards,a0024@example.edu
A0024,2026-07-30,610.0,2,full,371.4286,,,384.0,6618.0,,,no form,,,no,,2026-07-28,33.2667,,,Baseline,Baseline test,,,2.0,ACWR describes how recent load compares with longer-term load. It does not predict injury.,no,Athlete 24,Forwards,a0024@example.edu
A0024,2026-07-31,180.0,1,full,354.2857,,,240.0,4596.0,19.0,-0.1119,ok,21.0,-0.1429,yes,,2026-07-28,33.2667,,,Baseline,Baseline test,,,3.0,ACWR describes how recent load compares with longer-term load. It does not predict injury.,no,Athlete 24,Forwards,a0024@example.edu
A0024,2026-08-01,0.0,0,full,354.2857,,,0.0,0.0,20.0,0.6933,ok,22.0,0.8636,yes,,2026-07-28,33.2667,,,Baseline,Baseline test,,,4.0,ACWR describes how recent load compares with longer-term load. It does not predict injury.,no,Athlete 24,Forwards,a0024@example.edu
A0024,2026-08-02,0.0,0,full,354.2857,351.4286,1.0081,0.0,0.0,,,no form,,,not expected,,2026-07-28,33.2667,,,Baseline,Baseline test,,,5.0,ACWR describes how recent load compares with longer-term load. It does not predict injury.,no,Athlete 24,Forwards,a0024@example.edu
A0024,2026-08-03,740.0,2,full,385.7143,354.6429,1.0876,399.0,6450.0,16.0,-2.5796,ok,23.0,-3.1739,yes,review,2026-07-28,33.2667,,,Baseline,Baseline test,,,6.0,ACWR describes how recent load compares with longer-term load. It does not predict injury.,no,Athlete 24,Forwards,a0024@example.edu
A0024,2026-08-04,450.0,1,full,360.0,354.6429,1.0151,369.0,6315.0,20.0,0.6622,ok,23.0,0.913,yes,,2026-08-04,33.3,0.38,1.6333,No flag,Within measurement error,0.2327,-0.2327,0.0,ACWR describes how recent load compares with longer-term load. It does not predict injury.,no,Athlete 24,Forwards,a0024@example.edu
A0024,2026-08-05,450.0,1,full,347.1429,361.0714,0.9614,373.0,6587.0,18.0,-0.8567,ok,23.0,-1.1739,yes,,2026-08-04,33.3,0.38,1.6333,No flag,Within measurement error,0.2327,-0.2327,1.0,ACWR describes how recent load compares with longer-term load. It does not predict injury.,no,Athlete 24,Forwards,a0024@example.edu
A0024,2026-08-06,650.0,2,full,352.8571,359.2857,0.9821,447.0,6411.0,19.0,-0.0631,ok,23.0,-0.087,yes,,2026-08-04,33.3,0.38,1.6333,No flag,Within measurement error,0.2327,-0.2327,2.0,ACWR describes how recent load compares with longer-term load. It does not predict injury.,no,Athlete 24,Forwards,a0024@example.edu
A0024,2026-08-07,180.0,1,full,352.8571,363.5714,0.9705,266.0,3786.0,17.0,-1.6695,ok,23.0,-2.1739,yes,,2026-08-04,33.3,0.38,1.6333,No flag,Within measurement error,0.2327,-0.2327,3.0,ACWR describes how recent load compares with longer-term load. It does not predict injury.,no,Athlete 24,Forwards,a0024@example.edu
A0024,2026-08-08,0.0,0,full,352.8571,363.5714,0.9705,0.0,0.0,19.0,-0.0631,ok,23.0,-0.087,yes,,2026-08-04,33.3,0.38,1.6333,No flag,Within measurement error,0.2327,-0.2327,4.0,ACWR describes how recent load compares with longer-term load. It does not predict injury.,no,Athlete 24,Forwards,a0024@example.edu
A0024,2026-08-09,0.0,0,full,352.8571,363.5714,0.9705,0.0,0.0,,,no form,,,not expected,,2026-08-04,33.3,0.38,1.6333,No flag,Within measurement error,0.2327,-0.2327,5.0,ACWR describes how recent load compares with longer-term load. It does not predict injury.,no,Athlete 24,Forwards,a0024@example.edu
A0024,2026-08-10,750.0,2,full,354.2857,372.1429,0.952,370.0,6127.0,18.0,-0.7648,ok,23.0,-1.0435,yes,,2026-08-04,33.3,0.38,1.6333,No flag,Within measurement error,0.2327,-0.2327,6.0,ACWR describes how recent load compares with longer-term load. It does not predict injury.,no,Athlete 24,Forwards,a0024@example.edu
A0024,2026-08-11,630.0,1,full,380.0,378.5714,1.0038,409.0,6471.0,20.0,0.7237,ok,23.0,1.0,yes,,2026-08-11,32.8,-0.12,1.6333,No flag,Within measurement error,-0.0735,0.0735,0.0,ACWR describes how recent load compares with longer-term load. It does not predict injury.,no,Athlete 24,Forwards,a0024@example.edu
A0024,2026-08-12,360.0,1,full,367.1429,381.7857,0.9616,366.0,5711.0,20.0,0.6845,ok,23.0,0.9565,yes,,2026-08-11,32.8,-0.12,1.6333,No flag,Within measurement error,-0.0735,0.0735,1.0,ACWR describes how recent load compares with longer-term load. It does not predict injury.,no,Athlete 24,Forwards,a0024@example.edu
A0024,2026-08-13,650.0,2,full,367.1429,383.5714,0.9572,332.0,5525.0,18.0,-0.7416,ok,23.0,-1.0,yes,,2026-08-11,32.8,-0.12,1.6333,No flag,Within measurement error,-0.0735,0.0735,2.0,ACWR describes how recent load compares with longer-term load. It does not predict injury.,no,Athlete 24,Forwards,a0024@example.edu
A0024,2026-08-14,120.0,1,full,358.5714,383.5714,0.9348,261.0,3815.0,20.0,0.7416,ok,23.0,1.0,yes,,2026-08-11,32.8,-0.12,1.6333,No flag,Within measurement error,-0.0735,0.0735,3.0,ACWR describes how recent load compares with longer-term load. It does not predict injury.,no,Athlete 24,Forwards,a0024@example.edu
A0024,2026-08-15,0.0,0,full,358.5714,383.5714,0.9348,0.0,0.0,,,no form,,,no,,2026-08-11,32.8,-0.12,1.6333,No flag,Within measurement error,-0.0735,0.0735,4.0,ACWR describes how recent load compares with longer-term load. It does not predict injury.,no,Athlete 24,Forwards,a0024@example.edu
A0024,2026-08-16,0.0,0,full,358.5714,383.5714,0.9348,0.0,0.0,,,no form,,,not expected,,2026-08-11,32.8,-0.12,1.6333,No flag,Within measurement error,-0.0735,0.0735,5.0,ACWR describes how recent load compares with longer-term load. It does not predict injury.,no,Athlete 24,Forwards,a0024@example.edu
A0024,2026-08-17,700.0,2,full,351.4286,378.5714,0.9283,302.0,5882.0,19.0,-0.1033,ok,22.0,-0.1364,yes,,2026-08-11,32.8,-0.12,1.6333,No flag,Within measurement error,-0.0735,0.0735,6.0,ACWR describes how recent load compares with longer-term load. It does not predict injury.,no,Athlete 24,Forwards,a0024@example.edu
A0024,2026-08-18,450.0,1,full,325.7143,372.1429,0.8752,299.0,5250.0,19.0,-0.0363,ok,22.0,-0.0455,yes,,2026-08-18,32.3667,-0.5533,1.6333,No flag,Within measurement error,-0.3388,0.3388,0.0,ACWR describes how recent load compares with longer-term load. It does not predict injury.,no,Athlete 24,Forwards,a0024@example.edu
A0024,2026-08-19,450.0,1,full,338.5714,365.7143,0.9258,344.0,5485.0,21.0,1.6202,ok,22.0,2.0,yes,,2026-08-18,32.3667,-0.5533,1.6333,No flag,Within measurement error,-0.3388,0.3388,1.0,ACWR describes how recent load compares with longer-term load. It does not predict injury.,no,Athlete 24,Forwards,a0024@example.edu
A0024,2026-08-20,700.0,2,full,345.7143,359.2857,0.9622,287.0,6404.0,19.0,-0.0352,ok,22.0,-0.0455,yes,,2026-08-18,32.3667,-0.5533,1.6333,No flag,Within measurement error,-0.3388,0.3388,2.0,ACWR describes how recent load compares with longer-term load. It does not predict injury.,no,Athlete 24,Forwards,a0024@example.edu
A0024,2026-08-21,120.0,1,full,345.7143,352.8571,0.9798,226.0,4216.0,18.0,-0.8597,ok,22.0,-1.0909,yes,,2026-08-18,32.3667,-0.5533,1.6333,No flag,Within measurement error,-0.3388,0.3388,3.0,ACWR describes how recent load compares with longer-term load. It does not predict injury.,no,Athlete 24,Forwards,a0024@example.edu
A0024,2026-08-22,413.0,1,full,404.7143,367.6071,1.1009,633.0,6548.0,20.0,0.8611,ok,22.0,1.0455,yes,,2026-08-18,32.3667,-0.5533,1.6333,No flag,Within measurement error,-0.3388,0.3388,4.0,ACWR describes how recent load compares with longer-term load. It does not predict injury.,no,Athlete 24,Forwards,a0024@example.edu
A0024,2026-08-23,0.0,0,full,404.7143,367.6071,1.1009,0.0,0.0,,,no form,,,not expected,,2026-08-18,32.3667,-0.5533,1.6333,No flag,Within measurement error,-0.3388,0.3388,5.0,ACWR describes how recent load compares with longer-term load. It does not predict injury.,no,Athlete 24,Forwards,a0024@example.edu
A0024,2026-08-24,510.0,2,full,377.5714,367.25,1.0281,392.0,6357.0,19.0,0.0,ok,22.0,0.0,yes,,2026-08-18,32.3667,-0.5533,1.6333,No flag,Within measurement error,-0.3388,0.3388,6.0,ACWR describes how recent load compares with longer-term load. It does not predict injury.,no,Athlete 24,Forwards,a0024@example.edu
A0024,2026-08-25,540.0,1,full,390.4286,364.0357,1.0725,407.0,6419.0,,,no form,,,no,,2026-08-25,33.2,0.28,1.6333,No flag,Within measurement error,0.1714,-0.1714,0.0,ACWR describes how recent load compares with longer-term load. It does not predict injury.,no,Athlete 24,Forwards,a0024@example.edu
A0024,2026-08-26,540.0,1,full,403.2857,364.0357,1.1078,407.0,6545.0,18.0,-0.8204,ok,21.0,-0.9524,yes,,2026-08-25,33.2,0.28,1.6333,No flag,Within measurement error,0.1714,-0.1714,1.0,ACWR describes how recent load compares with longer-term load. It does not predict injury.,no,Athlete 24,Forwards,a0024@example.edu
A0024,2026-08-27,600.0,2,full,389.0,363.6786,1.0696,301.0,5787.0,19.0,0.0808,ok,21.0,0.0952,yes,,2026-08-25,33.2,0.28,1.6333,No flag,Within measurement error,0.1714,-0.1714,2.0,ACWR describes how recent load compares with longer-term load. It does not predict injury.,no,Athlete 24,Forwards,a0024@example.edu
A0024,2026-08-28,180.0,1,full,397.5714,363.6786,1.0932,269.0,4143.0,21.0,1.8167,ok,22.0,2.0909,yes,,2026-08-25,33.2,0.28,1.6333,No flag,Within measurement error,0.1714,-0.1714,3.0,ACWR describes how recent load compares with longer-term load. It does not predict injury.,no,Athlete 24,Forwards,a0024@example.edu
A0024,2026-08-29,498.0,1,full,409.7143,381.4643,1.0741,909.0,9871.0,17.0,-1.6202,ok,22.0,-2.0,yes,,2026-08-25,33.2,0.28,1.6333,No flag,Within measurement error,0.1714,-0.1714,4.0,ACWR describes how recent load compares with longer-term load. It does not predict injury.,no,Athlete 24,Forwards,a0024@example.edu
A0024,2026-08-30,0.0,0,full,409.7143,381.4643,1.0741,0.0,0.0,,,no form,,,not expected,,2026-08-25,33.2,0.28,1.6333,No flag,Within measurement error,0.1714,-0.1714,5.0,ACWR describes how recent load compares with longer-term load. It does not predict injury.,no,Athlete 24,Forwards,a0024@example.edu
A0024,2026-08-31,510.0,2,full,409.7143,373.25,1.0977,,,18.0,-0.6729,ok,22.0,-0.8636,yes,,2026-08-25,33.2,0.28,1.6333,No flag,Within measurement error,0.1714,-0.1714,6.0,ACWR describes how recent load compares with longer-term load. It does not predict injury.,no,Athlete 24,Forwards,a0024@example.edu
A0024,2026-09-01,540.0,1,full,409.7143,376.4643,1.0883,373.0,6156.0,20.0,0.9228,ok,22.0,1.0455,yes,,2026-09-01,32.7,-0.22,1.6333,No flag,Within measurement error,-0.1347,0.1347,0.0,ACWR describes how recent load compares with longer-term load. It does not predict injury.,no,Athlete 24,Forwards,a0024@example.edu
A0024,2026-09-02,360.0,1,full,384.0,373.25,1.0288,336.0,5711.0,18.0,-0.8425,ok,22.0,-0.9545,yes,,2026-09-01,32.7,-0.22,1.6333,No flag,Within measurement error,-0.1347,0.1347,1.0,ACWR describes how recent load compares with longer-term load. It does not predict injury.,no,Athlete 24,Forwards,a0024@example.edu
A0024,2026-09-03,520.0,2,full,372.5714,368.6071,1.0108,352.0,5685.0,19.0,0.0401,ok,22.0,0.0455,yes,,2026-09-01,32.7,-0.22,1.6333,No flag,Within measurement error,-0.1347,0.1347,2.0,ACWR describes how recent load compares with longer-term load. It does not predict injury.,no,Athlete 24,Forwards,a0024@example.edu
A0024,2026-09-04,300.0,1,full,389.7143,372.8929,1.0451,257.0,3938.0,20.0,0.9228,ok,22.0,1.0455,yes,,2026-09-01,32.7,-0.22,1.6333,No flag,Within measurement error,-0.1347,0.1347,3.0,ACWR describes how recent load compares with longer-term load. It does not predict injury.,no,Athlete 24,Forwards,a0024@example.edu
A0024,2026-09-05,630.0,1,full,408.5714,395.3929,1.0333,719.0,8960.0,17.0,-1.9633,ok,22.0,-2.0909,yes,,2026-09-01,32.7,-0.22,1.6333,No flag,Within measurement error,-0.1347,0.1347,4.0,ACWR describes how recent load compares with longer-term load. It does not predict injury.,no,Athlete 24,Forwards,a0024@example.edu
A0024,2026-09-06,0.0,0,full,408.5714,395.3929,1.0333,0.0,0.0,,,no form,,,not expected,,2026-09-01,32.7,-0.22,1.6333,No flag,Within measurement error,-0.1347,0.1347,5.0,ACWR describes how recent load compares with longer-term load. It does not predict injury.,yes,Athlete 24,Forwards,a0024@example.edu
A0024,2026-09-07,700.0,2,full,435.7143,393.6071,1.107,248.0,5347.0,19.0,0.0,ok,22.0,0.0,yes,,2026-09-01,32.7,-0.22,1.6333,No flag,Within measurement error,-0.1347,0.1347,6.0,ACWR describes how recent load compares with longer-term load. It does not predict injury.,yes,Athlete 24,Forwards,a0024@example.edu
A0024,2026-09-08,450.0,1,full,422.8571,387.1786,1.0922,336.0,5927.0,23.0,3.4905,ok,22.0,3.9545,yes,,2026-09-08,31.8667,-1.0533,1.6333,No flag,Within measurement error,-0.6449,0.6449,0.0,ACWR describes how recent load compares with longer-term load. It does not predict injury.,yes,Athlete 24,Forwards,a0024@example.edu
A0024,2026-09-09,450.0,1,full,435.7143,390.3929,1.1161,362.0,5990.0,18.0,-0.843,ok,22.0,-1.1818,yes,,2026-09-08,31.8667,-1.0533,1.6333,No flag,Within measurement error,-0.6449,0.6449,1.0,ACWR describes how recent load compares with longer-term load. It does not predict injury.,yes,Athlete 24,Forwards,a0024@example.edu
A0024,2026-09-10,510.0,2,full,434.2857,385.3929,1.1269,340.0,5707.0,20.0,0.6442,ok,22.0,0.9091,yes,,2026-09-08,31.8667,-1.0533,1.6333,No flag,Within measurement error,-0.6449,0.6449,2.0,ACWR describes how recent load compares with longer-term load. It does not predict injury.,yes,Athlete 24,Forwards,a0024@example.edu
A0024,2026-09-11,180.0,1,full,417.1429,387.5357,1.0764,211.0,4251.0,19.0,-0.1297,ok,22.0,-0.1818,yes,,2026-09-08,31.8667,-1.0533,1.6333,No flag,Within measurement error,-0.6449,0.6449,3.0,ACWR describes how recent load compares with longer-term load. It does not predict injury.,yes,Athlete 24,Forwards,a0024@example.edu
A0024,2026-09-12,456.0,1,full,392.2857,403.8214,0.9714,769.0,9449.0,20.0,0.6212,ok,22.0,0.8636,yes,,2026-09-08,31.8667,-1.0533,1.6333,No flag,Within measurement error,-0.6449,0.6449,4.0,ACWR describes how recent load compares with longer-term load. It does not predict injury.,yes,Athlete 24,Forwards,a0024@example.edu
A0024,2026-09-13,0.0,0,full,392.2857,403.8214,0.9714,0.0,0.0,,,no form,,,not expected,,2026-09-08,31.8667,-1.0533,1.6333,No flag,Within measurement error,-0.6449,0.6449,5.0,ACWR describes how recent load compares with longer-term load. It does not predict injury.,yes,Athlete 24,Forwards,a0024@example.edu
A0024,2026-09-14,650.0,2,full,385.1429,402.0357,0.958,381.0,5992.0,16.0,-2.3164,ok,23.0,-3.1739,yes,review,2026-09-08,31.8667,-1.0533,1.6333,No flag,Within measurement error,-0.6449,0.6449,6.0,ACWR describes how recent load compares with longer-term load. It does not predict injury.,yes,Athlete 24,Forwards,a0024@example.edu
A0024,2026-09-15,540.0,1,full,398.0,405.25,0.9821,394.0,6062.0,17.0,-1.3427,ok,23.0,-2.0435,yes,,2026-09-15,33.4,0.48,1.6333,No flag,Within measurement error,0.2939,-0.2939,0.0,ACWR describes how recent load compares with longer-term load. It does not predict injury.,yes,Athlete 24,Forwards,a0024@example.edu
A0024,2026-09-16,450.0,1,full,398.0,405.25,0.9821,371.0,5616.0,20.0,0.6602,ok,23.0,1.0435,yes,,2026-09-15,33.4,0.48,1.6333,No flag,Within measurement error,0.2939,-0.2939,1.0,ACWR describes how recent load compares with longer-term load. It does not predict injury.,yes,Athlete 24,Forwards,a0024@example.edu
A0024,2026-09-17,520.0,2,full,399.4286,398.8214,1.0015,371.0,6173.0,18.0,-0.5949,ok,23.0,-0.913,yes,,2026-09-15,33.4,0.48,1.6333,No flag,Within measurement error,0.2939,-0.2939,2.0,ACWR describes how recent load compares with longer-term load. It does not predict injury.,yes,Athlete 24,Forwards,a0024@example.edu
A0024,2026-09-18,180.0,1,full,399.4286,400.9643,0.9962,235.0,4072.0,20.0,0.731,ok,23.0,1.1304,yes,,2026-09-15,33.4,0.48,1.6333,No flag,Within measurement error,0.2939,-0.2939,3.0,ACWR describes how recent load compares with longer-term load. It does not predict injury.,yes,Athlete 24,Forwards,a0024@example.edu
A0024,2026-09-19,760.0,1,full,442.8571,413.3571,1.0714,1043.0,10638.0,21.0,1.3171,ok,23.0,2.0435,yes,,2026-09-15,33.4,0.48,1.6333,No flag,Within measurement error,0.2939,-0.2939,4.0,ACWR describes how recent load compares with longer-term load. It does not predict injury.,yes,Athlete 24,Forwards,a0024@example.edu
A0024,2026-09-20,0.0,0,full,442.8571,413.3571,1.0714,0.0,0.0,,,no form,,,not expected,,2026-09-15,33.4,0.48,1.6333,No flag,Within measurement error,0.2939,-0.2939,5.0,ACWR describes how recent load compares with longer-term load. It does not predict injury.,yes,Athlete 24,Forwards,a0024@example.edu
A0024,2026-09-21,700.0,2,full,450.0,420.1429,1.0711,413.0,6107.0,17.0,-1.2536,ok,23.0,-2.0,yes,,2026-09-15,33.4,0.48,1.6333,No flag,Within measurement error,0.2939,-0.2939,6.0,ACWR describes how recent load compares with longer-term load. It does not predict injury.,yes,Athlete 24,Forwards,a0024@example.edu
A0024,2026-09-22,540.0,1,full,450.0,420.1429,1.0711,379.0,5761.0,18.0,-0.5537,ok,23.0,-0.913,yes,,2026-09-22,31.9667,-0.9533,1.6333,No flag,Within measurement error,-0.5837,0.5837,0.0,ACWR describes how recent load compares with longer-term load. It does not predict injury.,yes,Athlete 24,Forwards,a0024@example.edu
A0024,2026-09-23,450.0,1,full,450.0,416.9286,1.0793,352.0,6208.0,23.0,2.5408,ok,24.0,4.125,yes,,2026-09-22,31.9667,-0.9533,1.6333,No flag,Within measurement error,-0.5837,0.5837,1.0,ACWR describes how recent load compares with longer-term load. It does not predict injury.,yes,Athlete 24,Forwards,a0024@example.edu
A0024,2026-09-24,700.0,2,full,475.7143,420.5,1.1313,394.0,6307.0,20.0,0.5048,ok,24.0,0.9167,yes,,2026-09-22,31.9667,-0.9533,1.6333,No flag,Within measurement error,-0.5837,0.5837,2.0,ACWR describes how recent load compares with longer-term load. It does not predict injury.,yes,Athlete 24,Forwards,a0024@example.edu
A0024,2026-09-25,240.0,1,full,484.2857,422.6429,1.1459,255.0,3806.0,,,no form,,,no,,2026-09-22,31.9667,-0.9533,1.6333,No flag,Within measurement error,-0.5837,0.5837,3.0,ACWR describes how recent load compares with longer-term load. It does not predict injury.,yes,Athlete 24,Forwards,a0024@example.edu
A0024,2026-09-26,414.0,1,full,434.8571,419.6429,1.0363,461.0,5410.0,19.0,-0.0239,ok,23.0,-0.0435,yes,,2026-09-22,31.9667,-0.9533,1.6333,No flag,Within measurement error,-0.5837,0.5837,4.0,ACWR describes how recent load compares with longer-term load. It does not predict injury.,yes,Athlete 24,Forwards,a0024@example.edu
A0024,2026-09-27,0.0,0,full,434.8571,419.6429,1.0363,0.0,0.0,,,no form,,,not expected,,2026-09-22,31.9667,-0.9533,1.6333,No flag,Within measurement error,-0.5837,0.5837,5.0,ACWR describes how recent load compares with longer-term load. It does not predict injury.,yes,Athlete 24,Forwards,a0024@example.edu
A0024,2026-09-28,790.0,2,full,447.7143,429.6429,1.0421,344.0,5967.0,16.0,-1.7727,ok,23.0,-3.1304,yes,,2026-09-22,31.9667,-0.9533,1.6333,No flag,Within measurement error,-0.5837,0.5837,6.0,ACWR describes how recent load compares with longer-term load. It does not predict injury.,yes,Athlete 24,Forwards,a0024@example.edu
A0024,2026-09-29,540.0,1,full,447.7143,429.6429,1.0421,430.0,5625.0,19.0,-0.0232,ok,23.0,-0.0435,yes,,2026-09-29,32.6,-0.32,1.6333,No flag,Within measurement error,-0.1959,0.1959,0.0,ACWR describes how recent load compares with longer-term load. It does not predict injury.,yes,Athlete 24,Forwards,a0024@example.edu
A0024,2026-09-30,225.0,1,modified,415.5714,424.8214,0.9782,187.0,2688.0,19.0,0.0,ok,23.0,0.0,yes,,2026-09-29,32.6,-0.32,1.6333,No flag,Within measurement error,-0.1959,0.1959,1.0,ACWR describes how recent load compares with longer-term load. It does not predict injury.,yes,Athlete 24,Forwards,a0024@example.edu
A0024,2026-10-01,560.0,2,full,395.5714,426.25,0.928,242.0,5771.0,20.0,0.5182,ok,23.0,0.9565,yes,,2026-09-29,32.6,-0.32,1.6333,No flag,Within measurement error,-0.1959,0.1959,2.0,ACWR describes how recent load compares with longer-term load. It does not predict injury.,yes,Athlete 24,Forwards,a0024@example.edu
A0024,2026-10-02,240.0,1,full,395.5714,424.1071,0.9327,232.0,3888.0,18.0,-0.5855,ok,23.0,-1.087,yes,,2026-09-29,32.6,-0.32,1.6333,No flag,Within measurement error,-0.1959,0.1959,3.0,ACWR describes how recent load compares with longer-term load. It does not predict injury.,yes,Athlete 24,Forwards,a0024@example.edu
A0024,2026-10-03,0.0,0,modified,336.4286,401.6071,0.8377,0.0,0.0,20.0,0.538,ok,23.0,1.0,yes,,2026-09-29,32.6,-0.32,1.6333,No flag,Within measurement error,-0.1959,0.1959,4.0,ACWR describes how recent load compares with longer-term load. It does not predict injury.,yes,Athlete 24,Forwards,a0024@example.edu
A0025,2026-07-06,280.0,2,full,,,,227.0,4381.0,21.0,,baseline too short,0.0,,yes,,,,,,,,,,,ACWR describes how recent load compares with longer-term load. It does not predict injury.,no,Athlete 25,Forwards,a0025@example.edu
A0025,2026-07-07,540.0,1,full,,,,218.0,4128.0,17.0,,baseline too short,1.0,,yes,,2026-07-07,42.8,,,Baseline,Baseline test,,,0.0,ACWR describes how recent load compares with longer-term load. It does not predict injury.,no,Athlete 25,Forwards,a0025@example.edu
A0025,2026-07-08,450.0,1,full,,,,224.0,4694.0,17.0,,baseline too short,2.0,,yes,,2026-07-07,42.8,,,Baseline,Baseline test,,,1.0,ACWR describes how recent load compares with longer-term load. It does not predict injury.,no,Athlete 25,Forwards,a0025@example.edu
A0025,2026-07-09,460.0,2,full,,,,233.0,4308.0,18.0,,baseline too short,3.0,,yes,,2026-07-09,42.7667,,,Baseline,Baseline test,,,0.0,ACWR describes how recent load compares with longer-term load. It does not predict injury.,no,Athlete 25,Forwards,a0025@example.edu
A0025,2026-07-10,240.0,1,full,,,,179.0,3102.0,18.0,,baseline too short,4.0,,yes,,2026-07-09,42.7667,,,Baseline,Baseline test,,,1.0,ACWR describes how recent load compares with longer-term load. It does not predict injury.,no,Athlete 25,Forwards,a0025@example.edu
A0025,2026-07-11,0.0,0,full,,,,0.0,0.0,18.0,,baseline too short,5.0,,yes,,2026-07-09,42.7667,,,Baseline,Baseline test,,,2.0,ACWR describes how recent load compares with longer-term load. It does not predict injury.,no,Athlete 25,Forwards,a0025@example.edu
A0025,2026-07-12,0.0,0,full,281.4286,,,0.0,0.0,,,no form,,,not expected,,2026-07-09,42.7667,,,Baseline,Baseline test,,,3.0,ACWR describes how recent load compares with longer-term load. It does not predict injury.,no,Athlete 25,Forwards,a0025@example.edu
A0025,2026-07-13,470.0,2,full,308.5714,,,253.0,4572.0,21.0,,baseline too short,6.0,,yes,,2026-07-09,42.7667,,,Baseline,Baseline test,,,4.0,ACWR describes how recent load compares with longer-term load. It does not predict injury.,no,Athlete 25,Forwards,a0025@example.edu
A0025,2026-07-14,450.0,1,full,295.7143,,,352.0,5196.0,15.0,,baseline too short,7.0,,yes,,2026-07-14,42.8333,,,Baseline,Baseline test,,,0.0,ACWR describes how recent load compares with longer-term load. It does not predict injury.,no,Athlete 25,Forwards,a0025@example.edu
A0025,2026-07-15,270.0,1,full,270.0,,,290.0,4882.0,18.0,,baseline too short,8.0,,yes,,2026-07-14,42.8333,,,Baseline,Baseline test,,,1.0,ACWR describes how recent load compares with longer-term load. It does not predict injury.,no,Athlete 25,Forwards,a0025@example.edu
A0025,2026-07-16,550.0,2,full,282.8571,,,269.0,4918.0,16.0,,baseline too short,9.0,,yes,,2026-07-14,42.8333,,,Baseline,Baseline test,,,2.0,ACWR describes how recent load compares with longer-term load. It does not predict injury.,no,Athlete 25,Forwards,a0025@example.edu
A0025,2026-07-17,120.0,1,full,265.7143,,,155.0,2962.0,18.0,,baseline too short,10.0,,yes,,2026-07-14,42.8333,,,Baseline,Baseline test,,,3.0,ACWR describes how recent load compares with longer-term load. It does not predict injury.,no,Athlete 25,Forwards,a0025@example.edu
A0025,2026-07-18,0.0,0,full,265.7143,,,0.0,0.0,20.0,,baseline too short,11.0,,yes,,2026-07-14,42.8333,,,Baseline,Baseline test,,,4.0,ACWR describes how recent load compares with longer-term load. It does not predict injury.,no,Athlete 25,Forwards,a0025@example.edu
A0025,2026-07-19,0.0,0,full,265.7143,,,0.0,0.0,,,no form,,,not expected,,2026-07-14,42.8333,,,Baseline,Baseline test,,,5.0,ACWR describes how recent load compares with longer-term load. It does not predict injury.,no,Athlete 25,Forwards,a0025@example.edu
A0025,2026-07-20,790.0,2,full,311.4286,,,365.0,7326.0,19.0,,baseline too short,12.0,,yes,,2026-07-14,42.8333,,,Baseline,Baseline test,,,6.0,ACWR describes how recent load compares with longer-term load. It does not predict injury.,no,Athlete 25,Forwards,a0025@example.edu
A0025,2026-07-21,630.0,1,full,337.1429,,,527.0,7632.0,17.0,,baseline too short,13.0,,yes,,2026-07-21,42.8333,,,Baseline,Baseline test,,,0.0,ACWR describes how recent load compares with longer-term load. It does not predict injury.,no,Athlete 25,Forwards,a0025@example.edu
A0025,2026-07-22,450.0,1,full,362.8571,,,451.0,7488.0,18.0,-0.0413,ok,14.0,-0.0714,yes,,2026-07-21,42.8333,,,Baseline,Baseline test,,,1.0,ACWR describes how recent load compares with longer-term load. It does not predict injury.,no,Athlete 25,Forwards,a0025@example.edu
A0025,2026-07-23,840.0,2,full,404.2857,,,481.0,8008.0,19.0,0.5597,ok,15.0,0.9333,yes,,2026-07-21,42.8333,,,Baseline,Baseline test,,,2.0,ACWR describes how recent load compares with longer-term load. It does not predict injury.,no,Athlete 25,Forwards,a0025@example.edu
A0025,2026-07-24,420.0,1,full,447.1429,,,378.0,5083.0,20.0,1.1518,ok,16.0,1.875,yes,,2026-07-21,42.8333,,,Baseline,Baseline test,,,3.0,ACWR describes how recent load compares with longer-term load. It does not predict injury.,no,Athlete 25,Forwards,a0025@example.edu
A0025,2026-07-25,0.0,0,full,447.1429,,,0.0,0.0,,,no form,,,no,,2026-07-21,42.8333,,,Baseline,Baseline test,,,4.0,ACWR describes how recent load compares with longer-term load. It does not predict injury.,no,Athlete 25,Forwards,a0025@example.edu
A0025,2026-07-26,0.0,0,full,447.1429,,,0.0,0.0,,,no form,,,not expected,,2026-07-21,42.8333,,,Baseline,Baseline test,,,5.0,ACWR describes how recent load compares with longer-term load. It does not predict injury.,no,Athlete 25,Forwards,a0025@example.edu
A0025,2026-07-27,790.0,2,full,447.1429,,,367.0,5799.0,17.0,-0.753,ok,17.0,-1.2353,yes,,2026-07-21,42.8333,,,Baseline,Baseline test,,,6.0,ACWR describes how recent load compares with longer-term load. It does not predict injury.,no,Athlete 25,Forwards,a0025@example.edu
A0025,2026-07-28,450.0,1,full,421.4286,,,416.0,6334.0,17.0,-0.7211,ok,18.0,-1.1667,yes,,2026-07-28,42.1667,,,Baseline,Baseline test,,,0.0,ACWR describes how recent load compares with longer-term load. It does not predict injury.,no,Athlete 25,Forwards,a0025@example.edu
A0025,2026-07-29,540.0,1,full,434.2857,,,314.0,6175.0,20.0,1.188,ok,19.0,1.8947,yes,,2026-07-28,42.1667,,,Baseline,Baseline test,,,1.0,ACWR describes how recent load compares with longer-term load. It does not predict injury.,no,Athlete 25,Forwards,a0025@example.edu
A0025,2026-07-30,790.0,2,full,427.1429,,,408.0,7038.0,18.0,-0.1243,ok,20.0,-0.2,yes,,2026-07-28,42.1667,,,Baseline,Baseline test,,,2.0,ACWR describes how recent load compares with longer-term load. It does not predict injury.,no,Athlete 25,Forwards,a0025@example.edu
A0025,2026-07-31,120.0,1,full,384.2857,,,243.0,4317.0,18.0,-0.1214,ok,21.0,-0.1905,yes,,2026-07-28,42.1667,,,Baseline,Baseline test,,,3.0,ACWR describes how recent load compares with longer-term load. It does not predict injury.,no,Athlete 25,Forwards,a0025@example.edu
A0025,2026-08-01,0.0,0,full,384.2857,,,0.0,0.0,17.0,-0.7715,ok,22.0,-1.1818,yes,,2026-07-28,42.1667,,,Baseline,Baseline test,,,4.0,ACWR describes how recent load compares with longer-term load. It does not predict injury.,no,Athlete 25,Forwards,a0025@example.edu
A0025,2026-08-02,0.0,0,full,384.2857,344.6429,1.115,0.0,0.0,,,no form,,,not expected,,2026-07-28,42.1667,,,Baseline,Baseline test,,,5.0,ACWR describes how recent load compares with longer-term load. It does not predict injury.,no,Athlete 25,Forwards,a0025@example.edu
A0025,2026-08-03,650.0,2,full,364.2857,357.8571,1.018,405.0,6169.0,19.0,0.5733,ok,23.0,0.8696,yes,,2026-07-28,42.1667,,,Baseline,Baseline test,,,6.0,ACWR describes how recent load compares with longer-term load. It does not predict injury.,no,Athlete 25,Forwards,a0025@example.edu
A0025,2026-08-04,540.0,1,full,377.1429,357.8571,1.0539,371.0,6051.0,17.0,-0.7468,ok,23.0,-1.0435,yes,,2026-08-04,42.0667,-0.6133,1.6333,No flag,Within measurement error,-0.3755,0.3755,0.0,ACWR describes how recent load compares with longer-term load. It does not predict injury.,no,Athlete 25,Forwards,a0025@example.edu
A0025,2026-08-05,540.0,1,full,377.1429,361.0714,1.0445,345.0,6317.0,18.0,-0.0311,ok,23.0,-0.0435,yes,,2026-08-04,42.0667,-0.6133,1.6333,No flag,Within measurement error,-0.3755,0.3755,1.0,ACWR describes how recent load compares with longer-term load. It does not predict injury.,no,Athlete 25,Forwards,a0025@example.edu
A0025,2026-08-06,600.0,2,full,350.0,366.0714,0.9561,359.0,5899.0,18.0,-0.0631,ok,23.0,-0.087,yes,,2026-08-04,42.0667,-0.6133,1.6333,No flag,Within measurement error,-0.3755,0.3755,2.0,ACWR describes how recent load compares with longer-term load. It does not predict injury.,no,Athlete 25,Forwards,a0025@example.edu
A0025,2026-08-07,240.0,1,full,367.1429,366.0714,1.0029,145.0,4393.0,17.0,-0.7883,ok,23.0,-1.087,yes,,2026-08-04,42.0667,-0.6133,1.6333,No flag,Within measurement error,-0.3755,0.3755,3.0,ACWR describes how recent load compares with longer-term load. It does not predict injury.,no,Athlete 25,Forwards,a0025@example.edu
A0025,2026-08-08,0.0,0,full,367.1429,366.0714,1.0029,0.0,0.0,18.0,-0.0311,ok,23.0,-0.0435,yes,,2026-08-04,42.0667,-0.6133,1.6333,No flag,Within measurement error,-0.3755,0.3755,4.0,ACWR describes how recent load compares with longer-term load. It does not predict injury.,no,Athlete 25,Forwards,a0025@example.edu
A0025,2026-08-09,0.0,0,full,367.1429,366.0714,1.0029,0.0,0.0,,,no form,,,not expected,,2026-08-04,42.0667,-0.6133,1.6333,No flag,Within measurement error,-0.3755,0.3755,5.0,ACWR describes how recent load compares with longer-term load. It does not predict injury.,no,Athlete 25,Forwards,a0025@example.edu
A0025,2026-08-10,650.0,2,full,367.1429,372.5,0.9856,318.0,5192.0,19.0,0.6845,ok,23.0,0.9565,yes,,2026-08-04,42.0667,-0.6133,1.6333,No flag,Within measurement error,-0.3755,0.3755,6.0,ACWR describes how recent load compares with longer-term load. It does not predict injury.,no,Athlete 25,Forwards,a0025@example.edu
A0025,2026-08-11,540.0,1,full,367.1429,375.7143,0.9772,334.0,6739.0,,,no form,,,no,,2026-08-11,42.4333,-0.2467,1.6333,No flag,Within measurement error,-0.151,0.151,0.0,ACWR describes how recent load compares with longer-term load. It does not predict injury.,no,Athlete 25,Forwards,a0025@example.edu
A0025,2026-08-12,270.0,1,full,328.5714,375.7143,0.8745,318.0,5520.0,18.0,-0.082,ok,22.0,-0.0909,yes,,2026-08-11,42.4333,-0.2467,1.6333,No flag,Within measurement error,-0.151,0.151,1.0,ACWR describes how recent load compares with longer-term load. It does not predict injury.,no,Athlete 25,Forwards,a0025@example.edu
A0025,2026-08-13,790.0,2,full,355.7143,384.2857,0.9257,377.0,6107.0,19.0,0.8199,ok,22.0,0.9091,yes,,2026-08-11,42.4333,-0.2467,1.6333,No flag,Within measurement error,-0.151,0.151,2.0,ACWR describes how recent load compares with longer-term load. It does not predict injury.,no,Athlete 25,Forwards,a0025@example.edu
A0025,2026-08-14,180.0,1,full,347.1429,386.4286,0.8983,200.0,4124.0,19.0,0.7573,ok,22.0,0.7727,yes,,2026-08-11,42.4333,-0.2467,1.6333,No flag,Within measurement error,-0.151,0.151,3.0,ACWR describes how recent load compares with longer-term load. It does not predict injury.,no,Athlete 25,Forwards,a0025@example.edu
A0025,2026-08-15,0.0,0,full,347.1429,386.4286,0.8983,0.0,0.0,18.0,-0.2643,ok,22.0,-0.2727,yes,,2026-08-11,42.4333,-0.2467,1.6333,No flag,Within measurement error,-0.151,0.151,4.0,ACWR describes how recent load compares with longer-term load. It does not predict injury.,no,Athlete 25,Forwards,a0025@example.edu
A0025,2026-08-16,0.0,0,full,347.1429,386.4286,0.8983,0.0,0.0,,,no form,,,not expected,,2026-08-11,42.4333,-0.2467,1.6333,No flag,Within measurement error,-0.151,0.151,5.0,ACWR describes how recent load compares with longer-term load. It does not predict injury.,no,Athlete 25,Forwards,a0025@example.edu
A0025,2026-08-17,700.0,2,full,354.2857,383.2143,0.9245,292.0,5663.0,20.0,1.8979,ok,22.0,1.8182,yes,,2026-08-11,42.4333,-0.2467,1.6333,No flag,Within measurement error,-0.151,0.151,6.0,ACWR describes how recent load compares with longer-term load. It does not predict injury.,no,Athlete 25,Forwards,a0025@example.edu
A0025,2026-08-18,450.0,1,full,341.4286,376.7857,0.9062,384.0,6211.0,20.0,1.7374,ok,22.0,1.7727,yes,,2026-08-18,44.1,1.42,1.6333,No flag,Within measurement error,0.8694,-0.8694,0.0,ACWR describes how recent load compares with longer-term load. It does not predict injury.,no,Athlete 25,Forwards,a0025@example.edu
A0025,2026-08-19,450.0,1,full,367.1429,376.7857,0.9744,320.0,6080.0,17.0,-1.3004,ok,22.0,-1.3636,yes,,2026-08-18,44.1,1.42,1.6333,No flag,Within measurement error,0.8694,-0.8694,1.0,ACWR describes how recent load compares with longer-term load. It does not predict injury.,no,Athlete 25,Forwards,a0025@example.edu
A0025,2026-08-20,560.0,2,full,334.2857,366.7857,0.9114,314.0,5757.0,18.0,-0.293,ok,22.0,-0.3182,yes,,2026-08-18,44.1,1.42,1.6333,No flag,Within measurement error,0.8694,-0.8694,2.0,ACWR describes how recent load compares with longer-term load. It does not predict injury.,no,Athlete 25,Forwards,a0025@example.edu
A0025,2026-08-21,180.0,1,full,334.2857,358.2143,0.9332,190.0,4036.0,18.0,-0.2532,ok,22.0,-0.2727,yes,,2026-08-18,44.1,1.42,1.6333,No flag,Within measurement error,0.8694,-0.8694,3.0,ACWR describes how recent load compares with longer-term load. It does not predict injury.,no,Athlete 25,Forwards,a0025@example.edu
A0025,2026-08-22,498.0,1,full,405.4286,376.0,1.0783,1228.0,9005.0,16.0,-2.1678,ok,22.0,-2.1818,yes,review,2026-08-18,44.1,1.42,1.6333,No flag,Within measurement error,0.8694,-0.8694,4.0,ACWR describes how recent load compares with longer-term load. It does not predict injury.,no,Athlete 25,Forwards,a0025@example.edu
A0025,2026-08-23,0.0,0,full,405.4286,376.0,1.0783,0.0,0.0,,,no form,,,not expected,,2026-08-18,44.1,1.42,1.6333,No flag,Within measurement error,0.8694,-0.8694,5.0,ACWR describes how recent load compares with longer-term load. It does not predict injury.,no,Athlete 25,Forwards,a0025@example.edu
A0025,2026-08-24,650.0,2,full,398.2857,371.0,1.0735,265.0,5524.0,15.0,-2.8491,ok,23.0,-3.087,yes,review,2026-08-18,44.1,1.42,1.6333,No flag,Within measurement error,0.8694,-0.8694,6.0,ACWR describes how recent load compares with longer-term load. It does not predict injury.,no,Athlete 25,Forwards,a0025@example.edu
A0025,2026-08-25,360.0,1,full,385.4286,367.7857,1.048,276.0,5849.0,17.0,-0.8044,ok,23.0,-1.0,yes,,2026-08-25,42.5,-0.18,1.6333,No flag,Within measurement error,-0.1102,0.1102,0.0,ACWR describes how recent load compares with longer-term load. It does not predict injury.,no,Athlete 25,Forwards,a0025@example.edu
A0025,2026-08-26,540.0,1,full,398.2857,367.7857,1.0829,388.0,5943.0,18.0,0.0,ok,23.0,0.0,yes,,2026-08-25,42.5,-0.18,1.6333,No flag,Within measurement error,-0.1102,0.1102,1.0,ACWR describes how recent load compares with longer-term load. It does not predict injury.,no,Athlete 25,Forwards,a0025@example.edu
A0025,2026-08-27,560.0,2,full,398.2857,359.5714,1.1077,306.0,6928.0,16.0,-1.643,ok,23.0,-1.913,yes,,2026-08-25,42.5,-0.18,1.6333,No flag,Within measurement error,-0.1102,0.1102,2.0,ACWR describes how recent load compares with longer-term load. It does not predict injury.,no,Athlete 25,Forwards,a0025@example.edu
A0025,2026-08-28,120.0,1,full,389.7143,359.5714,1.0838,202.0,3681.0,,,no form,,,no,,2026-08-25,42.5,-0.18,1.6333,No flag,Within measurement error,-0.1102,0.1102,3.0,ACWR describes how recent load compares with longer-term load. It does not predict injury.,no,Athlete 25,Forwards,a0025@example.edu
A0025,2026-08-29,534.0,1,full,394.8571,378.6429,1.0428,1125.0,11189.0,17.0,-0.65,ok,22.0,-0.8182,yes,,2026-08-25,42.5,-0.18,1.6333,No flag,Within measurement error,-0.1102,0.1102,4.0,ACWR describes how recent load compares with longer-term load. It does not predict injury.,no,Athlete 25,Forwards,a0025@example.edu
A0025,2026-08-30,0.0,0,full,394.8571,378.6429,1.0428,0.0,0.0,,,no form,,,not expected,,2026-08-25,42.5,-0.18,1.6333,No flag,Within measurement error,-0.1102,0.1102,5.0,ACWR describes how recent load compares with longer-term load. It does not predict injury.,no,Athlete 25,Forwards,a0025@example.edu
A0025,2026-08-31,650.0,2,full,394.8571,378.6429,1.0428,257.0,5036.0,,,no form,,,no,,2026-08-25,42.5,-0.18,1.6333,No flag,Within measurement error,-0.1102,0.1102,6.0,ACWR describes how recent load compares with longer-term load. It does not predict injury.,no,Athlete 25,Forwards,a0025@example.edu
A0025,2026-09-01,630.0,1,full,433.4286,381.8571,1.1351,328.0,5742.0,19.0,0.9817,ok,21.0,1.2381,yes,,2026-09-01,42.9,0.22,1.6333,No flag,Within measurement error,0.1347,-0.1347,0.0,ACWR describes how recent load compares with longer-term load. It does not predict injury.,no,Athlete 25,Forwards,a0025@example.edu
A0025,2026-09-02,450.0,1,full,420.5714,378.6429,1.1107,382.0,6028.0,18.0,0.1119,ok,21.0,0.1429,yes,,2026-09-01,42.9,0.22,1.6333,No flag,Within measurement error,0.1347,-0.1347,1.0,ACWR describes how recent load compares with longer-term load. It does not predict injury.,no,Athlete 25,Forwards,a0025@example.edu
A0025,2026-09-03,560.0,2,full,420.5714,377.2143,1.1149,297.0,5359.0,18.0,0.1119,ok,21.0,0.1429,yes,,2026-09-01,42.9,0.22,1.6333,No flag,Within measurement error,0.1347,-0.1347,2.0,ACWR describes how recent load compares with longer-term load. It does not predict injury.,no,Athlete 25,Forwards,a0025@example.edu
A0025,2026-09-04,180.0,1,full,429.1429,375.0714,1.1442,272.0,3646.0,20.0,1.6792,ok,21.0,2.1429,yes,,2026-09-01,42.9,0.22,1.6333,No flag,Within measurement error,0.1347,-0.1347,3.0,ACWR describes how recent load compares with longer-term load. It does not predict injury.,no,Athlete 25,Forwards,a0025@example.edu
A0025,2026-09-05,595.0,1,full,437.8571,396.3214,1.1048,733.0,9762.0,20.0,1.4907,ok,21.0,2.0,yes,,2026-09-01,42.9,0.22,1.6333,No flag,Within measurement error,0.1347,-0.1347,4.0,ACWR describes how recent load compares with longer-term load. It does not predict injury.,no,Athlete 25,Forwards,a0025@example.edu
A0025,2026-09-06,0.0,0,full,437.8571,396.3214,1.1048,0.0,0.0,,,no form,,,not expected,,2026-09-01,42.9,0.22,1.6333,No flag,Within measurement error,0.1347,-0.1347,5.0,ACWR describes how recent load compares with longer-term load. It does not predict injury.,yes,Athlete 25,Forwards,a0025@example.edu
A0025,2026-09-07,650.0,2,full,437.8571,396.3214,1.1048,333.0,5364.0,15.0,-2.1939,ok,21.0,-3.0952,yes,review,2026-09-01,42.9,0.22,1.6333,No flag,Within measurement error,0.1347,-0.1347,6.0,ACWR describes how recent load compares with longer-term load. It does not predict injury.,yes,Athlete 25,Forwards,a0025@example.edu
A0025,2026-09-08,225.0,1,modified,380.0,385.0714,0.9868,148.0,2636.0,20.0,1.3552,ok,21.0,2.0952,yes,,2026-09-08,41.3667,-1.3133,1.6333,No flag,Within measurement error,-0.8041,0.8041,0.0,ACWR describes how recent load compares with longer-term load. It does not predict injury.,yes,Athlete 25,Forwards,a0025@example.edu
A0025,2026-09-09,450.0,1,full,380.0,391.5,0.9706,269.0,5514.0,16.0,-1.271,ok,22.0,-2.0,yes,,2026-09-08,41.3667,-1.3133,1.6333,No flag,Within measurement error,-0.8041,0.8041,1.0,ACWR describes how recent load compares with longer-term load. It does not predict injury.,yes,Athlete 25,Forwards,a0025@example.edu
A0025,2026-09-10,560.0,2,full,380.0,383.2857,0.9914,351.0,5795.0,18.0,0.0558,ok,22.0,0.0909,yes,,2026-09-08,41.3667,-1.3133,1.6333,No flag,Within measurement error,-0.8041,0.8041,2.0,ACWR describes how recent load compares with longer-term load. It does not predict injury.,yes,Athlete 25,Forwards,a0025@example.edu
A0025,2026-09-11,240.0,1,full,388.5714,385.4286,1.0082,196.0,3729.0,,,no form,,,no,,2026-09-08,41.3667,-1.3133,1.6333,No flag,Within measurement error,-0.8041,0.8041,3.0,ACWR describes how recent load compares with longer-term load. It does not predict injury.,yes,Athlete 25,Forwards,a0025@example.edu
A0025,2026-09-12,738.0,1,full,409.0,411.7857,0.9932,774.0,10152.0,19.0,0.7297,ok,21.0,1.1905,yes,,2026-09-08,41.3667,-1.3133,1.6333,No flag,Within measurement error,-0.8041,0.8041,4.0,ACWR describes how recent load compares with longer-term load. It does not predict injury.,yes,Athlete 25,Forwards,a0025@example.edu
A0025,2026-09-13,0.0,0,full,409.0,411.7857,0.9932,0.0,0.0,,,no form,,,not expected,,2026-09-08,41.3667,-1.3133,1.6333,No flag,Within measurement error,-0.8041,0.8041,5.0,ACWR describes how recent load compares with longer-term load. It does not predict injury.,yes,Athlete 25,Forwards,a0025@example.edu
A0025,2026-09-14,750.0,2,full,423.2857,413.5714,1.0235,356.0,5888.0,18.0,0.0865,ok,21.0,0.1429,yes,,2026-09-08,41.3667,-1.3133,1.6333,No flag,Within measurement error,-0.8041,0.8041,6.0,ACWR describes how recent load compares with longer-term load. It does not predict injury.,yes,Athlete 25,Forwards,a0025@example.edu
A0025,2026-09-15,540.0,1,full,468.2857,416.7857,1.1236,350.0,6235.0,16.0,-1.1165,ok,21.0,-1.7619,yes,,2026-09-15,42.1667,-0.5133,1.6333,No flag,Within measurement error,-0.3143,0.3143,0.0,ACWR describes how recent load compares with longer-term load. It does not predict injury.,yes,Athlete 25,Forwards,a0025@example.edu
A0025,2026-09-16,450.0,1,full,468.2857,416.7857,1.1236,346.0,6462.0,17.0,-0.3722,ok,21.0,-0.5714,yes,,2026-09-15,42.1667,-0.5133,1.6333,No flag,Within measurement error,-0.3143,0.3143,1.0,ACWR describes how recent load compares with longer-term load. It does not predict injury.,yes,Athlete 25,Forwards,a0025@example.edu
A0025,2026-09-17,610.0,2,full,475.4286,418.5714,1.1358,361.0,5787.0,,,no form,,,no,,2026-09-15,42.1667,-0.5133,1.6333,No flag,Within measurement error,-0.3143,0.3143,2.0,ACWR describes how recent load compares with longer-term load. It does not predict injury.,yes,Athlete 25,Forwards,a0025@example.edu
A0025,2026-09-18,120.0,1,full,458.2857,416.4286,1.1005,244.0,3759.0,18.0,0.2863,ok,20.0,0.45,yes,,2026-09-15,42.1667,-0.5133,1.6333,No flag,Within measurement error,-0.3143,0.3143,3.0,ACWR describes how recent load compares with longer-term load. It does not predict injury.,yes,Athlete 25,Forwards,a0025@example.edu
A0025,2026-09-19,574.0,1,full,434.8571,419.1429,1.0375,811.0,9324.0,17.0,-0.3499,ok,20.0,-0.55,yes,,2026-09-15,42.1667,-0.5133,1.6333,No flag,Within measurement error,-0.3143,0.3143,4.0,ACWR describes how recent load compares with longer-term load. It does not predict injury.,yes,Athlete 25,Forwards,a0025@example.edu
A0025,2026-09-20,0.0,0,full,434.8571,419.1429,1.0375,0.0,0.0,,,no form,,,not expected,,2026-09-15,42.1667,-0.5133,1.6333,No flag,Within measurement error,-0.3143,0.3143,5.0,ACWR describes how recent load compares with longer-term load. It does not predict injury.,yes,Athlete 25,Forwards,a0025@example.edu
A0025,2026-09-21,560.0,2,full,407.7143,415.9286,0.9803,353.0,6265.0,15.0,-1.6932,ok,20.0,-2.6,yes,,2026-09-15,42.1667,-0.5133,1.6333,No flag,Within measurement error,-0.3143,0.3143,6.0,ACWR describes how recent load compares with longer-term load. It does not predict injury.,yes,Athlete 25,Forwards,a0025@example.edu
A0025,2026-09-22,630.0,1,full,420.5714,425.5714,0.9883,397.0,5575.0,17.0,-0.3907,ok,20.0,-0.6,yes,,2026-09-22,41.0667,-1.6133,1.6333,No flag,Within measurement error,-0.9878,0.9878,0.0,ACWR describes how recent load compares with longer-term load. It does not predict injury.,yes,Athlete 25,Forwards,a0025@example.edu
A0025,2026-09-23,360.0,1,full,407.7143,419.1429,0.9727,365.0,6002.0,18.0,0.2605,ok,20.0,0.4,yes,,2026-09-22,41.0667,-1.6133,1.6333,No flag,Within measurement error,-0.9878,0.9878,1.0,ACWR describes how recent load compares with longer-term load. It does not predict injury.,yes,Athlete 25,Forwards,a0025@example.edu
A0025,2026-09-24,650.0,2,full,413.4286,422.3571,0.9789,379.0,5564.0,16.0,-1.042,ok,20.0,-1.6,yes,,2026-09-22,41.0667,-1.6133,1.6333,No flag,Within measurement error,-0.9878,0.9878,2.0,ACWR describes how recent load compares with longer-term load. It does not predict injury.,yes,Athlete 25,Forwards,a0025@example.edu
A0025,2026-09-25,240.0,1,full,430.5714,426.6429,1.0092,223.0,3377.0,17.0,-0.3907,ok,20.0,-0.6,yes,,2026-09-22,41.0667,-1.6133,1.6333,No flag,Within measurement error,-0.9878,0.9878,3.0,ACWR describes how recent load compares with longer-term load. It does not predict injury.,yes,Athlete 25,Forwards,a0025@example.edu
A0025,2026-09-26,464.0,1,full,414.8571,424.1429,0.9781,458.0,6263.0,20.0,1.6165,ok,21.0,2.4286,yes,,2026-09-22,41.0667,-1.6133,1.6333,No flag,Within measurement error,-0.9878,0.9878,4.0,ACWR describes how recent load compares with longer-term load. It does not predict injury.,yes,Athlete 25,Forwards,a0025@example.edu
A0025,2026-09-27,0.0,0,full,414.8571,424.1429,0.9781,0.0,0.0,,,no form,,,not expected,,2026-09-22,41.0667,-1.6133,1.6333,No flag,Within measurement error,-0.9878,0.9878,5.0,ACWR describes how recent load compares with longer-term load. It does not predict injury.,yes,Athlete 25,Forwards,a0025@example.edu
A0025,2026-09-28,610.0,2,full,422.0,422.7143,0.9983,303.0,5692.0,16.0,-1.0811,ok,21.0,-1.7143,yes,,2026-09-22,41.0667,-1.6133,1.6333,No flag,Within measurement error,-0.9878,0.9878,6.0,ACWR describes how recent load compares with longer-term load. It does not predict injury.,yes,Athlete 25,Forwards,a0025@example.edu
A0025,2026-09-29,540.0,1,full,409.1429,419.5,0.9753,353.0,5156.0,17.0,-0.4002,ok,22.0,-0.6364,yes,,2026-09-29,41.7333,-0.9467,1.6333,No flag,Within measurement error,-0.5796,0.5796,0.0,ACWR describes how recent load compares with longer-term load. It does not predict injury.,yes,Athlete 25,Forwards,a0025@example.edu
A0025,2026-09-30,360.0,1,full,409.1429,416.2857,0.9828,303.0,5315.0,,,no form,,,no,,2026-09-29,41.7333,-0.9467,1.6333,No flag,Within measurement error,-0.5796,0.5796,1.0,ACWR describes how recent load compares with longer-term load. It does not predict injury.,yes,Athlete 25,Forwards,a0025@example.edu
A0025,2026-10-01,560.0,2,full,396.2857,416.2857,0.952,496.0,6264.0,16.0,-0.952,ok,21.0,-1.5238,yes,,2026-09-29,41.7333,-0.9467,1.6333,No flag,Within measurement error,-0.5796,0.5796,2.0,ACWR describes how recent load compares with longer-term load. It does not predict injury.,yes,Athlete 25,Forwards,a0025@example.edu
A0025,2026-10-02,135.0,1,modified,381.2857,414.6786,0.9195,193.0,3003.0,19.0,0.964,ok,21.0,1.5714,yes,,2026-09-29,41.7333,-0.9467,1.6333,No flag,Within measurement error,-0.5796,0.5796,3.0,ACWR describes how recent load compares with longer-term load. It does not predict injury.,yes,Athlete 25,Forwards,a0025@example.edu
A0025,2026-10-03,665.0,1,full,410.0,417.1786,0.9828,849.0,11067.0,18.0,0.3957,ok,21.0,0.619,yes,,2026-09-29,41.7333,-0.9467,1.6333,No flag,Within measurement error,-0.5796,0.5796,4.0,ACWR describes how recent load compares with longer-term load. It does not predict injury.,yes,Athlete 25,Forwards,a0025@example.edu
A0026,2026-08-10,690.0,2,full,,,,164.0,2606.0,17.0,,baseline too short,0.0,,yes,,,,,,,,,,,ACWR describes how recent load compares with longer-term load. It does not predict injury.,no,Athlete 26,Goalkeepers,a0026@example.edu
A0026,2026-08-11,630.0,1,full,,,,177.0,2726.0,18.0,,baseline too short,1.0,,yes,,2026-08-11,40.2333,,,No data,Not enough data,,,0.0,ACWR describes how recent load compares with longer-term load. It does not predict injury.,no,Athlete 26,Goalkeepers,a0026@example.edu
A0026,2026-08-12,450.0,1,full,,,,170.0,2729.0,19.0,,baseline too short,2.0,,yes,,2026-08-11,40.2333,,,No data,Not enough data,,,1.0,ACWR describes how recent load compares with longer-term load. It does not predict injury.,no,Athlete 26,Goalkeepers,a0026@example.edu
A0026,2026-08-13,750.0,2,full,,,,148.0,2783.0,17.0,,baseline too short,3.0,,yes,,2026-08-11,40.2333,,,No data,Not enough data,,,2.0,ACWR describes how recent load compares with longer-term load. It does not predict injury.,no,Athlete 26,Goalkeepers,a0026@example.edu
A0026,2026-08-14,180.0,1,full,,,,94.0,1740.0,19.0,,baseline too short,4.0,,yes,,2026-08-11,40.2333,,,No data,Not enough data,,,3.0,ACWR describes how recent load compares with longer-term load. It does not predict injury.,no,Athlete 26,Goalkeepers,a0026@example.edu
A0026,2026-08-15,0.0,0,full,,,,0.0,0.0,21.0,,baseline too short,5.0,,yes,,2026-08-11,40.2333,,,No data,Not enough data,,,4.0,ACWR describes how recent load compares with longer-term load. It does not predict injury.,no,Athlete 26,Goalkeepers,a0026@example.edu
A0026,2026-08-16,0.0,0,full,385.7143,,,0.0,0.0,,,no form,,,not expected,,2026-08-11,40.2333,,,No data,Not enough data,,,5.0,ACWR describes how recent load compares with longer-term load. It does not predict injury.,no,Athlete 26,Goalkeepers,a0026@example.edu
A0026,2026-08-17,700.0,2,full,387.1429,,,167.0,2575.0,19.0,,baseline too short,6.0,,yes,,2026-08-11,40.2333,,,No data,Not enough data,,,6.0,ACWR describes how recent load compares with longer-term load. It does not predict injury.,no,Athlete 26,Goalkeepers,a0026@example.edu
A0026,2026-08-18,360.0,1,full,348.5714,,,168.0,2539.0,18.0,,baseline too short,7.0,,yes,,2026-08-18,39.8333,,,No data,Not enough data,,,0.0,ACWR describes how recent load compares with longer-term load. It does not predict injury.,no,Athlete 26,Goalkeepers,a0026@example.edu
A0026,2026-08-19,450.0,1,full,348.5714,,,167.0,2414.0,18.0,,baseline too short,8.0,,yes,,2026-08-18,39.8333,,,No data,Not enough data,,,1.0,ACWR describes how recent load compares with longer-term load. It does not predict injury.,no,Athlete 26,Goalkeepers,a0026@example.edu
A0026,2026-08-20,520.0,2,full,315.7143,,,147.0,2622.0,20.0,,baseline too short,9.0,,yes,,2026-08-18,39.8333,,,No data,Not enough data,,,2.0,ACWR describes how recent load compares with longer-term load. It does not predict injury.,no,Athlete 26,Goalkeepers,a0026@example.edu
A0026,2026-08-21,240.0,1,full,324.2857,,,84.0,1754.0,20.0,,baseline too short,10.0,,yes,,2026-08-18,39.8333,,,No data,Not enough data,,,3.0,ACWR describes how recent load compares with longer-term load. It does not predict injury.,no,Athlete 26,Goalkeepers,a0026@example.edu
A0026,2026-08-22,546.0,1,full,402.2857,,,364.0,3928.0,21.0,,baseline too short,11.0,,yes,,2026-08-18,39.8333,,,No data,Not enough data,,,4.0,ACWR describes how recent load compares with longer-term load. It does not predict injury.,no,Athlete 26,Goalkeepers,a0026@example.edu
A0026,2026-08-23,0.0,0,full,402.2857,,,0.0,0.0,,,no form,,,not expected,,2026-08-18,39.8333,,,No data,Not enough data,,,5.0,ACWR describes how recent load compares with longer-term load. It does not predict injury.,no,Athlete 26,Goalkeepers,a0026@example.edu
A0026,2026-08-24,700.0,2,full,402.2857,,,208.0,2666.0,,,no form,,,no,,2026-08-18,39.8333,,,No data,Not enough data,,,6.0,ACWR describes how recent load compares with longer-term load. It does not predict injury.,no,Athlete 26,Goalkeepers,a0026@example.edu
A0026,2026-08-25,450.0,1,full,415.1429,,,165.0,2804.0,19.0,,baseline too short,12.0,,yes,,2026-08-25,39.1333,,,No data,Not enough data,,,0.0,ACWR describes how recent load compares with longer-term load. It does not predict injury.,no,Athlete 26,Goalkeepers,a0026@example.edu
A0026,2026-08-26,450.0,1,full,415.1429,,,136.0,2392.0,19.0,,baseline too short,13.0,,yes,,2026-08-25,39.1333,,,No data,Not enough data,,,1.0,ACWR describes how recent load compares with longer-term load. It does not predict injury.,no,Athlete 26,Goalkeepers,a0026@example.edu
A0026,2026-08-27,700.0,2,full,440.8571,,,188.0,2559.0,20.0,0.8444,ok,14.0,1.0714,yes,,2026-08-25,39.1333,,,No data,Not enough data,,,2.0,ACWR describes how recent load compares with longer-term load. It does not predict injury.,no,Athlete 26,Goalkeepers,a0026@example.edu
A0026,2026-08-28,300.0,1,full,449.4286,,,116.0,1789.0,19.0,0.0,ok,15.0,0.0,yes,,2026-08-25,39.1333,,,No data,Not enough data,,,3.0,ACWR describes how recent load compares with longer-term load. It does not predict injury.,no,Athlete 26,Goalkeepers,a0026@example.edu
A0026,2026-08-29,496.0,1,full,442.2857,,,337.0,2996.0,22.0,2.4772,ok,16.0,3.0,yes,,2026-08-25,39.1333,,,No data,Not enough data,,,4.0,ACWR describes how recent load compares with longer-term load. It does not predict injury.,no,Athlete 26,Goalkeepers,a0026@example.edu
A0026,2026-08-30,0.0,0,full,442.2857,,,0.0,0.0,,,no form,,,not expected,,2026-08-25,39.1333,,,No data,Not enough data,,,5.0,ACWR describes how recent load compares with longer-term load. It does not predict injury.,no,Athlete 26,Goalkeepers,a0026@example.edu
A0026,2026-08-31,560.0,2,full,422.2857,,,129.0,2249.0,19.0,-0.1279,ok,17.0,-0.1765,yes,,2026-08-25,39.1333,,,No data,Not enough data,,,6.0,ACWR describes how recent load compares with longer-term load. It does not predict injury.,no,Athlete 26,Goalkeepers,a0026@example.edu
A0026,2026-09-01,540.0,1,full,435.1429,,,151.0,2448.0,,,no form,,,no,,2026-09-01,38.8667,,,No data,Not enough data,,,0.0,ACWR describes how recent load compares with longer-term load. It does not predict injury.,no,Athlete 26,Goalkeepers,a0026@example.edu
A0026,2026-09-02,540.0,1,full,448.0,,,165.0,2634.0,17.0,-1.6176,ok,18.0,-2.1667,yes,,2026-09-01,38.8667,,,No data,Not enough data,,,1.0,ACWR describes how recent load compares with longer-term load. It does not predict injury.,no,Athlete 26,Goalkeepers,a0026@example.edu
A0026,2026-09-03,600.0,2,full,433.7143,,,163.0,2871.0,20.0,0.6799,ok,19.0,0.9474,yes,,2026-09-01,38.8667,,,No data,Not enough data,,,2.0,ACWR describes how recent load compares with longer-term load. It does not predict injury.,no,Athlete 26,Goalkeepers,a0026@example.edu
A0026,2026-09-04,180.0,1,full,416.5714,,,73.0,1713.0,21.0,1.3842,ok,20.0,1.9,yes,,2026-09-01,38.8667,,,No data,Not enough data,,,3.0,ACWR describes how recent load compares with longer-term load. It does not predict injury.,no,Athlete 26,Goalkeepers,a0026@example.edu
A0026,2026-09-05,539.0,1,full,422.7143,,,389.0,4688.0,21.0,1.2919,ok,21.0,1.8095,yes,,2026-09-01,38.8667,,,No data,Not enough data,,,4.0,ACWR describes how recent load compares with longer-term load. It does not predict injury.,no,Athlete 26,Goalkeepers,a0026@example.edu
A0026,2026-09-06,0.0,0,full,422.7143,413.25,1.0229,0.0,0.0,,,no form,,,not expected,,2026-09-01,38.8667,,,No data,Not enough data,,,5.0,ACWR describes how recent load compares with longer-term load. It does not predict injury.,yes,Athlete 26,Goalkeepers,a0026@example.edu
A0026,2026-09-07,700.0,2,full,442.7143,413.6071,1.0704,180.0,2846.0,,,no form,,,no,,2026-09-01,38.8667,,,No data,Not enough data,,,6.0,ACWR describes how recent load compares with longer-term load. It does not predict injury.,yes,Athlete 26,Goalkeepers,a0026@example.edu
A0026,2026-09-08,450.0,1,full,429.8571,407.1786,1.0557,180.0,2562.0,18.0,-1.016,ok,21.0,-1.381,yes,,2026-09-08,39.6,,,No data,Not enough data,,,0.0,ACWR describes how recent load compares with longer-term load. It does not predict injury.,yes,Athlete 26,Goalkeepers,a0026@example.edu
A0026,2026-09-09,360.0,1,full,404.1429,403.9643,1.0004,183.0,2619.0,21.0,1.1911,ok,21.0,1.619,yes,,2026-09-08,39.6,,,No data,Not enough data,,,1.0,ACWR describes how recent load compares with longer-term load. It does not predict injury.,yes,Athlete 26,Goalkeepers,a0026@example.edu
A0026,2026-09-10,880.0,2,full,444.1429,408.6071,1.087,146.0,2476.0,19.0,-0.34,ok,21.0,-0.4762,yes,,2026-09-08,39.6,,,No data,Not enough data,,,2.0,ACWR describes how recent load compares with longer-term load. It does not predict injury.,yes,Athlete 26,Goalkeepers,a0026@example.edu
A0026,2026-09-11,180.0,1,full,444.1429,408.6071,1.087,,,20.0,0.3329,ok,21.0,0.4286,yes,,2026-09-08,39.6,,,No data,Not enough data,,,3.0,ACWR describes how recent load compares with longer-term load. It does not predict injury.,yes,Athlete 26,Goalkeepers,a0026@example.edu
A0026,2026-09-12,378.0,1,full,421.1429,422.1071,0.9977,252.0,2766.0,,,no form,,,no,,2026-09-08,39.6,,,No data,Not enough data,,,4.0,ACWR describes how recent load compares with longer-term load. It does not predict injury.,yes,Athlete 26,Goalkeepers,a0026@example.edu
A0026,2026-09-13,0.0,0,full,421.1429,422.1071,0.9977,0.0,0.0,,,no form,,,not expected,,2026-09-08,39.6,,,No data,Not enough data,,,5.0,ACWR describes how recent load compares with longer-term load. It does not predict injury.,yes,Athlete 26,Goalkeepers,a0026@example.edu
A0026,2026-09-14,700.0,2,full,421.1429,422.1071,0.9977,193.0,2706.0,19.0,-0.4309,ok,20.0,-0.55,yes,,2026-09-08,39.6,,,No data,Not enough data,,,6.0,ACWR describes how recent load compares with longer-term load. It does not predict injury.,yes,Athlete 26,Goalkeepers,a0026@example.edu
A0026,2026-09-15,450.0,1,full,421.1429,425.3214,0.9902,150.0,2710.0,20.0,0.3526,ok,20.0,0.45,yes,,2026-09-15,39.6333,,,No data,Not enough data,,,0.0,ACWR describes how recent load compares with longer-term load. It does not predict injury.,yes,Athlete 26,Goalkeepers,a0026@example.edu
A0026,2026-09-16,450.0,1,full,434.0,425.3214,1.0204,201.0,2536.0,21.0,1.1013,ok,20.0,1.35,yes,,2026-09-15,39.6333,,,No data,Not enough data,,,1.0,ACWR describes how recent load compares with longer-term load. It does not predict injury.,yes,Athlete 26,Goalkeepers,a0026@example.edu
A0026,2026-09-17,610.0,2,full,395.4286,428.5357,0.9227,167.0,2760.0,18.0,-1.5044,ok,20.0,-1.8,yes,,2026-09-15,39.6333,,,No data,Not enough data,,,2.0,ACWR describes how recent load compares with longer-term load. It does not predict injury.,yes,Athlete 26,Goalkeepers,a0026@example.edu
A0026,2026-09-18,300.0,1,full,412.5714,430.6786,0.958,115.0,1690.0,17.0,-2.1416,ok,20.0,-2.7,yes,review,2026-09-15,39.6333,,,No data,Not enough data,,,3.0,ACWR describes how recent load compares with longer-term load. It does not predict injury.,yes,Athlete 26,Goalkeepers,a0026@example.edu
A0026,2026-09-19,584.0,1,full,442.0,432.0357,1.0231,395.0,4085.0,18.0,-1.1115,ok,20.0,-1.55,yes,,2026-09-15,39.6333,,,No data,Not enough data,,,4.0,ACWR describes how recent load compares with longer-term load. It does not predict injury.,yes,Athlete 26,Goalkeepers,a0026@example.edu
A0026,2026-09-20,0.0,0,full,442.0,432.0357,1.0231,0.0,0.0,,,no form,,,not expected,,2026-09-15,39.6333,,,No data,Not enough data,,,5.0,ACWR describes how recent load compares with longer-term load. It does not predict injury.,yes,Athlete 26,Goalkeepers,a0026@example.edu
A0026,2026-09-21,650.0,2,full,434.8571,430.25,1.0107,183.0,2871.0,16.0,-2.443,ok,20.0,-3.4,yes,review,2026-09-15,39.6333,,,No data,Not enough data,,,6.0,ACWR describes how recent load compares with longer-term load. It does not predict injury.,yes,Athlete 26,Goalkeepers,a0026@example.edu
A0026,2026-09-22,540.0,1,full,447.7143,433.4643,1.0329,172.0,2867.0,18.0,-0.8008,ok,21.0,-1.2381,yes,,2026-09-22,38.8667,,,No data,Not enough data,,,0.0,ACWR describes how recent load compares with longer-term load. It does not predict injury.,yes,Athlete 26,Goalkeepers,a0026@example.edu
A0026,2026-09-23,360.0,1,full,434.8571,430.25,1.0107,171.0,2753.0,19.0,-0.1214,ok,21.0,-0.1905,yes,,2026-09-22,38.8667,,,No data,Not enough data,,,1.0,ACWR describes how recent load compares with longer-term load. It does not predict injury.,yes,Athlete 26,Goalkeepers,a0026@example.edu
A0026,2026-09-24,740.0,2,full,453.4286,431.6786,1.0504,168.0,2646.0,18.0,-0.7587,ok,21.0,-1.1905,yes,,2026-09-22,38.8667,,,No data,Not enough data,,,2.0,ACWR describes how recent load compares with longer-term load. It does not predict injury.,yes,Athlete 26,Goalkeepers,a0026@example.edu
A0026,2026-09-25,240.0,1,full,444.8571,429.5357,1.0357,109.0,1805.0,,,no form,,,no,,2026-09-22,38.8667,,,No data,Not enough data,,,3.0,ACWR describes how recent load compares with longer-term load. It does not predict injury.,yes,Athlete 26,Goalkeepers,a0026@example.edu
A0026,2026-09-26,258.0,1,full,398.2857,421.0357,0.946,246.0,2269.0,19.0,-0.0618,ok,20.0,-0.1,yes,,2026-09-22,38.8667,,,No data,Not enough data,,,4.0,ACWR describes how recent load compares with longer-term load. It does not predict injury.,yes,Athlete 26,Goalkeepers,a0026@example.edu
A0026,2026-09-27,0.0,0,full,398.2857,421.0357,0.946,0.0,0.0,,,no form,,,not expected,,2026-09-22,38.8667,,,No data,Not enough data,,,5.0,ACWR describes how recent load compares with longer-term load. It does not predict injury.,yes,Athlete 26,Goalkeepers,a0026@example.edu
A0026,2026-09-28,560.0,2,full,385.4286,421.0357,0.9154,152.0,2596.0,19.0,0.0341,ok,20.0,0.05,yes,,2026-09-22,38.8667,,,No data,Not enough data,,,6.0,ACWR describes how recent load compares with longer-term load. It does not predict injury.,yes,Athlete 26,Goalkeepers,a0026@example.edu
A0026,2026-09-29,540.0,1,full,385.4286,421.0357,0.9154,159.0,2657.0,19.0,0.0341,ok,20.0,0.05,yes,,2026-09-29,38.4667,,,No data,Not enough data,,,0.0,ACWR describes how recent load compares with longer-term load. It does not predict injury.,yes,Athlete 26,Goalkeepers,a0026@example.edu
A0026,2026-09-30,270.0,1,full,372.5714,411.3929,0.9056,180.0,2536.0,18.0,-0.6656,ok,21.0,-0.9524,yes,,2026-09-29,38.4667,,,No data,Not enough data,,,1.0,ACWR describes how recent load compares with longer-term load. It does not predict injury.,yes,Athlete 26,Goalkeepers,a0026@example.edu
A0026,2026-10-01,610.0,2,full,354.0,411.75,0.8597,161.0,2749.0,,,no form,,,no,,2026-09-29,38.4667,,,No data,Not enough data,,,2.0,ACWR describes how recent load compares with longer-term load. It does not predict injury.,yes,Athlete 26,Goalkeepers,a0026@example.edu
A0026,2026-10-02,180.0,1,full,345.4286,411.75,0.8389,73.0,1727.0,20.0,0.7529,ok,20.0,1.05,yes,,2026-09-29,38.4667,,,No data,Not enough data,,,3.0,ACWR describes how recent load compares with longer-term load. It does not predict injury.,yes,Athlete 26,Goalkeepers,a0026@example.edu
A0026,2026-10-03,,1,full,,,,357.0,3334.0,,,no form,,,no,,2026-09-29,38.4667,,,No data,Not enough data,,,4.0,ACWR describes how recent load compares with longer-term load. It does not predict injury.,yes,Athlete 26,Goalkeepers,a0026@example.edu
A0027,2026-07-06,460.0,2,full,,,,85.0,1742.0,20.0,,baseline too short,0.0,,yes,,,,,,,,,,,ACWR describes how recent load compares with longer-term load. It does not predict injury.,no,Athlete 27,Goalkeepers,a0027@example.edu
A0027,2026-07-07,450.0,1,full,,,,174.0,2237.0,20.0,,baseline too short,1.0,,yes,,2026-07-07,37.3333,,,Baseline,Baseline test,,,0.0,ACWR describes how recent load compares with longer-term load. It does not predict injury.,no,Athlete 27,Goalkeepers,a0027@example.edu
A0027,2026-07-08,360.0,1,full,,,,103.0,1968.0,20.0,,baseline too short,2.0,,yes,,2026-07-07,37.3333,,,Baseline,Baseline test,,,1.0,ACWR describes how recent load compares with longer-term load. It does not predict injury.,no,Athlete 27,Goalkeepers,a0027@example.edu
A0027,2026-07-09,520.0,2,full,,,,170.0,2342.0,21.0,,baseline too short,3.0,,yes,,2026-07-09,38.8667,,,Baseline,Baseline test,,,0.0,ACWR describes how recent load compares with longer-term load. It does not predict injury.,no,Athlete 27,Goalkeepers,a0027@example.edu
A0027,2026-07-10,180.0,1,full,,,,70.0,1551.0,17.0,,baseline too short,4.0,,yes,,2026-07-09,38.8667,,,Baseline,Baseline test,,,1.0,ACWR describes how recent load compares with longer-term load. It does not predict injury.,no,Athlete 27,Goalkeepers,a0027@example.edu
A0027,2026-07-11,0.0,0,full,,,,0.0,0.0,21.0,,baseline too short,5.0,,yes,,2026-07-09,38.8667,,,Baseline,Baseline test,,,2.0,ACWR describes how recent load compares with longer-term load. It does not predict injury.,no,Athlete 27,Goalkeepers,a0027@example.edu
A0027,2026-07-12,0.0,0,full,281.4286,,,0.0,0.0,,,no form,,,not expected,,2026-07-09,38.8667,,,Baseline,Baseline test,,,3.0,ACWR describes how recent load compares with longer-term load. It does not predict injury.,no,Athlete 27,Goalkeepers,a0027@example.edu
A0027,2026-07-13,560.0,2,full,295.7143,,,166.0,2140.0,,,no form,,,no,,2026-07-09,38.8667,,,Baseline,Baseline test,,,4.0,ACWR describes how recent load compares with longer-term load. It does not predict injury.,no,Athlete 27,Goalkeepers,a0027@example.edu
A0027,2026-07-14,360.0,1,full,282.8571,,,160.0,2047.0,,,no form,,,no,,2026-07-14,38.3667,,,Baseline,Baseline test,,,0.0,ACWR describes how recent load compares with longer-term load. It does not predict injury.,no,Athlete 27,Goalkeepers,a0027@example.edu
A0027,2026-07-15,270.0,1,full,270.0,,,164.0,2485.0,19.0,,baseline too short,6.0,,yes,,2026-07-14,38.3667,,,Baseline,Baseline test,,,1.0,ACWR describes how recent load compares with longer-term load. It does not predict injury.,no,Athlete 27,Goalkeepers,a0027@example.edu
A0027,2026-07-16,470.0,2,full,262.8571,,,80.0,2037.0,,,no form,,,no,,2026-07-14,38.3667,,,Baseline,Baseline test,,,2.0,ACWR describes how recent load compares with longer-term load. It does not predict injury.,no,Athlete 27,Goalkeepers,a0027@example.edu
A0027,2026-07-17,120.0,1,full,254.2857,,,74.0,1349.0,22.0,,baseline too short,7.0,,yes,,2026-07-14,38.3667,,,Baseline,Baseline test,,,3.0,ACWR describes how recent load compares with longer-term load. It does not predict injury.,no,Athlete 27,Goalkeepers,a0027@example.edu
A0027,2026-07-18,0.0,0,full,254.2857,,,0.0,0.0,,,no form,,,no,,2026-07-14,38.3667,,,Baseline,Baseline test,,,4.0,ACWR describes how recent load compares with longer-term load. It does not predict injury.,no,Athlete 27,Goalkeepers,a0027@example.edu
A0027,2026-07-19,0.0,0,full,254.2857,,,0.0,0.0,,,no form,,,not expected,,2026-07-14,38.3667,,,Baseline,Baseline test,,,5.0,ACWR describes how recent load compares with longer-term load. It does not predict injury.,no,Athlete 27,Goalkeepers,a0027@example.edu
A0027,2026-07-20,970.0,2,full,312.8571,,,199.0,3454.0,22.0,,baseline too short,8.0,,yes,,2026-07-14,38.3667,,,Baseline,Baseline test,,,6.0,ACWR describes how recent load compares with longer-term load. It does not predict injury.,no,Athlete 27,Goalkeepers,a0027@example.edu
A0027,2026-07-21,720.0,1,full,364.2857,,,159.0,3511.0,25.0,,baseline too short,9.0,,yes,,2026-07-21,38.5667,,,Baseline,Baseline test,,,0.0,ACWR describes how recent load compares with longer-term load. It does not predict injury.,no,Athlete 27,Goalkeepers,a0027@example.edu
A0027,2026-07-22,630.0,1,full,415.7143,,,193.0,3117.0,,,no form,,,no,,2026-07-21,38.5667,,,Baseline,Baseline test,,,1.0,ACWR describes how recent load compares with longer-term load. It does not predict injury.,no,Athlete 27,Goalkeepers,a0027@example.edu
A0027,2026-07-23,840.0,2,full,468.5714,,,212.0,3266.0,18.0,,baseline too short,10.0,,yes,,2026-07-21,38.5667,,,Baseline,Baseline test,,,2.0,ACWR describes how recent load compares with longer-term load. It does not predict injury.,no,Athlete 27,Goalkeepers,a0027@example.edu
A0027,2026-07-24,240.0,1,full,485.7143,,,125.0,2287.0,21.0,,baseline too short,11.0,,yes,,2026-07-21,38.5667,,,Baseline,Baseline test,,,3.0,ACWR describes how recent load compares with longer-term load. It does not predict injury.,no,Athlete 27,Goalkeepers,a0027@example.edu
A0027,2026-07-25,0.0,0,full,485.7143,,,0.0,0.0,20.0,,baseline too short,12.0,,yes,,2026-07-21,38.5667,,,Baseline,Baseline test,,,4.0,ACWR describes how recent load compares with longer-term load. It does not predict injury.,no,Athlete 27,Goalkeepers,a0027@example.edu
A0027,2026-07-26,0.0,0,full,485.7143,,,0.0,0.0,,,no form,,,not expected,,2026-07-21,38.5667,,,Baseline,Baseline test,,,5.0,ACWR describes how recent load compares with longer-term load. It does not predict injury.,no,Athlete 27,Goalkeepers,a0027@example.edu
A0027,2026-07-27,750.0,2,full,454.2857,,,192.0,3055.0,22.0,,baseline too short,13.0,,yes,,2026-07-21,38.5667,,,Baseline,Baseline test,,,6.0,ACWR describes how recent load compares with longer-term load. It does not predict injury.,no,Athlete 27,Goalkeepers,a0027@example.edu
A0027,2026-07-28,540.0,1,full,428.5714,,,138.0,2724.0,18.0,-1.3187,ok,14.0,-2.5714,yes,,2026-07-28,39.2333,,,Baseline,Baseline test,,,0.0,ACWR describes how recent load compares with longer-term load. It does not predict injury.,no,Athlete 27,Goalkeepers,a0027@example.edu
A0027,2026-07-29,450.0,1,full,402.8571,,,174.0,2649.0,19.0,-0.7025,ok,15.0,-1.4,yes,,2026-07-28,39.2333,,,Baseline,Baseline test,,,1.0,ACWR describes how recent load compares with longer-term load. It does not predict injury.,no,Athlete 27,Goalkeepers,a0027@example.edu
A0027,2026-07-30,690.0,2,full,381.4286,,,158.0,2857.0,24.0,1.8844,ok,16.0,3.6875,yes,,2026-07-28,39.2333,,,Baseline,Baseline test,,,2.0,ACWR describes how recent load compares with longer-term load. It does not predict injury.,no,Athlete 27,Goalkeepers,a0027@example.edu
A0027,2026-07-31,240.0,1,full,381.4286,,,111.0,1913.0,22.0,0.7019,ok,17.0,1.4706,yes,,2026-07-28,39.2333,,,Baseline,Baseline test,,,3.0,ACWR describes how recent load compares with longer-term load. It does not predict injury.,no,Athlete 27,Goalkeepers,a0027@example.edu
A0027,2026-08-01,0.0,0,full,381.4286,,,0.0,0.0,23.0,1.1586,ok,18.0,2.3889,yes,,2026-07-28,39.2333,,,Baseline,Baseline test,,,4.0,ACWR describes how recent load compares with longer-term load. It does not predict injury.,no,Athlete 27,Goalkeepers,a0027@example.edu
A0027,2026-08-02,0.0,0,full,381.4286,350.7143,1.0876,0.0,0.0,,,no form,,,not expected,,2026-07-28,39.2333,,,Baseline,Baseline test,,,5.0,ACWR describes how recent load compares with longer-term load. It does not predict injury.,no,Athlete 27,Goalkeepers,a0027@example.edu
A0027,2026-08-03,650.0,2,full,367.1429,357.5,1.027,175.0,2799.0,17.0,-1.7988,ok,19.0,-3.7368,yes,,2026-07-28,39.2333,,,Baseline,Baseline test,,,6.0,ACWR describes how recent load compares with longer-term load. It does not predict injury.,no,Athlete 27,Goalkeepers,a0027@example.edu
A0027,2026-08-04,540.0,1,full,367.1429,360.7143,1.0178,183.0,2910.0,20.0,-0.258,ok,19.0,-0.5789,yes,,2026-08-04,39.4,0.9267,1.6333,No flag,Within measurement error,0.5674,-0.5674,0.0,ACWR describes how recent load compares with longer-term load. It does not predict injury.,no,Athlete 27,Goalkeepers,a0027@example.edu
A0027,2026-08-05,270.0,1,full,341.4286,357.5,0.955,153.0,2496.0,,,no form,,,no,,2026-08-04,39.4,0.9267,1.6333,No flag,Within measurement error,0.5674,-0.5674,1.0,ACWR describes how recent load compares with longer-term load. It does not predict injury.,no,Athlete 27,Goalkeepers,a0027@example.edu
A0027,2026-08-06,790.0,2,full,355.7143,367.1429,0.9689,130.0,2406.0,21.0,0.1688,ok,18.0,0.3889,yes,,2026-08-04,39.4,0.9267,1.6333,No flag,Within measurement error,0.5674,-0.5674,2.0,ACWR describes how recent load compares with longer-term load. It does not predict injury.,no,Athlete 27,Goalkeepers,a0027@example.edu
A0027,2026-08-07,120.0,1,full,338.5714,365.0,0.9276,107.0,1619.0,21.0,0.1688,ok,18.0,0.3889,yes,,2026-08-04,39.4,0.9267,1.6333,No flag,Within measurement error,0.5674,-0.5674,3.0,ACWR describes how recent load compares with longer-term load. It does not predict injury.,no,Athlete 27,Goalkeepers,a0027@example.edu
A0027,2026-08-08,0.0,0,full,338.5714,365.0,0.9276,0.0,0.0,20.0,-0.3928,ok,18.0,-0.8333,yes,,2026-08-04,39.4,0.9267,1.6333,No flag,Within measurement error,0.5674,-0.5674,4.0,ACWR describes how recent load compares with longer-term load. It does not predict injury.,no,Athlete 27,Goalkeepers,a0027@example.edu
A0027,2026-08-09,0.0,0,full,338.5714,365.0,0.9276,0.0,0.0,,,no form,,,not expected,,2026-08-04,39.4,0.9267,1.6333,No flag,Within measurement error,0.5674,-0.5674,5.0,ACWR describes how recent load compares with longer-term load. It does not predict injury.,no,Athlete 27,Goalkeepers,a0027@example.edu
A0027,2026-08-10,700.0,2,full,345.7143,370.0,0.9344,105.0,2707.0,18.0,-1.3043,ok,18.0,-2.7778,yes,,2026-08-04,39.4,0.9267,1.6333,No flag,Within measurement error,0.5674,-0.5674,6.0,ACWR describes how recent load compares with longer-term load. It does not predict injury.,no,Athlete 27,Goalkeepers,a0027@example.edu
A0027,2026-08-11,540.0,1,full,345.7143,376.4286,0.9184,152.0,2780.0,19.0,-0.7534,ok,19.0,-1.6316,yes,,2026-08-11,38.7667,0.2933,1.6333,No flag,Within measurement error,0.1796,-0.1796,0.0,ACWR describes how recent load compares with longer-term load. It does not predict injury.,no,Athlete 27,Goalkeepers,a0027@example.edu
A0027,2026-08-12,450.0,1,full,371.4286,382.8571,0.9701,157.0,2932.0,23.0,1.1453,ok,20.0,2.45,yes,,2026-08-11,38.7667,0.2933,1.6333,No flag,Within measurement error,0.1796,-0.1796,1.0,ACWR describes how recent load compares with longer-term load. It does not predict injury.,no,Athlete 27,Goalkeepers,a0027@example.edu
A0027,2026-08-13,880.0,2,full,384.2857,397.5,0.9668,121.0,2508.0,20.0,-0.3451,ok,20.0,-0.75,yes,,2026-08-11,38.7667,0.2933,1.6333,No flag,Within measurement error,0.1796,-0.1796,2.0,ACWR describes how recent load compares with longer-term load. It does not predict injury.,no,Athlete 27,Goalkeepers,a0027@example.edu
A0027,2026-08-14,120.0,1,full,384.2857,397.5,0.9668,132.0,1880.0,20.0,-0.3362,ok,21.0,-0.7143,yes,,2026-08-11,38.7667,0.2933,1.6333,No flag,Within measurement error,0.1796,-0.1796,3.0,ACWR describes how recent load compares with longer-term load. It does not predict injury.,no,Athlete 27,Goalkeepers,a0027@example.edu
A0027,2026-08-15,0.0,0,full,384.2857,397.5,0.9668,0.0,0.0,22.0,0.6548,ok,21.0,1.381,yes,,2026-08-11,38.7667,0.2933,1.6333,No flag,Within measurement error,0.1796,-0.1796,4.0,ACWR describes how recent load compares with longer-term load. It does not predict injury.,no,Athlete 27,Goalkeepers,a0027@example.edu
A0027,2026-08-16,0.0,0,full,384.2857,397.5,0.9668,0.0,0.0,,,no form,,,not expected,,2026-08-11,38.7667,0.2933,1.6333,No flag,Within measurement error,0.1796,-0.1796,5.0,ACWR describes how recent load compares with longer-term load. It does not predict injury.,no,Athlete 27,Goalkeepers,a0027@example.edu
A0027,2026-08-17,550.0,2,full,362.8571,382.5,0.9486,200.0,2827.0,20.0,-0.3279,ok,22.0,-0.6818,yes,,2026-08-11,38.7667,0.2933,1.6333,No flag,Within measurement error,0.1796,-0.1796,6.0,ACWR describes how recent load compares with longer-term load. It does not predict injury.,no,Athlete 27,Goalkeepers,a0027@example.edu
A0027,2026-08-18,540.0,1,full,362.8571,376.0714,0.9649,134.0,2480.0,22.0,0.6832,ok,22.0,1.4091,yes,,2026-08-18,37.6333,-0.84,1.6333,No flag,Within measurement error,-0.5143,0.5143,0.0,ACWR describes how recent load compares with longer-term load. It does not predict injury.,no,Athlete 27,Goalkeepers,a0027@example.edu
A0027,2026-08-19,450.0,1,full,362.8571,369.6429,0.9816,147.0,2578.0,22.0,0.8378,ok,22.0,1.5455,yes,,2026-08-18,37.6333,-0.84,1.6333,No flag,Within measurement error,-0.5143,0.5143,1.0,ACWR describes how recent load compares with longer-term load. It does not predict injury.,no,Athlete 27,Goalkeepers,a0027@example.edu
A0027,2026-08-20,790.0,2,full,350.0,367.8571,0.9515,148.0,2622.0,21.0,0.2612,ok,23.0,0.4783,yes,,2026-08-18,37.6333,-0.84,1.6333,No flag,Within measurement error,-0.5143,0.5143,2.0,ACWR describes how recent load compares with longer-term load. It does not predict injury.,no,Athlete 27,Goalkeepers,a0027@example.edu
A0027,2026-08-21,180.0,1,full,358.5714,365.7143,0.9805,99.0,1811.0,20.0,-0.3731,ok,23.0,-0.6522,yes,,2026-08-18,37.6333,-0.84,1.6333,No flag,Within measurement error,-0.5143,0.5143,3.0,ACWR describes how recent load compares with longer-term load. It does not predict injury.,no,Athlete 27,Goalkeepers,a0027@example.edu
A0027,2026-08-22,0.0,0,full,358.5714,365.7143,0.9805,0.0,0.0,20.0,-0.3476,ok,23.0,-0.6087,yes,,2026-08-18,37.6333,-0.84,1.6333,No flag,Within measurement error,-0.5143,0.5143,4.0,ACWR describes how recent load compares with longer-term load. It does not predict injury.,no,Athlete 27,Goalkeepers,a0027@example.edu
A0027,2026-08-23,0.0,0,full,358.5714,365.7143,0.9805,0.0,0.0,,,no form,,,not expected,,2026-08-18,37.6333,-0.84,1.6333,No flag,Within measurement error,-0.5143,0.5143,5.0,ACWR describes how recent load compares with longer-term load. It does not predict injury.,no,Athlete 27,Goalkeepers,a0027@example.edu
A0027,2026-08-24,560.0,2,full,360.0,358.9286,1.003,207.0,2591.0,17.0,-2.0605,ok,23.0,-3.6087,yes,review,2026-08-18,37.6333,-0.84,1.6333,No flag,Within measurement error,-0.5143,0.5143,6.0,ACWR describes how recent load compares with longer-term load. It does not predict injury.,no,Athlete 27,Goalkeepers,a0027@example.edu
A0027,2026-08-25,540.0,1,full,360.0,358.9286,1.003,137.0,2616.0,20.0,-0.2085,ok,23.0,-0.3913,yes,,2026-08-25,39.0667,0.5933,1.6333,No flag,Within measurement error,0.3633,-0.3633,0.0,ACWR describes how recent load compares with longer-term load. It does not predict injury.,no,Athlete 27,Goalkeepers,a0027@example.edu
A0027,2026-08-26,450.0,1,full,360.0,358.9286,1.003,173.0,2683.0,19.0,-0.8186,ok,23.0,-1.4783,yes,,2026-08-25,39.0667,0.5933,1.6333,No flag,Within measurement error,0.3633,-0.3633,1.0,ACWR describes how recent load compares with longer-term load. It does not predict injury.,no,Athlete 27,Goalkeepers,a0027@example.edu
A0027,2026-08-27,700.0,2,full,347.1429,359.2857,0.9662,221.0,2695.0,20.0,-0.2648,ok,23.0,-0.4783,yes,,2026-08-25,39.0667,0.5933,1.6333,No flag,Within measurement error,0.3633,-0.3633,2.0,ACWR describes how recent load compares with longer-term load. It does not predict injury.,no,Athlete 27,Goalkeepers,a0027@example.edu
A0027,2026-08-28,180.0,1,full,347.1429,357.1429,0.972,93.0,1774.0,21.0,0.4253,ok,23.0,0.6957,yes,,2026-08-25,39.0667,0.5933,1.6333,No flag,Within measurement error,0.3633,-0.3633,3.0,ACWR describes how recent load compares with longer-term load. It does not predict injury.,no,Athlete 27,Goalkeepers,a0027@example.edu
A0027,2026-08-29,0.0,0,full,347.1429,357.1429,0.972,0.0,0.0,20.0,-0.1629,ok,23.0,-0.2609,yes,,2026-08-25,39.0667,0.5933,1.6333,No flag,Within measurement error,0.3633,-0.3633,4.0,ACWR describes how recent load compares with longer-term load. It does not predict injury.,no,Athlete 27,Goalkeepers,a0027@example.edu
A0027,2026-08-30,0.0,0,full,347.1429,357.1429,0.972,0.0,0.0,,,no form,,,not expected,,2026-08-25,39.0667,0.5933,1.6333,No flag,Within measurement error,0.3633,-0.3633,5.0,ACWR describes how recent load compares with longer-term load. It does not predict injury.,no,Athlete 27,Goalkeepers,a0027@example.edu
A0027,2026-08-31,700.0,2,full,367.1429,358.9286,1.0229,185.0,2790.0,17.0,-2.106,ok,23.0,-3.1304,yes,review,2026-08-25,39.0667,0.5933,1.6333,No flag,Within measurement error,0.3633,-0.3633,6.0,ACWR describes how recent load compares with longer-term load. It does not predict injury.,no,Athlete 27,Goalkeepers,a0027@example.edu
A0027,2026-09-01,540.0,1,full,367.1429,358.9286,1.0229,164.0,2570.0,21.0,0.585,ok,23.0,0.8696,yes,,2026-09-01,39.2333,0.76,1.6333,No flag,Within measurement error,0.4653,-0.4653,0.0,ACWR describes how recent load compares with longer-term load. It does not predict injury.,no,Athlete 27,Goalkeepers,a0027@example.edu
A0027,2026-09-02,360.0,1,full,354.2857,362.1429,0.9783,149.0,2630.0,22.0,1.2198,ok,23.0,1.8261,yes,,2026-09-01,39.2333,0.76,1.6333,No flag,Within measurement error,0.4653,-0.4653,1.0,ACWR describes how recent load compares with longer-term load. It does not predict injury.,no,Athlete 27,Goalkeepers,a0027@example.edu
A0027,2026-09-03,700.0,2,full,354.2857,358.9286,0.9871,136.0,2741.0,20.0,-0.1655,ok,24.0,-0.25,yes,,2026-09-01,39.2333,0.76,1.6333,No flag,Within measurement error,0.4653,-0.4653,2.0,ACWR describes how recent load compares with longer-term load. It does not predict injury.,no,Athlete 27,Goalkeepers,a0027@example.edu
A0027,2026-09-04,180.0,1,full,354.2857,361.0714,0.9812,141.0,1868.0,22.0,1.192,ok,24.0,1.7917,yes,,2026-09-01,39.2333,0.76,1.6333,No flag,Within measurement error,0.4653,-0.4653,3.0,ACWR describes how recent load compares with longer-term load. It does not predict injury.,no,Athlete 27,Goalkeepers,a0027@example.edu
A0027,2026-09-05,0.0,0,full,354.2857,361.0714,0.9812,0.0,0.0,,,no form,,,no,,2026-09-01,39.2333,0.76,1.6333,No flag,Within measurement error,0.4653,-0.4653,4.0,ACWR describes how recent load compares with longer-term load. It does not predict injury.,no,Athlete 27,Goalkeepers,a0027@example.edu
A0027,2026-09-06,0.0,0,full,354.2857,361.0714,0.9812,0.0,0.0,,,no form,,,not expected,,2026-09-01,39.2333,0.76,1.6333,No flag,Within measurement error,0.4653,-0.4653,5.0,ACWR describes how recent load compares with longer-term load. It does not predict injury.,yes,Athlete 27,Goalkeepers,a0027@example.edu
A0027,2026-09-07,790.0,2,full,367.1429,364.2857,1.0078,175.0,2443.0,20.0,-0.1658,ok,23.0,-0.2609,yes,,2026-09-01,39.2333,0.76,1.6333,No flag,Within measurement error,0.4653,-0.4653,6.0,ACWR describes how recent load compares with longer-term load. It does not predict injury.,yes,Athlete 27,Goalkeepers,a0027@example.edu
A0027,2026-09-08,630.0,1,full,380.0,367.5,1.034,165.0,2740.0,21.0,0.436,ok,23.0,0.6522,yes,,2026-09-08,37.8,-0.6733,1.6333,No flag,Within measurement error,-0.4123,0.4123,0.0,ACWR describes how recent load compares with longer-term load. It does not predict injury.,yes,Athlete 27,Goalkeepers,a0027@example.edu
A0027,2026-09-09,450.0,1,full,392.8571,367.5,1.069,135.0,2268.0,,,no form,,,no,,2026-09-08,37.8,-0.6733,1.6333,No flag,Within measurement error,-0.4123,0.4123,1.0,ACWR describes how recent load compares with longer-term load. It does not predict injury.,yes,Athlete 27,Goalkeepers,a0027@example.edu
A0027,2026-09-10,560.0,2,full,372.8571,356.0714,1.0471,158.0,2650.0,22.0,1.207,ok,22.0,1.6818,yes,,2026-09-08,37.8,-0.6733,1.6333,No flag,Within measurement error,-0.4123,0.4123,2.0,ACWR describes how recent load compares with longer-term load. It does not predict injury.,yes,Athlete 27,Goalkeepers,a0027@example.edu
A0027,2026-09-11,240.0,1,full,381.4286,360.3571,1.0585,115.0,1913.0,22.0,1.1077,ok,22.0,1.5909,yes,,2026-09-08,37.8,-0.6733,1.6333,No flag,Within measurement error,-0.4123,0.4123,3.0,ACWR describes how recent load compares with longer-term load. It does not predict injury.,yes,Athlete 27,Goalkeepers,a0027@example.edu
A0027,2026-09-12,0.0,0,full,381.4286,360.3571,1.0585,0.0,0.0,19.0,-1.019,ok,22.0,-1.5,yes,,2026-09-08,37.8,-0.6733,1.6333,No flag,Within measurement error,-0.4123,0.4123,4.0,ACWR describes how recent load compares with longer-term load. It does not predict injury.,yes,Athlete 27,Goalkeepers,a0027@example.edu
A0027,2026-09-13,0.0,0,full,381.4286,360.3571,1.0585,0.0,0.0,,,no form,,,not expected,,2026-09-08,37.8,-0.6733,1.6333,No flag,Within measurement error,-0.4123,0.4123,5.0,ACWR describes how recent load compares with longer-term load. It does not predict injury.,yes,Athlete 27,Goalkeepers,a0027@example.edu
A0027,2026-09-14,650.0,2,full,361.4286,363.9286,0.9931,227.0,2726.0,20.0,-0.2482,ok,22.0,-0.3636,yes,,2026-09-08,37.8,-0.6733,1.6333,No flag,Within measurement error,-0.4123,0.4123,6.0,ACWR describes how recent load compares with longer-term load. It does not predict injury.,yes,Athlete 27,Goalkeepers,a0027@example.edu
A0027,2026-09-15,540.0,1,full,348.5714,363.9286,0.9578,186.0,2772.0,20.0,-0.2482,ok,22.0,-0.3636,yes,,2026-09-15,39.3667,0.8933,1.6333,No flag,Within measurement error,0.547,-0.547,0.0,ACWR describes how recent load compares with longer-term load. It does not predict injury.,yes,Athlete 27,Goalkeepers,a0027@example.edu
A0027,2026-09-16,360.0,1,full,335.7143,360.7143,0.9307,164.0,2826.0,18.0,-1.6001,ok,22.0,-2.2727,yes,,2026-09-15,39.3667,0.8933,1.6333,No flag,Within measurement error,0.547,-0.547,1.0,ACWR describes how recent load compares with longer-term load. It does not predict injury.,yes,Athlete 27,Goalkeepers,a0027@example.edu
A0027,2026-09-17,560.0,2,full,335.7143,352.5,0.9524,185.0,2831.0,19.0,-0.7552,ok,22.0,-1.0909,yes,,2026-09-15,39.3667,0.8933,1.6333,No flag,Within measurement error,0.547,-0.547,2.0,ACWR describes how recent load compares with longer-term load. It does not predict injury.,yes,Athlete 27,Goalkeepers,a0027@example.edu
A0027,2026-09-18,180.0,1,full,327.1429,352.5,0.9281,119.0,1767.0,20.0,0.0,ok,22.0,0.0,yes,,2026-09-15,39.3667,0.8933,1.6333,No flag,Within measurement error,0.547,-0.547,3.0,ACWR describes how recent load compares with longer-term load. It does not predict injury.,yes,Athlete 27,Goalkeepers,a0027@example.edu
A0027,2026-09-19,0.0,0,full,327.1429,352.5,0.9281,0.0,0.0,20.0,0.0,ok,22.0,0.0,yes,,2026-09-15,39.3667,0.8933,1.6333,No flag,Within measurement error,0.547,-0.547,4.0,ACWR describes how recent load compares with longer-term load. It does not predict injury.,yes,Athlete 27,Goalkeepers,a0027@example.edu
A0027,2026-09-20,0.0,0,full,327.1429,352.5,0.9281,0.0,0.0,,,no form,,,not expected,,2026-09-15,39.3667,0.8933,1.6333,No flag,Within measurement error,0.547,-0.547,5.0,ACWR describes how recent load compares with longer-term load. It does not predict injury.,yes,Athlete 27,Goalkeepers,a0027@example.edu
A0027,2026-09-21,380.0,2,full,288.5714,346.0714,0.8338,127.0,2716.0,15.0,-3.4542,ok,22.0,-5.0,yes,review,2026-09-15,39.3667,0.8933,1.6333,No flag,Within measurement error,0.547,-0.547,6.0,ACWR describes how recent load compares with longer-term load. It does not predict injury.,yes,Athlete 27,Goalkeepers,a0027@example.edu
A0027,2026-09-22,450.0,1,full,275.7143,342.8571,0.8042,182.0,2619.0,18.0,-1.1311,ok,22.0,-1.9091,yes,,2026-09-22,38.0333,-0.44,1.6333,No flag,Within measurement error,-0.2694,0.2694,0.0,ACWR describes how recent load compares with longer-term load. It does not predict injury.,yes,Athlete 27,Goalkeepers,a0027@example.edu
A0027,2026-09-23,450.0,1,full,288.5714,342.8571,0.8417,175.0,2594.0,23.0,1.8331,ok,22.0,3.1818,yes,,2026-09-22,38.0333,-0.44,1.6333,No flag,Within measurement error,-0.2694,0.2694,1.0,ACWR describes how recent load compares with longer-term load. It does not predict injury.,yes,Athlete 27,Goalkeepers,a0027@example.edu
A0027,2026-09-24,,2,full,,,,187.0,3025.0,23.0,1.6202,ok,22.0,3.0,yes,,2026-09-22,38.0333,-0.44,1.6333,No flag,Within measurement error,-0.2694,0.2694,2.0,ACWR describes how recent load compares with longer-term load. It does not predict injury.,yes,Athlete 27,Goalkeepers,a0027@example.edu
A0027,2026-09-25,240.0,1,full,,,,126.0,1825.0,17.0,-1.601,ok,22.0,-3.1364,yes,,2026-09-22,38.0333,-0.44,1.6333,No flag,Within measurement error,-0.2694,0.2694,3.0,ACWR describes how recent load compares with longer-term load. It does not predict injury.,yes,Athlete 27,Goalkeepers,a0027@example.edu
A0027,2026-09-26,0.0,0,full,,,,0.0,0.0,19.0,-0.4638,ok,22.0,-0.9545,yes,,2026-09-22,38.0333,-0.44,1.6333,No flag,Within measurement error,-0.2694,0.2694,4.0,ACWR describes how recent load compares with longer-term load. It does not predict injury.,yes,Athlete 27,Goalkeepers,a0027@example.edu
A0027,2026-09-27,0.0,0,full,,,,0.0,0.0,,,no form,,,not expected,,2026-09-22,38.0333,-0.44,1.6333,No flag,Within measurement error,-0.2694,0.2694,5.0,ACWR describes how recent load compares with longer-term load. It does not predict injury.,yes,Athlete 27,Goalkeepers,a0027@example.edu
A0027,2026-09-28,600.0,2,full,,,,166.0,2628.0,19.0,-0.4396,ok,22.0,-0.9091,yes,,2026-09-22,38.0333,-0.44,1.6333,No flag,Within measurement error,-0.2694,0.2694,6.0,ACWR describes how recent load compares with longer-term load. It does not predict injury.,yes,Athlete 27,Goalkeepers,a0027@example.edu
A0027,2026-09-29,540.0,1,full,,,,103.0,2914.0,21.0,0.5061,ok,22.0,1.0,yes,,2026-09-29,37.3,-1.1733,1.6333,No flag,Within measurement error,-0.7184,0.7184,0.0,ACWR describes how recent load compares with longer-term load. It does not predict injury.,yes,Athlete 27,Goalkeepers,a0027@example.edu
A0027,2026-09-30,450.0,1,full,,,,160.0,2586.0,,,no form,,,no,,2026-09-29,37.3,-1.1733,1.6333,No flag,Within measurement error,-0.7184,0.7184,1.0,ACWR describes how recent load compares with longer-term load. It does not predict injury.,yes,Athlete 27,Goalkeepers,a0027@example.edu
A0027,2026-10-01,610.0,2,full,348.5714,,,176.0,2552.0,21.0,0.5553,ok,21.0,1.0952,yes,,2026-09-29,37.3,-1.1733,1.6333,No flag,Within measurement error,-0.7184,0.7184,2.0,ACWR describes how recent load compares with longer-term load. It does not predict injury.,yes,Athlete 27,Goalkeepers,a0027@example.edu
A0027,2026-10-02,180.0,1,full,340.0,,,97.0,1761.0,18.0,-0.9826,ok,21.0,-1.9524,yes,,2026-09-29,37.3,-1.1733,1.6333,No flag,Within measurement error,-0.7184,0.7184,3.0,ACWR describes how recent load compares with longer-term load. It does not predict injury.,yes,Athlete 27,Goalkeepers,a0027@example.edu
A0027,2026-10-03,0.0,0,full,340.0,,,0.0,0.0,,,no form,,,no,,2026-09-29,37.3,-1.1733,1.6333,No flag,Within measurement error,-0.7184,0.7184,4.0,ACWR describes how recent load compares with longer-term load. It does not predict injury.,yes,Athlete 27,Goalkeepers,a0027@example.edu
A0028,2026-07-06,420.0,2,full,,,,88.0,2018.0,15.0,,baseline too short,0.0,,yes,,,,,,,,,,,ACWR describes how recent load compares with longer-term load. It does not predict injury.,no,Athlete 28,Goalkeepers,a0028@example.edu
A0028,2026-07-07,360.0,1,full,,,,124.0,1906.0,21.0,,baseline too short,1.0,,yes,,2026-07-07,35.8333,,,Baseline,Baseline test,,,0.0,ACWR describes how recent load compares with longer-term load. It does not predict injury.,no,Athlete 28,Goalkeepers,a0028@example.edu
A0028,2026-07-08,270.0,1,full,,,,111.0,1825.0,16.0,,baseline too short,2.0,,yes,,2026-07-07,35.8333,,,Baseline,Baseline test,,,1.0,ACWR describes how recent load compares with longer-term load. It does not predict injury.,no,Athlete 28,Goalkeepers,a0028@example.edu
A0028,2026-07-09,370.0,2,full,,,,153.0,2051.0,18.0,,baseline too short,3.0,,yes,,2026-07-09,34.9333,,,Baseline,Baseline test,,,0.0,ACWR describes how recent load compares with longer-term load. It does not predict injury.,no,Athlete 28,Goalkeepers,a0028@example.edu
A0028,2026-07-10,180.0,1,full,,,,95.0,1519.0,17.0,,baseline too short,4.0,,yes,,2026-07-09,34.9333,,,Baseline,Baseline test,,,1.0,ACWR describes how recent load compares with longer-term load. It does not predict injury.,no,Athlete 28,Goalkeepers,a0028@example.edu
A0028,2026-07-11,0.0,0,full,,,,0.0,0.0,16.0,,baseline too short,5.0,,yes,,2026-07-09,34.9333,,,Baseline,Baseline test,,,2.0,ACWR describes how recent load compares with longer-term load. It does not predict injury.,no,Athlete 28,Goalkeepers,a0028@example.edu
A0028,2026-07-12,0.0,0,full,228.5714,,,0.0,0.0,,,no form,,,not expected,,2026-07-09,34.9333,,,Baseline,Baseline test,,,3.0,ACWR describes how recent load compares with longer-term load. It does not predict injury.,no,Athlete 28,Goalkeepers,a0028@example.edu
A0028,2026-07-13,560.0,2,full,248.5714,,,142.0,2247.0,17.0,,baseline too short,6.0,,yes,,2026-07-09,34.9333,,,Baseline,Baseline test,,,4.0,ACWR describes how recent load compares with longer-term load. It does not predict injury.,no,Athlete 28,Goalkeepers,a0028@example.edu
A0028,2026-07-14,450.0,1,full,261.4286,,,101.0,1952.0,18.0,,baseline too short,7.0,,yes,,2026-07-14,36.6333,,,Baseline,Baseline test,,,0.0,ACWR describes how recent load compares with longer-term load. It does not predict injury.,no,Athlete 28,Goalkeepers,a0028@example.edu
A0028,2026-07-15,360.0,1,full,274.2857,,,117.0,2062.0,18.0,,baseline too short,8.0,,yes,,2026-07-14,36.6333,,,Baseline,Baseline test,,,1.0,ACWR describes how recent load compares with longer-term load. It does not predict injury.,no,Athlete 28,Goalkeepers,a0028@example.edu
A0028,2026-07-16,600.0,2,full,307.1429,,,136.0,1955.0,17.0,,baseline too short,9.0,,yes,,2026-07-14,36.6333,,,Baseline,Baseline test,,,2.0,ACWR describes how recent load compares with longer-term load. It does not predict injury.,no,Athlete 28,Goalkeepers,a0028@example.edu
A0028,2026-07-17,180.0,1,full,307.1429,,,89.0,1444.0,21.0,,baseline too short,10.0,,yes,,2026-07-14,36.6333,,,Baseline,Baseline test,,,3.0,ACWR describes how recent load compares with longer-term load. It does not predict injury.,no,Athlete 28,Goalkeepers,a0028@example.edu
A0028,2026-07-18,0.0,0,full,307.1429,,,0.0,0.0,17.0,,baseline too short,11.0,,yes,,2026-07-14,36.6333,,,Baseline,Baseline test,,,4.0,ACWR describes how recent load compares with longer-term load. It does not predict injury.,no,Athlete 28,Goalkeepers,a0028@example.edu
A0028,2026-07-19,0.0,0,full,307.1429,,,0.0,0.0,,,no form,,,not expected,,2026-07-14,36.6333,,,Baseline,Baseline test,,,5.0,ACWR describes how recent load compares with longer-term load. It does not predict injury.,no,Athlete 28,Goalkeepers,a0028@example.edu
A0028,2026-07-20,700.0,2,full,327.1429,,,215.0,3773.0,20.0,,baseline too short,12.0,,yes,,2026-07-14,36.6333,,,Baseline,Baseline test,,,6.0,ACWR describes how recent load compares with longer-term load. It does not predict injury.,no,Athlete 28,Goalkeepers,a0028@example.edu
A0028,2026-07-21,540.0,1,full,340.0,,,175.0,3643.0,18.0,,baseline too short,13.0,,yes,,2026-07-21,36.7667,,,Baseline,Baseline test,,,0.0,ACWR describes how recent load compares with longer-term load. It does not predict injury.,no,Athlete 28,Goalkeepers,a0028@example.edu
A0028,2026-07-22,630.0,1,full,378.5714,,,204.0,3190.0,19.0,0.6727,ok,14.0,1.2143,yes,,2026-07-21,36.7667,,,Baseline,Baseline test,,,1.0,ACWR describes how recent load compares with longer-term load. It does not predict injury.,no,Athlete 28,Goalkeepers,a0028@example.edu
A0028,2026-07-23,700.0,2,full,392.8571,,,213.0,3567.0,17.0,-0.4904,ok,15.0,-0.8667,yes,,2026-07-21,36.7667,,,Baseline,Baseline test,,,2.0,ACWR describes how recent load compares with longer-term load. It does not predict injury.,no,Athlete 28,Goalkeepers,a0028@example.edu
A0028,2026-07-24,360.0,1,full,418.5714,,,155.0,2351.0,19.0,0.6899,ok,16.0,1.1875,yes,,2026-07-21,36.7667,,,Baseline,Baseline test,,,3.0,ACWR describes how recent load compares with longer-term load. It does not predict injury.,no,Athlete 28,Goalkeepers,a0028@example.edu
A0028,2026-07-25,0.0,0,full,418.5714,,,0.0,0.0,16.0,-1.113,ok,17.0,-1.8824,yes,,2026-07-21,36.7667,,,Baseline,Baseline test,,,4.0,ACWR describes how recent load compares with longer-term load. It does not predict injury.,no,Athlete 28,Goalkeepers,a0028@example.edu
A0028,2026-07-26,0.0,0,full,418.5714,,,0.0,0.0,,,no form,,,not expected,,2026-07-21,36.7667,,,Baseline,Baseline test,,,5.0,ACWR describes how recent load compares with longer-term load. It does not predict injury.,no,Athlete 28,Goalkeepers,a0028@example.edu
A0028,2026-07-27,600.0,2,full,404.2857,,,174.0,2903.0,16.0,-1.046,ok,18.0,-1.7778,yes,,2026-07-21,36.7667,,,Baseline,Baseline test,,,6.0,ACWR describes how recent load compares with longer-term load. It does not predict injury.,no,Athlete 28,Goalkeepers,a0028@example.edu
A0028,2026-07-28,540.0,1,full,404.2857,,,201.0,2885.0,17.0,-0.4021,ok,19.0,-0.6842,yes,,2026-07-28,36.9667,,,Baseline,Baseline test,,,0.0,ACWR describes how recent load compares with longer-term load. It does not predict injury.,no,Athlete 28,Goalkeepers,a0028@example.edu
A0028,2026-07-29,270.0,1,full,352.8571,,,195.0,2938.0,19.0,0.8118,ok,20.0,1.35,yes,,2026-07-28,36.9667,,,Baseline,Baseline test,,,1.0,ACWR describes how recent load compares with longer-term load. It does not predict injury.,no,Athlete 28,Goalkeepers,a0028@example.edu
A0028,2026-07-30,700.0,2,full,352.8571,,,179.0,2757.0,19.0,0.7804,ok,21.0,1.2857,yes,,2026-07-28,36.9667,,,Baseline,Baseline test,,,2.0,ACWR describes how recent load compares with longer-term load. It does not predict injury.,no,Athlete 28,Goalkeepers,a0028@example.edu
A0028,2026-07-31,300.0,1,full,344.2857,,,128.0,1879.0,17.0,-0.4738,ok,22.0,-0.7727,yes,,2026-07-28,36.9667,,,Baseline,Baseline test,,,3.0,ACWR describes how recent load compares with longer-term load. It does not predict injury.,no,Athlete 28,Goalkeepers,a0028@example.edu
A0028,2026-08-01,0.0,0,full,344.2857,,,0.0,0.0,19.0,0.7872,ok,23.0,1.2609,yes,,2026-07-28,36.9667,,,Baseline,Baseline test,,,4.0,ACWR describes how recent load compares with longer-term load. It does not predict injury.,no,Athlete 28,Goalkeepers,a0028@example.edu
A0028,2026-08-02,0.0,0,full,344.2857,324.6429,1.0605,0.0,0.0,,,no form,,,not expected,,2026-07-28,36.9667,,,Baseline,Baseline test,,,5.0,ACWR describes how recent load compares with longer-term load. It does not predict injury.,no,Athlete 28,Goalkeepers,a0028@example.edu
A0028,2026-08-03,560.0,2,full,338.5714,329.6429,1.0271,210.0,3107.0,19.0,0.7612,ok,24.0,1.2083,yes,,2026-07-28,36.9667,,,Baseline,Baseline test,,,6.0,ACWR describes how recent load compares with longer-term load. It does not predict injury.,no,Athlete 28,Goalkeepers,a0028@example.edu
A0028,2026-08-04,630.0,1,full,351.4286,339.2857,1.0358,195.0,2832.0,,,no form,,,no,,2026-08-04,37.3,1.0733,1.6333,No flag,Within measurement error,0.6572,-0.6572,0.0,ACWR describes how recent load compares with longer-term load. It does not predict injury.,no,Athlete 28,Goalkeepers,a0028@example.edu
A0028,2026-08-05,450.0,1,full,377.1429,345.7143,1.0909,187.0,3094.0,19.0,0.8567,ok,23.0,1.1739,yes,,2026-08-04,37.3,1.0733,1.6333,No flag,Within measurement error,0.6572,-0.6572,1.0,ACWR describes how recent load compares with longer-term load. It does not predict injury.,no,Athlete 28,Goalkeepers,a0028@example.edu
A0028,2026-08-06,660.0,2,full,371.4286,356.0714,1.0431,181.0,2750.0,17.0,-0.7188,ok,23.0,-0.9565,yes,,2026-08-04,37.3,1.0733,1.6333,No flag,Within measurement error,0.6572,-0.6572,2.0,ACWR describes how recent load compares with longer-term load. It does not predict injury.,no,Athlete 28,Goalkeepers,a0028@example.edu
A0028,2026-08-07,180.0,1,full,354.2857,356.0714,0.995,104.0,1892.0,17.0,-0.6786,ok,23.0,-0.913,yes,,2026-08-04,37.3,1.0733,1.6333,No flag,Within measurement error,0.6572,-0.6572,3.0,ACWR describes how recent load compares with longer-term load. It does not predict injury.,no,Athlete 28,Goalkeepers,a0028@example.edu
A0028,2026-08-08,0.0,0,full,354.2857,356.0714,0.995,0.0,0.0,18.0,0.0646,ok,23.0,0.087,yes,,2026-08-04,37.3,1.0733,1.6333,No flag,Within measurement error,0.6572,-0.6572,4.0,ACWR describes how recent load compares with longer-term load. It does not predict injury.,no,Athlete 28,Goalkeepers,a0028@example.edu
A0028,2026-08-09,0.0,0,full,354.2857,356.0714,0.995,0.0,0.0,,,no form,,,not expected,,2026-08-04,37.3,1.0733,1.6333,No flag,Within measurement error,0.6572,-0.6572,5.0,ACWR describes how recent load compares with longer-term load. It does not predict injury.,no,Athlete 28,Goalkeepers,a0028@example.edu
A0028,2026-08-10,700.0,2,full,374.2857,361.0714,1.0366,180.0,2736.0,17.0,-0.7817,ok,23.0,-1.0,yes,,2026-08-04,37.3,1.0733,1.6333,No flag,Within measurement error,0.6572,-0.6572,6.0,ACWR describes how recent load compares with longer-term load. It does not predict injury.,no,Athlete 28,Goalkeepers,a0028@example.edu
A0028,2026-08-11,360.0,1,full,335.7143,357.8571,0.9381,139.0,2803.0,18.0,0.0,ok,23.0,0.0,yes,,2026-08-11,36.4,0.1733,1.6333,No flag,Within measurement error,0.1061,-0.1061,0.0,ACWR describes how recent load compares with longer-term load. It does not predict injury.,no,Athlete 28,Goalkeepers,a0028@example.edu
A0028,2026-08-12,450.0,1,full,335.7143,361.0714,0.9298,148.0,2714.0,17.0,-0.7817,ok,23.0,-1.0,yes,,2026-08-11,36.4,0.1733,1.6333,No flag,Within measurement error,0.1061,-0.1061,1.0,ACWR describes how recent load compares with longer-term load. It does not predict injury.,no,Athlete 28,Goalkeepers,a0028@example.edu
A0028,2026-08-13,750.0,2,full,348.5714,366.4286,0.9513,145.0,2795.0,19.0,0.8051,ok,23.0,1.0435,yes,,2026-08-11,36.4,0.1733,1.6333,No flag,Within measurement error,0.1061,-0.1061,2.0,ACWR describes how recent load compares with longer-term load. It does not predict injury.,no,Athlete 28,Goalkeepers,a0028@example.edu
A0028,2026-08-14,300.0,1,full,365.7143,370.7143,0.9865,101.0,1948.0,19.0,0.738,ok,23.0,0.9565,yes,,2026-08-11,36.4,0.1733,1.6333,No flag,Within measurement error,0.1061,-0.1061,3.0,ACWR describes how recent load compares with longer-term load. It does not predict injury.,no,Athlete 28,Goalkeepers,a0028@example.edu
A0028,2026-08-15,0.0,0,full,365.7143,370.7143,0.9865,0.0,0.0,17.0,-0.8337,ok,23.0,-0.9565,yes,,2026-08-11,36.4,0.1733,1.6333,No flag,Within measurement error,0.1061,-0.1061,4.0,ACWR describes how recent load compares with longer-term load. It does not predict injury.,no,Athlete 28,Goalkeepers,a0028@example.edu
A0028,2026-08-16,0.0,0,full,365.7143,370.7143,0.9865,0.0,0.0,,,no form,,,not expected,,2026-08-11,36.4,0.1733,1.6333,No flag,Within measurement error,0.1061,-0.1061,5.0,ACWR describes how recent load compares with longer-term load. It does not predict injury.,no,Athlete 28,Goalkeepers,a0028@example.edu
A0028,2026-08-17,690.0,2,full,364.2857,370.3571,0.9836,175.0,2420.0,18.0,0.0379,ok,23.0,0.0435,yes,,2026-08-11,36.4,0.1733,1.6333,No flag,Within measurement error,0.1061,-0.1061,6.0,ACWR describes how recent load compares with longer-term load. It does not predict injury.,no,Athlete 28,Goalkeepers,a0028@example.edu
A0028,2026-08-18,630.0,1,full,402.8571,373.5714,1.0784,183.0,2815.0,20.0,2.0144,ok,23.0,2.1304,yes,,2026-08-18,37.3667,1.14,1.6333,No flag,Within measurement error,0.698,-0.698,0.0,ACWR describes how recent load compares with longer-term load. It does not predict injury.,no,Athlete 28,Goalkeepers,a0028@example.edu
A0028,2026-08-19,450.0,1,full,402.8571,367.1429,1.0973,146.0,2866.0,18.0,0.0379,ok,23.0,0.0435,yes,,2026-08-18,37.3667,1.14,1.6333,No flag,Within measurement error,0.698,-0.698,1.0,ACWR describes how recent load compares with longer-term load. It does not predict injury.,no,Athlete 28,Goalkeepers,a0028@example.edu
A0028,2026-08-20,550.0,2,full,374.2857,361.7857,1.0346,176.0,2642.0,17.0,-0.8119,ok,23.0,-0.913,yes,,2026-08-18,37.3667,1.14,1.6333,No flag,Within measurement error,0.698,-0.698,2.0,ACWR describes how recent load compares with longer-term load. It does not predict injury.,no,Athlete 28,Goalkeepers,a0028@example.edu
A0028,2026-08-21,180.0,1,full,357.1429,355.3571,1.005,89.0,1882.0,,,no form,,,no,,2026-08-18,37.3667,1.14,1.6333,No flag,Within measurement error,0.698,-0.698,3.0,ACWR describes how recent load compares with longer-term load. It does not predict injury.,no,Athlete 28,Goalkeepers,a0028@example.edu
A0028,2026-08-22,720.0,1,full,460.0,381.0714,1.2071,286.0,5393.0,20.0,1.8985,ok,22.0,2.1364,yes,,2026-08-18,37.3667,1.14,1.6333,No flag,Within measurement error,0.698,-0.698,4.0,ACWR describes how recent load compares with longer-term load. It does not predict injury.,no,Athlete 28,Goalkeepers,a0028@example.edu
A0028,2026-08-23,0.0,0,full,460.0,381.0714,1.2071,0.0,0.0,,,no form,,,not expected,,2026-08-18,37.3667,1.14,1.6333,No flag,Within measurement error,0.698,-0.698,5.0,ACWR describes how recent load compares with longer-term load. It does not predict injury.,no,Athlete 28,Goalkeepers,a0028@example.edu
A0028,2026-08-24,740.0,2,full,467.1429,386.0714,1.21,171.0,2815.0,17.0,-0.9228,ok,22.0,-1.0455,yes,,2026-08-18,37.3667,1.14,1.6333,No flag,Within measurement error,0.698,-0.698,6.0,ACWR describes how recent load compares with longer-term load. It does not predict injury.,no,Athlete 28,Goalkeepers,a0028@example.edu
A0028,2026-08-25,630.0,1,full,467.1429,389.2857,1.2,140.0,2412.0,17.0,-1.0243,ok,22.0,-1.0909,yes,,2026-08-25,36.6333,0.4067,1.6333,No flag,Within measurement error,0.249,-0.249,0.0,ACWR describes how recent load compares with longer-term load. It does not predict injury.,no,Athlete 28,Goalkeepers,a0028@example.edu
A0028,2026-08-26,450.0,1,full,467.1429,395.7143,1.1805,149.0,2435.0,19.0,0.8536,ok,22.0,0.9091,yes,,2026-08-25,36.6333,0.4067,1.6333,No flag,Within measurement error,0.249,-0.249,1.0,ACWR describes how recent load compares with longer-term load. It does not predict injury.,no,Athlete 28,Goalkeepers,a0028@example.edu
A0028,2026-08-27,790.0,2,full,501.4286,398.9286,1.2569,145.0,2374.0,,,no form,,,no,,2026-08-25,36.6333,0.4067,1.6333,No flag,Within measurement error,0.249,-0.249,2.0,ACWR describes how recent load compares with longer-term load. It does not predict injury.,no,Athlete 28,Goalkeepers,a0028@example.edu
A0028,2026-08-28,180.0,1,full,501.4286,394.6429,1.2706,109.0,1715.0,17.0,-0.9779,ok,21.0,-1.0476,yes,,2026-08-25,36.6333,0.4067,1.6333,No flag,Within measurement error,0.249,-0.249,3.0,ACWR describes how recent load compares with longer-term load. It does not predict injury.,no,Athlete 28,Goalkeepers,a0028@example.edu
A0028,2026-08-29,630.0,1,full,488.5714,417.1429,1.1712,355.0,4738.0,16.0,-1.9114,ok,21.0,-2.0476,yes,,2026-08-25,36.6333,0.4067,1.6333,No flag,Within measurement error,0.249,-0.249,4.0,ACWR describes how recent load compares with longer-term load. It does not predict injury.,no,Athlete 28,Goalkeepers,a0028@example.edu
A0028,2026-08-30,0.0,0,full,488.5714,417.1429,1.1712,0.0,0.0,,,no form,,,not expected,,2026-08-25,36.6333,0.4067,1.6333,No flag,Within measurement error,0.249,-0.249,5.0,ACWR describes how recent load compares with longer-term load. It does not predict injury.,no,Athlete 28,Goalkeepers,a0028@example.edu
A0028,2026-08-31,600.0,2,full,468.5714,418.5714,1.1195,198.0,2873.0,16.0,-1.6767,ok,21.0,-1.9048,yes,,2026-08-25,36.6333,0.4067,1.6333,No flag,Within measurement error,0.249,-0.249,6.0,ACWR describes how recent load compares with longer-term load. It does not predict injury.,no,Athlete 28,Goalkeepers,a0028@example.edu
A0028,2026-09-01,450.0,1,full,442.8571,412.1429,1.0745,138.0,2675.0,18.0,0.2019,ok,21.0,0.2381,yes,,2026-09-01,37.2,0.9733,1.6333,No flag,Within measurement error,0.5959,-0.5959,0.0,ACWR describes how recent load compares with longer-term load. It does not predict injury.,no,Athlete 28,Goalkeepers,a0028@example.edu
A0028,2026-09-02,360.0,1,full,430.0,408.9286,1.0515,159.0,2983.0,18.0,0.1973,ok,22.0,0.2273,yes,,2026-09-01,37.2,0.9733,1.6333,No flag,Within measurement error,0.5959,-0.5959,1.0,ACWR describes how recent load compares with longer-term load. It does not predict injury.,no,Athlete 28,Goalkeepers,a0028@example.edu
A0028,2026-09-03,650.0,2,full,410.0,408.5714,1.0035,129.0,2400.0,,,no form,,,no,,2026-09-01,37.2,0.9733,1.6333,No flag,Within measurement error,0.5959,-0.5959,2.0,ACWR describes how recent load compares with longer-term load. It does not predict injury.,no,Athlete 28,Goalkeepers,a0028@example.edu
A0028,2026-09-04,180.0,1,full,410.0,408.5714,1.0035,104.0,1762.0,18.0,0.2096,ok,21.0,0.2381,yes,,2026-09-01,37.2,0.9733,1.6333,No flag,Within measurement error,0.5959,-0.5959,3.0,ACWR describes how recent load compares with longer-term load. It does not predict injury.,no,Athlete 28,Goalkeepers,a0028@example.edu
A0028,2026-09-05,630.0,1,full,410.0,431.0714,0.9511,489.0,4673.0,18.0,0.1696,ok,21.0,0.1905,yes,,2026-09-01,37.2,0.9733,1.6333,No flag,Within measurement error,0.5959,-0.5959,4.0,ACWR describes how recent load compares with longer-term load. It does not predict injury.,no,Athlete 28,Goalkeepers,a0028@example.edu
A0028,2026-09-06,0.0,0,full,410.0,431.0714,0.9511,0.0,0.0,,,no form,,,not expected,,2026-09-01,37.2,0.9733,1.6333,No flag,Within measurement error,0.5959,-0.5959,5.0,ACWR describes how recent load compares with longer-term load. It does not predict injury.,yes,Athlete 28,Goalkeepers,a0028@example.edu
A0028,2026-09-07,600.0,2,full,410.0,427.5,0.9591,162.0,2911.0,15.0,-2.501,ok,21.0,-2.8095,yes,review,2026-09-01,37.2,0.9733,1.6333,No flag,Within measurement error,0.5959,-0.5959,6.0,ACWR describes how recent load compares with longer-term load. It does not predict injury.,yes,Athlete 28,Goalkeepers,a0028@example.edu
A0028,2026-09-08,540.0,1,full,422.8571,433.9286,0.9745,187.0,2747.0,19.0,1.0119,ok,21.0,1.2857,yes,,2026-09-08,37.0,0.7733,1.6333,No flag,Within measurement error,0.4735,-0.4735,0.0,ACWR describes how recent load compares with longer-term load. It does not predict injury.,yes,Athlete 28,Goalkeepers,a0028@example.edu
A0028,2026-09-09,450.0,1,full,435.7143,433.9286,1.0041,210.0,2463.0,19.0,0.9522,ok,21.0,1.2381,yes,,2026-09-08,37.0,0.7733,1.6333,No flag,Within measurement error,0.4735,-0.4735,1.0,ACWR describes how recent load compares with longer-term load. It does not predict injury.,yes,Athlete 28,Goalkeepers,a0028@example.edu
A0028,2026-09-10,610.0,2,full,430.0,428.9286,1.0025,123.0,2619.0,16.0,-1.4125,ok,21.0,-1.8571,yes,,2026-09-08,37.0,0.7733,1.6333,No flag,Within measurement error,0.4735,-0.4735,2.0,ACWR describes how recent load compares with longer-term load. It does not predict injury.,yes,Athlete 28,Goalkeepers,a0028@example.edu
A0028,2026-09-11,240.0,1,full,438.5714,426.7857,1.0276,100.0,1844.0,17.0,-0.5303,ok,21.0,-0.7143,yes,,2026-09-08,37.0,0.7733,1.6333,No flag,Within measurement error,0.4735,-0.4735,3.0,ACWR describes how recent load compares with longer-term load. It does not predict injury.,yes,Athlete 28,Goalkeepers,a0028@example.edu
A0028,2026-09-12,810.0,1,full,464.2857,455.7143,1.0188,399.0,4293.0,17.0,-0.4683,ok,21.0,-0.619,yes,,2026-09-08,37.0,0.7733,1.6333,No flag,Within measurement error,0.4735,-0.4735,4.0,ACWR describes how recent load compares with longer-term load. It does not predict injury.,yes,Athlete 28,Goalkeepers,a0028@example.edu
A0028,2026-09-13,0.0,0,full,464.2857,455.7143,1.0188,0.0,0.0,,,no form,,,not expected,,2026-09-08,37.0,0.7733,1.6333,No flag,Within measurement error,0.4735,-0.4735,5.0,ACWR describes how recent load compares with longer-term load. It does not predict injury.,yes,Athlete 28,Goalkeepers,a0028@example.edu
A0028,2026-09-14,650.0,2,full,471.4286,454.2857,1.0377,154.0,2709.0,14.0,-2.7376,ok,21.0,-3.619,yes,review,2026-09-08,37.0,0.7733,1.6333,No flag,Within measurement error,0.4735,-0.4735,6.0,ACWR describes how recent load compares with longer-term load. It does not predict injury.,yes,Athlete 28,Goalkeepers,a0028@example.edu
A0028,2026-09-15,450.0,1,full,458.5714,447.8571,1.0239,142.0,2218.0,18.0,0.3722,ok,21.0,0.5714,yes,,2026-09-15,36.0,-0.2267,1.6333,No flag,Within measurement error,-0.1388,0.1388,0.0,ACWR describes how recent load compares with longer-term load. It does not predict injury.,yes,Athlete 28,Goalkeepers,a0028@example.edu
A0028,2026-09-16,450.0,1,full,458.5714,447.8571,1.0239,164.0,2555.0,16.0,-0.935,ok,21.0,-1.3333,yes,,2026-09-15,36.0,-0.2267,1.6333,No flag,Within measurement error,-0.1388,0.1388,1.0,ACWR describes how recent load compares with longer-term load. It does not predict injury.,yes,Athlete 28,Goalkeepers,a0028@example.edu
A0028,2026-09-17,700.0,2,full,471.4286,453.2143,1.0402,175.0,2814.0,17.0,-0.1647,ok,21.0,-0.2381,yes,,2026-09-15,36.0,-0.2267,1.6333,No flag,Within measurement error,-0.1388,0.1388,2.0,ACWR describes how recent load compares with longer-term load. It does not predict injury.,yes,Athlete 28,Goalkeepers,a0028@example.edu
A0028,2026-09-18,240.0,1,full,471.4286,455.3571,1.0353,95.0,1620.0,19.0,1.2186,ok,21.0,1.7619,yes,,2026-09-15,36.0,-0.2267,1.6333,No flag,Within measurement error,-0.1388,0.1388,3.0,ACWR describes how recent load compares with longer-term load. It does not predict injury.,yes,Athlete 28,Goalkeepers,a0028@example.edu
A0028,2026-09-19,720.0,1,full,458.5714,455.3571,1.0071,320.0,4436.0,19.0,1.1518,ok,22.0,1.6818,yes,,2026-09-15,36.0,-0.2267,1.6333,No flag,Within measurement error,-0.1388,0.1388,4.0,ACWR describes how recent load compares with longer-term load. It does not predict injury.,yes,Athlete 28,Goalkeepers,a0028@example.edu
A0028,2026-09-20,0.0,0,full,458.5714,455.3571,1.0071,0.0,0.0,,,no form,,,not expected,,2026-09-15,36.0,-0.2267,1.6333,No flag,Within measurement error,-0.1388,0.1388,5.0,ACWR describes how recent load compares with longer-term load. It does not predict injury.,yes,Athlete 28,Goalkeepers,a0028@example.edu
A0028,2026-09-21,610.0,2,full,452.8571,450.7143,1.0048,154.0,2485.0,,,no form,,,no,,2026-09-15,36.0,-0.2267,1.6333,No flag,Within measurement error,-0.1388,0.1388,6.0,ACWR describes how recent load compares with longer-term load. It does not predict injury.,yes,Athlete 28,Goalkeepers,a0028@example.edu
A0028,2026-09-22,720.0,1,full,491.4286,453.9286,1.0826,139.0,2354.0,15.0,-1.6105,ok,21.0,-2.2857,yes,,2026-09-22,37.0333,0.8067,1.6333,No flag,Within measurement error,0.4939,-0.4939,0.0,ACWR describes how recent load compares with longer-term load. It does not predict injury.,yes,Athlete 28,Goalkeepers,a0028@example.edu
A0028,2026-09-23,450.0,1,full,491.4286,453.9286,1.0826,210.0,2556.0,20.0,1.8681,ok,21.0,2.8095,yes,,2026-09-22,37.0333,0.8067,1.6333,No flag,Within measurement error,0.4939,-0.4939,1.0,ACWR describes how recent load compares with longer-term load. It does not predict injury.,yes,Athlete 28,Goalkeepers,a0028@example.edu
A0028,2026-09-24,650.0,2,full,484.2857,448.9286,1.0788,129.0,2581.0,19.0,1.1165,ok,21.0,1.7619,yes,,2026-09-22,37.0333,0.8067,1.6333,No flag,Within measurement error,0.4939,-0.4939,2.0,ACWR describes how recent load compares with longer-term load. It does not predict injury.,yes,Athlete 28,Goalkeepers,a0028@example.edu
A0028,2026-09-25,240.0,1,full,484.2857,451.0714,1.0736,109.0,1606.0,14.0,-2.0932,ok,22.0,-3.3182,yes,review,2026-09-22,37.0333,0.8067,1.6333,No flag,Within measurement error,0.4939,-0.4939,3.0,ACWR describes how recent load compares with longer-term load. It does not predict injury.,yes,Athlete 28,Goalkeepers,a0028@example.edu
A0028,2026-09-26,630.0,1,full,471.4286,451.0714,1.0451,452.0,4495.0,18.0,0.4714,ok,22.0,0.8182,yes,,2026-09-22,37.0333,0.8067,1.6333,No flag,Within measurement error,0.4939,-0.4939,4.0,ACWR describes how recent load compares with longer-term load. It does not predict injury.,yes,Athlete 28,Goalkeepers,a0028@example.edu
A0028,2026-09-27,0.0,0,full,471.4286,451.0714,1.0451,0.0,0.0,,,no form,,,not expected,,2026-09-22,37.0333,0.8067,1.6333,No flag,Within measurement error,0.4939,-0.4939,5.0,ACWR describes how recent load compares with longer-term load. It does not predict injury.,yes,Athlete 28,Goalkeepers,a0028@example.edu
A0028,2026-09-28,700.0,2,full,484.2857,454.6429,1.0652,177.0,2720.0,15.0,-1.3188,ok,22.0,-2.2727,yes,,2026-09-22,37.0333,0.8067,1.6333,No flag,Within measurement error,0.4939,-0.4939,6.0,ACWR describes how recent load compares with longer-term load. It does not predict injury.,yes,Athlete 28,Goalkeepers,a0028@example.edu
A0028,2026-09-29,540.0,1,full,458.5714,457.8571,1.0016,150.0,2571.0,16.0,-0.693,ok,22.0,-1.2273,yes,,2026-09-29,35.0333,-1.1933,1.6333,No flag,Within measurement error,-0.7306,0.7306,0.0,ACWR describes how recent load compares with longer-term load. It does not predict injury.,yes,Athlete 28,Goalkeepers,a0028@example.edu
A0028,2026-09-30,450.0,1,full,458.5714,461.0714,0.9946,137.0,2642.0,17.0,-0.0766,ok,22.0,-0.1364,yes,,2026-09-29,35.0333,-1.1933,1.6333,No flag,Within measurement error,-0.7306,0.7306,1.0,ACWR describes how recent load compares with longer-term load. It does not predict injury.,yes,Athlete 28,Goalkeepers,a0028@example.edu
A0028,2026-10-01,700.0,2,full,465.7143,462.8571,1.0062,158.0,2634.0,,,no form,,,no,,2026-09-29,35.0333,-1.1933,1.6333,No flag,Within measurement error,-0.7306,0.7306,2.0,ACWR describes how recent load compares with longer-term load. It does not predict injury.,yes,Athlete 28,Goalkeepers,a0028@example.edu
A0028,2026-10-02,300.0,1,full,474.2857,467.1429,1.0153,102.0,1783.0,18.0,0.5135,ok,22.0,0.9091,yes,,2026-09-29,35.0333,-1.1933,1.6333,No flag,Within measurement error,-0.7306,0.7306,3.0,ACWR describes how recent load compares with longer-term load. It does not predict injury.,yes,Athlete 28,Goalkeepers,a0028@example.edu
A0028,2026-10-03,630.0,1,full,474.2857,467.1429,1.0153,494.0,4680.0,,,no form,,,no,,2026-09-29,35.0333,-1.1933,1.6333,No flag,Within measurement error,-0.7306,0.7306,4.0,ACWR describes how recent load compares with longer-term load. It does not predict injury.,yes,Athlete 28,Goalkeepers,a0028@example.edu
